modlist_label,mo2_instance,profile,mod_name,mod_priority,plugin_file,plugin_path,form_id,editor_id,full_name,full_name_source,armor_category,bod_template_type,keyword_category,armor_rating,value,weight,biped_slots,biped_slot_numbers,keyword_edids,keyword_form_ids,material_keywords,armor_slot_keywords,vendor_keywords,enchantment_form_id,template_form_id,male_world_model,female_world_model
DoD,D:\Wabbajack\modlists\DoD,Diaries of Dibella - Lord's Vision,DOD - ParallaxGen Output (Lord's Vision),27,PG_1.esp,D:\Wabbajack\modlists\DoD\mods\DOD - ParallaxGen Output (Lord's Vision)\PG_1.esp,0xAD3AD228,0_FloatingSwordMorihausArmor,Armor of Morihaus,plugin,Heavy,Heavy,Heavy,0.0,7500,38.0,Body,32,ArmorHeavy; ArmorMaterialDaedric; ArmorCuirass; VendorItemArmor; VendorItemDaedricArtifact; DaedricArtifact; MagicDisallowEnchanting,0x0006BBD2; 0x0006BBD4; 0x0006C0EC; 0x0008F959; 0x000917E8; 0x000A8668; 0x000C27BD,ArmorMaterialDaedric,ArmorCuirass,VendorItemArmor; VendorItemDaedricArtifact,0xAD3AD22A,,_pgpatcher_dups\1\armor\ebony\m\cuirassgnd.nif,Armor\Ebony\M\CuirassGND.nif
DoD,D:\Wabbajack\modlists\DoD,Diaries of Dibella - Lord's Vision,DOD - xEdit Output,30,DOD - Armour WAAT Patch 3.esp,D:\Wabbajack\modlists\DoD\mods\DOD - xEdit Output\DOD - Armour WAAT Patch 3.esp,0x09000801,_AradiaLivingArmourMJE,Aradia Living Armour Mucus ( Jellyfish ),plugin,Light,Light,Light,0.0,1500,5.0,Body,32,ArmorMaterialDaedric; VendorItemArmor; ArmorCuirass; ArmorLight,0x0006BBD4; 0x0008F959; 0x0006C0EC; 0x0006BBD3,ArmorMaterialDaedric,ArmorCuirass,VendorItemArmor,,,Aradia Living Armor JE\BodyWorld.nif,Aradia Living Armor JE\BodyWorld.nif
DoD,D:\Wabbajack\modlists\DoD,Diaries of Dibella - Lord's Vision,DOD - xEdit Output,30,DOD - Armour WAAT Patch 3.esp,D:\Wabbajack\modlists\DoD\mods\DOD - xEdit Output\DOD - Armour WAAT Patch 3.esp,0x09000D63,_AradiaLivingArmourJE,Aradia Living Armour ( Jellyfish ),plugin,Light,Light,Light,0.0,1500,5.0,Body,32,ArmorMaterialDaedric; ArmorCuirass; VendorItemArmor; ArmorLight,0x0006BBD4; 0x0006C0EC; 0x0008F959; 0x0006BBD3,ArmorMaterialDaedric,ArmorCuirass,VendorItemArmor,,,Aradia Living Armor JE\BodyWorld.nif,Aradia Living Armor JE\BodyWorld.nif
DoD,D:\Wabbajack\modlists\DoD,Diaries of Dibella - Lord's Vision,DOD - xEdit Output,30,DOD - Armour WAAT Patch 3.esp,D:\Wabbajack\modlists\DoD\mods\DOD - xEdit Output\DOD - Armour WAAT Patch 3.esp,0x0D000D64,00_SuccubusGloves,Succubus Gloves,plugin,Light,Light,Light,0.0,625,6.0,Hands,33,ArmorGauntlets; VendorItemArmor; PerkFistsDaedric; ArmorLight; DLC2ArmorMaterialStalhrimLight,0x0006C0EF; 0x0008F959; 0x0002C17B; 0x0006BBD3; 0x02024107,DLC2ArmorMaterialStalhrimLight,ArmorGauntlets,VendorItemArmor,,,SuccubusGND\SuccubusGND.nif,SuccubusGND\SuccubusGND.nif
DoD,D:\Wabbajack\modlists\DoD,Diaries of Dibella - Lord's Vision,DOD - xEdit Output,30,DOD - Armour WAAT Patch 3.esp,D:\Wabbajack\modlists\DoD\mods\DOD - xEdit Output\DOD - Armour WAAT Patch 3.esp,0x0D000D65,00_SuccubusHorns,Succubus Horns,plugin,Light,Light,Light,0.0,625,6.0,Circlet,42,VendorItemArmor; DLC2ArmorMaterialStalhrimLight; PerkFistsDaedric; ArmorLight,0x0008F959; 0x02024107; 0x0002C17B; 0x0006BBD3,DLC2ArmorMaterialStalhrimLight,,VendorItemArmor,,,SuccubusGND\SuccubusGND.nif,SuccubusGND\SuccubusGND.nif
DoD,D:\Wabbajack\modlists\DoD,Diaries of Dibella - Lord's Vision,DOD - xEdit Output,30,DOD - Armour WAAT Patch 3.esp,D:\Wabbajack\modlists\DoD\mods\DOD - xEdit Output\DOD - Armour WAAT Patch 3.esp,0x0D000D66,00_SuccubusTail,Succubus Tail,plugin,Light,Light,Light,0.0,300,6.0,Tail,40,VendorItemArmor; DLC2ArmorMaterialStalhrimLight; PerkFistsDaedric; ArmorLight,0x0008F959; 0x02024107; 0x0002C17B; 0x0006BBD3,DLC2ArmorMaterialStalhrimLight,,VendorItemArmor,,,SuccubusGND\SuccubusGND.nif,SuccubusGND\SuccubusGND.nif
DoD,D:\Wabbajack\modlists\DoD,Diaries of Dibella - Lord's Vision,DOD - xEdit Output,30,DOD - Armour WAAT Patch 3.esp,D:\Wabbajack\modlists\DoD\mods\DOD - xEdit Output\DOD - Armour WAAT Patch 3.esp,0x0D000D67,00_SuccubusTopLace,Succubus Top Lace,plugin,Light,Light,Light,0.0,300,6.0,Custom Slot (49),49,PerkFistsDaedric; VendorItemArmor; DLC2ArmorMaterialStalhrimLight; ArmorLight,0x0002C17B; 0x0008F959; 0x02024107; 0x0006BBD3,DLC2ArmorMaterialStalhrimLight,,VendorItemArmor,,,SuccubusGND\SuccubusGND.nif,SuccubusGND\SuccubusGND.nif
DoD,D:\Wabbajack\modlists\DoD,Diaries of Dibella - Lord's Vision,DOD - xEdit Output,30,DOD - Armour WAAT Patch 3.esp,D:\Wabbajack\modlists\DoD\mods\DOD - xEdit Output\DOD - Armour WAAT Patch 3.esp,0x1D000877,COCOMage_necklace1,[COCO] Mage Necklace I,plugin,Clothing,Clothing,Clothing,0.0,400,1.0,Amulet,35,ArmorMaterialDaedric; ArmorClothing; VendorItemClothing,0x0006BBD4; 0x0006BBE8; 0x0008F95B,ArmorMaterialDaedric,,VendorItemClothing,,,Coco_Cloths\Mysterious Mage\gnd\necklace.nif,Coco_Cloths\Mysterious Mage\gnd\necklace.nif
DoD,D:\Wabbajack\modlists\DoD,Diaries of Dibella - Lord's Vision,DOD - xEdit Output,30,DOD - Armour WAAT Patch 3.esp,D:\Wabbajack\modlists\DoD\mods\DOD - xEdit Output\DOD - Armour WAAT Patch 3.esp,0x1D000879,COCOMage_topoutshometal1,[COCO] Mage Pauldrons I,plugin,Clothing,Clothing,Clothing,0.0,1500,1.0,Custom Slot (59),59,ArmorClothing; VendorItemClothing; ClothingBody; ArmorMaterialDaedric,0x0006BBE8; 0x0008F95B; 0x000A8657; 0x0006BBD4,ArmorMaterialDaedric,ClothingBody,VendorItemClothing,,,Coco_Cloths\Mysterious Mage\gnd\topoutshometal.nif,Coco_Cloths\Mysterious Mage\gnd\topoutshometal.nif
DoD,D:\Wabbajack\modlists\DoD,Diaries of Dibella - Lord's Vision,DOD - xEdit Output,30,DOD - Armour WAAT Patch 3.esp,D:\Wabbajack\modlists\DoD\mods\DOD - xEdit Output\DOD - Armour WAAT Patch 3.esp,0x1D00087B,COCOMage_TopoutSmpT1,[COCO] Mage Outerwear I Alt (SMP),plugin,Clothing,Clothing,Clothing,0.0,400,1.0,Custom Slot (46),46,ArmorClothing; VendorItemClothing; ClothingBody; ArmorMaterialDaedric,0x0006BBE8; 0x0008F95B; 0x000A8657; 0x0006BBD4,ArmorMaterialDaedric,ClothingBody,VendorItemClothing,,,Coco_Cloths\Mysterious Mage\gnd\topout.nif,Coco_Cloths\Mysterious Mage\gnd\topout.nif
DoD,D:\Wabbajack\modlists\DoD,Diaries of Dibella - Lord's Vision,DOD - xEdit Output,30,DOD - Armour WAAT Patch 3.esp,D:\Wabbajack\modlists\DoD\mods\DOD - xEdit Output\DOD - Armour WAAT Patch 3.esp,0x1D00087D,COCOMage_topoutmetal1,[COCO] Mage Outerwear Metal I,plugin,Clothing,Clothing,Clothing,0.0,1500,1.0,Custom Slot (52),52,ArmorClothing; VendorItemClothing; ClothingBody; ArmorMaterialDaedric,0x0006BBE8; 0x0008F95B; 0x000A8657; 0x0006BBD4,ArmorMaterialDaedric,ClothingBody,VendorItemClothing,,,Coco_Cloths\Mysterious Mage\gnd\topoutmetal.nif,Coco_Cloths\Mysterious Mage\gnd\topoutmetal.nif
DoD,D:\Wabbajack\modlists\DoD,Diaries of Dibella - Lord's Vision,DOD - xEdit Output,30,DOD - Armour WAAT Patch 3.esp,D:\Wabbajack\modlists\DoD\mods\DOD - xEdit Output\DOD - Armour WAAT Patch 3.esp,0x1D00087F,COCOMage_pantysexsmp1,[COCO] Mage Leggings I (SMP),plugin,Clothing,Clothing,Clothing,0.0,400,1.0,Custom Slot (56),56,ArmorClothing; VendorItemClothing; ClothingBody; ArmorMaterialDaedric,0x0006BBE8; 0x0008F95B; 0x000A8657; 0x0006BBD4,ArmorMaterialDaedric,ClothingBody,VendorItemClothing,,,Coco_Cloths\Mysterious Mage\gnd\pantysex.nif,Coco_Cloths\Mysterious Mage\gnd\pantysex.nif
DoD,D:\Wabbajack\modlists\DoD,Diaries of Dibella - Lord's Vision,DOD - xEdit Output,30,DOD - Armour WAAT Patch 3.esp,D:\Wabbajack\modlists\DoD\mods\DOD - xEdit Output\DOD - Armour WAAT Patch 3.esp,0x1D000881,COCOMage_bra1,[COCO] Mage Bra I,plugin,Clothing,Clothing,Clothing,0.0,400,1.0,Custom Slot (53),53,ArmorClothing; VendorItemClothing; ClothingBody; ArmorMaterialDaedric,0x0006BBE8; 0x0008F95B; 0x000A8657; 0x0006BBD4,ArmorMaterialDaedric,ClothingBody,VendorItemClothing,,,Coco_Cloths\Mysterious Mage\gnd\bra.nif,Coco_Cloths\Mysterious Mage\gnd\bra.nif
DoD,D:\Wabbajack\modlists\DoD,Diaries of Dibella - Lord's Vision,DOD - xEdit Output,30,DOD - Armour WAAT Patch 3.esp,D:\Wabbajack\modlists\DoD\mods\DOD - xEdit Output\DOD - Armour WAAT Patch 3.esp,0x1D000883,COCOMage_topinT1,[COCO] Mage Corset Alt I,plugin,Clothing,Clothing,Clothing,0.0,400,1.0,Body,32,ArmorClothing; VendorItemClothing; ClothingBody; ArmorMaterialDaedric,0x0006BBE8; 0x0008F95B; 0x000A8657; 0x0006BBD4,ArmorMaterialDaedric,ClothingBody,VendorItemClothing,,,Coco_Cloths\Mysterious Mage\gnd\topin.nif,Coco_Cloths\Mysterious Mage\gnd\topin.nif
DoD,D:\Wabbajack\modlists\DoD,Diaries of Dibella - Lord's Vision,DOD - xEdit Output,30,DOD - Armour WAAT Patch 3.esp,D:\Wabbajack\modlists\DoD\mods\DOD - xEdit Output\DOD - Armour WAAT Patch 3.esp,0x1D000885,COCOMage_topin1,[COCO] Mage Corset I,plugin,Clothing,Clothing,Clothing,0.0,1500,1.0,Body,32,ArmorClothing; VendorItemClothing; ClothingBody; ArmorMaterialDaedric,0x0006BBE8; 0x0008F95B; 0x000A8657; 0x0006BBD4,ArmorMaterialDaedric,ClothingBody,VendorItemClothing,,,Coco_Cloths\Mysterious Mage\gnd\topin.nif,Coco_Cloths\Mysterious Mage\gnd\topin.nif
DoD,D:\Wabbajack\modlists\DoD,Diaries of Dibella - Lord's Vision,DOD - xEdit Output,30,DOD - Armour WAAT Patch 3.esp,D:\Wabbajack\modlists\DoD\mods\DOD - xEdit Output\DOD - Armour WAAT Patch 3.esp,0x1D000887,COCOMage_panty1T1,[COCO] Mage Leggings I Alt,plugin,Clothing,Clothing,Clothing,0.0,400,1.0,Custom Slot (56),56,ArmorClothing; VendorItemClothing; ClothingBody; ArmorMaterialDaedric,0x0006BBE8; 0x0008F95B; 0x000A8657; 0x0006BBD4,ArmorMaterialDaedric,ClothingBody,VendorItemClothing,,,Coco_Cloths\Mysterious Mage\gnd\panty.nif,Coco_Cloths\Mysterious Mage\gnd\panty.nif
DoD,D:\Wabbajack\modlists\DoD,Diaries of Dibella - Lord's Vision,DOD - xEdit Output,30,DOD - Armour WAAT Patch 3.esp,D:\Wabbajack\modlists\DoD\mods\DOD - xEdit Output\DOD - Armour WAAT Patch 3.esp,0x1D00088A,COCOMage_heels1,[COCO] Mage Heels I,plugin,Clothing,Clothing,Clothing,0.0,400,1.0,Feet,37,ArmorClothing; VendorItemClothing; ClothingFeet; ArmorMaterialDaedric,0x0006BBE8; 0x0008F95B; 0x0010CD12; 0x0006BBD4,ArmorMaterialDaedric,ClothingFeet,VendorItemClothing,,,Coco_Cloths\Mysterious Mage\gnd\heels.nif,Coco_Cloths\Mysterious Mage\gnd\heels.nif
DoD,D:\Wabbajack\modlists\DoD,Diaries of Dibella - Lord's Vision,DOD - xEdit Output,30,DOD - Armour WAAT Patch 3.esp,D:\Wabbajack\modlists\DoD\mods\DOD - xEdit Output\DOD - Armour WAAT Patch 3.esp,0x1D00088B,COCOMage_TopoutSmp1,[COCO] Mage Outerwear I (SMP),plugin,Clothing,Clothing,Clothing,0.0,400,1.0,Custom Slot (46),46,ArmorClothing; VendorItemClothing; ClothingBody; ArmorMaterialDaedric,0x0006BBE8; 0x0008F95B; 0x000A8657; 0x0006BBD4,ArmorMaterialDaedric,ClothingBody,VendorItemClothing,,,Coco_Cloths\Mysterious Mage\gnd\topout.nif,Coco_Cloths\Mysterious Mage\gnd\topout.nif
DoD,D:\Wabbajack\modlists\DoD,Diaries of Dibella - Lord's Vision,DOD - xEdit Output,30,DOD - Armour WAAT Patch 3.esp,D:\Wabbajack\modlists\DoD\mods\DOD - xEdit Output\DOD - Armour WAAT Patch 3.esp,0x1D00088D,COCOMage_pantylaceT1,[COCO] Mage Leggings Lace Alt I,plugin,Clothing,Clothing,Clothing,0.0,400,1.0,Custom Slot (49),49,ArmorClothing; VendorItemClothing; ClothingBody; ArmorMaterialDaedric,0x0006BBE8; 0x0008F95B; 0x000A8657; 0x0006BBD4,ArmorMaterialDaedric,ClothingBody,VendorItemClothing,,,Coco_Cloths\Mysterious Mage\gnd\pantylace.nif,Coco_Cloths\Mysterious Mage\gnd\pantylace.nif
DoD,D:\Wabbajack\modlists\DoD,Diaries of Dibella - Lord's Vision,DOD - xEdit Output,30,DOD - Armour WAAT Patch 3.esp,D:\Wabbajack\modlists\DoD\mods\DOD - xEdit Output\DOD - Armour WAAT Patch 3.esp,0x1D00088F,COCOMage_pantylace1,[COCO] Mage Leggings Lace I,plugin,Clothing,Clothing,Clothing,0.0,1500,1.0,Custom Slot (49),49,ArmorClothing; VendorItemClothing; ClothingBody; ArmorMaterialDaedric,0x0006BBE8; 0x0008F95B; 0x000A8657; 0x0006BBD4,ArmorMaterialDaedric,ClothingBody,VendorItemClothing,,,Coco_Cloths\Mysterious Mage\gnd\pantylace.nif,Coco_Cloths\Mysterious Mage\gnd\pantylace.nif
DoD,D:\Wabbajack\modlists\DoD,Diaries of Dibella - Lord's Vision,DOD - xEdit Output,30,DOD - Armour WAAT Patch 3.esp,D:\Wabbajack\modlists\DoD\mods\DOD - xEdit Output\DOD - Armour WAAT Patch 3.esp,0x1D00089F,COCOMage_glove1,[COCO] Mage Glove I,plugin,Clothing,Clothing,Clothing,0.0,400,1.0,Hands,33,ArmorClothing; VendorItemClothing; ClothingHands; ArmorMaterialDaedric,0x0006BBE8; 0x0008F95B; 0x0010CD13; 0x0006BBD4,ArmorMaterialDaedric,ClothingHands,VendorItemClothing,,,Coco_Cloths\Mysterious Mage\gnd\glove.nif,Coco_Cloths\Mysterious Mage\gnd\glove.nif
DoD,D:\Wabbajack\modlists\DoD,Diaries of Dibella - Lord's Vision,DOD - xEdit Output,30,DOD - Armour WAAT Patch 3.esp,D:\Wabbajack\modlists\DoD\mods\DOD - xEdit Output\DOD - Armour WAAT Patch 3.esp,0x1D0008A1,COCOMage_panty1,[COCO] Mage Leggings I,plugin,Clothing,Clothing,Clothing,0.0,400,1.0,Custom Slot (56),56,ArmorClothing; VendorItemClothing; ClothingBody; ArmorMaterialDaedric,0x0006BBE8; 0x0008F95B; 0x000A8657; 0x0006BBD4,ArmorMaterialDaedric,ClothingBody,VendorItemClothing,,,Coco_Cloths\Mysterious Mage\gnd\panty.nif,Coco_Cloths\Mysterious Mage\gnd\panty.nif
DoD,D:\Wabbajack\modlists\DoD,Diaries of Dibella - Lord's Vision,DOD - xEdit Output,30,DOD - Armour WAAT Patch 3.esp,D:\Wabbajack\modlists\DoD\mods\DOD - xEdit Output\DOD - Armour WAAT Patch 3.esp,0x1D0008B2,COCOMage_boots1,[COCO] Mage Boots I,plugin,Clothing,Clothing,Clothing,0.0,400,1.0,Feet,37,ArmorClothing; VendorItemClothing; ClothingFeet; ArmorMaterialDaedric,0x0006BBE8; 0x0008F95B; 0x0010CD12; 0x0006BBD4,ArmorMaterialDaedric,ClothingFeet,VendorItemClothing,,,Coco_Cloths\Mysterious Mage\gnd\boots.nif,Coco_Cloths\Mysterious Mage\gnd\boots.nif
DoD,D:\Wabbajack\modlists\DoD,Diaries of Dibella - Lord's Vision,DOD - xEdit Output,30,DOD - Armour WAAT Patch 3.esp,D:\Wabbajack\modlists\DoD\mods\DOD - xEdit Output\DOD - Armour WAAT Patch 3.esp,0x1D0008B3,COCOMage_hairsmp1,[COCO] Mage Hair I (SMP),plugin,Clothing,Clothing,Clothing,0.0,400,1.0,Hair,31,ArmorClothing; VendorItemClothing; ClothingHead; ArmorMaterialDaedric,0x0006BBE8; 0x0008F95B; 0x0010CD11; 0x0006BBD4,ArmorMaterialDaedric,ClothingHead,VendorItemClothing,,,Coco_Cloths\Mysterious Mage\gnd\hair.nif,Coco_Cloths\Mysterious Mage\gnd\hair.nif
DoD,D:\Wabbajack\modlists\DoD,Diaries of Dibella - Lord's Vision,DOD - xEdit Output,30,DOD - Armour WAAT Patch 3.esp,D:\Wabbajack\modlists\DoD\mods\DOD - xEdit Output\DOD - Armour WAAT Patch 3.esp,0x1D0008B4,COCOMage_kneelet1,[COCO] Mage Kneelet I,plugin,Clothing,Clothing,Clothing,0.0,400,1.0,Custom Slot (48),48,ArmorClothing; VendorItemClothing; ClothingBody; ArmorMaterialDaedric,0x0006BBE8; 0x0008F95B; 0x000A8657; 0x0006BBD4,ArmorMaterialDaedric,ClothingBody,VendorItemClothing,,,Coco_Cloths\Mysterious Mage\gnd\kneelet.nif,Coco_Cloths\Mysterious Mage\gnd\kneelet.nif
DoD,D:\Wabbajack\modlists\DoD,Diaries of Dibella - Lord's Vision,DOD - xEdit Output,30,DOD - Armour WAAT Patch 3.esp,D:\Wabbajack\modlists\DoD\mods\DOD - xEdit Output\DOD - Armour WAAT Patch 3.esp,0x1D0008B7,COCOMage_crown1,[COCO] Mage Headwear I,plugin,Clothing,Clothing,Clothing,0.0,400,1.0,Circlet,42,ArmorClothing; VendorItemClothing; ClothingHead; ArmorMaterialDaedric,0x0006BBE8; 0x0008F95B; 0x0010CD11; 0x0006BBD4,ArmorMaterialDaedric,ClothingHead,VendorItemClothing,,,Coco_Cloths\Mysterious Mage\gnd\crown.nif,Coco_Cloths\Mysterious Mage\gnd\crown.nif
DoD,D:\Wabbajack\modlists\DoD,Diaries of Dibella - Lord's Vision,DOD - xEdit Output,30,DOD - Armour WAAT Patch 3.esp,D:\Wabbajack\modlists\DoD\mods\DOD - xEdit Output\DOD - Armour WAAT Patch 3.esp,0x1D0008B8,COCOMage_gloveT1,[COCO] Mage Glove Alt I,plugin,Clothing,Clothing,Clothing,0.0,400,1.0,Hands,33,ArmorClothing; VendorItemClothing; ClothingHands; ArmorMaterialDaedric,0x0006BBE8; 0x0008F95B; 0x0010CD13; 0x0006BBD4,ArmorMaterialDaedric,ClothingHands,VendorItemClothing,,,Coco_Cloths\Mysterious Mage\gnd\glove.nif,Coco_Cloths\Mysterious Mage\gnd\glove.nif
DoD,D:\Wabbajack\modlists\DoD,Diaries of Dibella - Lord's Vision,DOD - xEdit Output,30,DOD - Armour WAAT Patch 3.esp,D:\Wabbajack\modlists\DoD\mods\DOD - xEdit Output\DOD - Armour WAAT Patch 3.esp,0x1D0008BA,COCOMage_panty1T3,[COCO] Mage Leggings III Alt,plugin,Clothing,Clothing,Clothing,0.0,1500,1.0,Custom Slot (56),56,ArmorClothing; VendorItemClothing; ClothingBody; ArmorMaterialDaedric,0x0006BBE8; 0x0008F95B; 0x000A8657; 0x0006BBD4,ArmorMaterialDaedric,ClothingBody,VendorItemClothing,,,Coco_Cloths\Mysterious Mage\gnd\panty.nif,Coco_Cloths\Mysterious Mage\gnd\panty.nif
DoD,D:\Wabbajack\modlists\DoD,Diaries of Dibella - Lord's Vision,DOD - xEdit Output,30,DOD - Armour WAAT Patch 3.esp,D:\Wabbajack\modlists\DoD\mods\DOD - xEdit Output\DOD - Armour WAAT Patch 3.esp,0x1D0008BC,COCOMage_panty1T2,[COCO] Mage Leggings II Alt,plugin,Clothing,Clothing,Clothing,0.0,400,1.0,Custom Slot (56),56,ArmorClothing; VendorItemClothing; ClothingBody; ArmorMaterialDaedric,0x0006BBE8; 0x0008F95B; 0x000A8657; 0x0006BBD4,ArmorMaterialDaedric,ClothingBody,VendorItemClothing,,,Coco_Cloths\Mysterious Mage\gnd\panty.nif,Coco_Cloths\Mysterious Mage\gnd\panty.nif
DoD,D:\Wabbajack\modlists\DoD,Diaries of Dibella - Lord's Vision,DOD - xEdit Output,30,DOD - Armour WAAT Patch 3.esp,D:\Wabbajack\modlists\DoD\mods\DOD - xEdit Output\DOD - Armour WAAT Patch 3.esp,0x1D0008CB,COCOMage_necklace2,[COCO] Mage Necklace II,plugin,Clothing,Clothing,Clothing,0.0,400,1.0,Amulet,35,ArmorClothing; VendorItemClothing; ArmorMaterialDaedric,0x0006BBE8; 0x0008F95B; 0x0006BBD4,ArmorMaterialDaedric,,VendorItemClothing,,,Coco_Cloths\Mysterious Mage\gnd\necklace.nif,Coco_Cloths\Mysterious Mage\gnd\necklace.nif
DoD,D:\Wabbajack\modlists\DoD,Diaries of Dibella - Lord's Vision,DOD - xEdit Output,30,DOD - Armour WAAT Patch 3.esp,D:\Wabbajack\modlists\DoD\mods\DOD - xEdit Output\DOD - Armour WAAT Patch 3.esp,0x1D0008CD,COCOMage_topoutshometal2,[COCO] Mage Pauldrons II,plugin,Clothing,Clothing,Clothing,0.0,1500,1.0,Custom Slot (59),59,ArmorClothing; VendorItemClothing; ClothingBody; ArmorMaterialDaedric,0x0006BBE8; 0x0008F95B; 0x000A8657; 0x0006BBD4,ArmorMaterialDaedric,ClothingBody,VendorItemClothing,,,Coco_Cloths\Mysterious Mage\gnd\topoutshometal.nif,Coco_Cloths\Mysterious Mage\gnd\topoutshometal.nif
DoD,D:\Wabbajack\modlists\DoD,Diaries of Dibella - Lord's Vision,DOD - xEdit Output,30,DOD - Armour WAAT Patch 3.esp,D:\Wabbajack\modlists\DoD\mods\DOD - xEdit Output\DOD - Armour WAAT Patch 3.esp,0x1D0008CF,COCOMage_TopoutSmpT2,[COCO] Mage Outerwear II Alt (SMP),plugin,Clothing,Clothing,Clothing,0.0,400,1.0,Custom Slot (46),46,ArmorClothing; VendorItemClothing; ClothingBody; ArmorMaterialDaedric,0x0006BBE8; 0x0008F95B; 0x000A8657; 0x0006BBD4,ArmorMaterialDaedric,ClothingBody,VendorItemClothing,,,Coco_Cloths\Mysterious Mage\gnd\topout.nif,Coco_Cloths\Mysterious Mage\gnd\topout.nif
DoD,D:\Wabbajack\modlists\DoD,Diaries of Dibella - Lord's Vision,DOD - xEdit Output,30,DOD - Armour WAAT Patch 3.esp,D:\Wabbajack\modlists\DoD\mods\DOD - xEdit Output\DOD - Armour WAAT Patch 3.esp,0x1D0008D1,COCOMage_topoutmetal2,[COCO] Mage Outerwear Metal II,plugin,Clothing,Clothing,Clothing,0.0,1500,1.0,Custom Slot (52),52,ArmorClothing; VendorItemClothing; ClothingBody; ArmorMaterialDaedric,0x0006BBE8; 0x0008F95B; 0x000A8657; 0x0006BBD4,ArmorMaterialDaedric,ClothingBody,VendorItemClothing,,,Coco_Cloths\Mysterious Mage\gnd\topoutmetal.nif,Coco_Cloths\Mysterious Mage\gnd\topoutmetal.nif
DoD,D:\Wabbajack\modlists\DoD,Diaries of Dibella - Lord's Vision,DOD - xEdit Output,30,DOD - Armour WAAT Patch 3.esp,D:\Wabbajack\modlists\DoD\mods\DOD - xEdit Output\DOD - Armour WAAT Patch 3.esp,0x1D0008D3,COCOMage_pantysexsmp2,[COCO] Mage Leggings II (SMP),plugin,Clothing,Clothing,Clothing,0.0,400,1.0,Custom Slot (56),56,ArmorClothing; VendorItemClothing; ClothingBody; ArmorMaterialDaedric,0x0006BBE8; 0x0008F95B; 0x000A8657; 0x0006BBD4,ArmorMaterialDaedric,ClothingBody,VendorItemClothing,,,Coco_Cloths\Mysterious Mage\gnd\pantysex.nif,Coco_Cloths\Mysterious Mage\gnd\pantysex.nif
DoD,D:\Wabbajack\modlists\DoD,Diaries of Dibella - Lord's Vision,DOD - xEdit Output,30,DOD - Armour WAAT Patch 3.esp,D:\Wabbajack\modlists\DoD\mods\DOD - xEdit Output\DOD - Armour WAAT Patch 3.esp,0x1D0008D5,COCOMage_bra2,[COCO] Mage Bra II,plugin,Clothing,Clothing,Clothing,0.0,400,1.0,Custom Slot (53),53,ArmorClothing; VendorItemClothing; ClothingBody; ArmorMaterialDaedric,0x0006BBE8; 0x0008F95B; 0x000A8657; 0x0006BBD4,ArmorMaterialDaedric,ClothingBody,VendorItemClothing,,,Coco_Cloths\Mysterious Mage\gnd\bra.nif,Coco_Cloths\Mysterious Mage\gnd\bra.nif
DoD,D:\Wabbajack\modlists\DoD,Diaries of Dibella - Lord's Vision,DOD - xEdit Output,30,DOD - Armour WAAT Patch 3.esp,D:\Wabbajack\modlists\DoD\mods\DOD - xEdit Output\DOD - Armour WAAT Patch 3.esp,0x1D0008D7,COCOMage_topinT2,[COCO] Mage Corset Alt II,plugin,Clothing,Clothing,Clothing,0.0,400,1.0,Body,32,ArmorClothing; VendorItemClothing; ClothingBody; ArmorMaterialDaedric,0x0006BBE8; 0x0008F95B; 0x000A8657; 0x0006BBD4,ArmorMaterialDaedric,ClothingBody,VendorItemClothing,,,Coco_Cloths\Mysterious Mage\gnd\topin.nif,Coco_Cloths\Mysterious Mage\gnd\topin.nif
DoD,D:\Wabbajack\modlists\DoD,Diaries of Dibella - Lord's Vision,DOD - xEdit Output,30,DOD - Armour WAAT Patch 3.esp,D:\Wabbajack\modlists\DoD\mods\DOD - xEdit Output\DOD - Armour WAAT Patch 3.esp,0x1D0008D9,COCOMage_topin2,[COCO] Mage Corset II,plugin,Clothing,Clothing,Clothing,0.0,1500,1.0,Body,32,ArmorClothing; VendorItemClothing; ClothingBody; ArmorMaterialDaedric,0x0006BBE8; 0x0008F95B; 0x000A8657; 0x0006BBD4,ArmorMaterialDaedric,ClothingBody,VendorItemClothing,,,Coco_Cloths\Mysterious Mage\gnd\topin.nif,Coco_Cloths\Mysterious Mage\gnd\topin.nif
DoD,D:\Wabbajack\modlists\DoD,Diaries of Dibella - Lord's Vision,DOD - xEdit Output,30,DOD - Armour WAAT Patch 3.esp,D:\Wabbajack\modlists\DoD\mods\DOD - xEdit Output\DOD - Armour WAAT Patch 3.esp,0x1D0008DB,COCOMage_panty2T1,[COCO] Mage Leggings II Alt I,plugin,Clothing,Clothing,Clothing,0.0,400,1.0,Custom Slot (56),56,ArmorClothing; VendorItemClothing; ClothingBody; ArmorMaterialDaedric,0x0006BBE8; 0x0008F95B; 0x000A8657; 0x0006BBD4,ArmorMaterialDaedric,ClothingBody,VendorItemClothing,,,Coco_Cloths\Mysterious Mage\gnd\panty.nif,Coco_Cloths\Mysterious Mage\gnd\panty.nif
DoD,D:\Wabbajack\modlists\DoD,Diaries of Dibella - Lord's Vision,DOD - xEdit Output,30,DOD - Armour WAAT Patch 3.esp,D:\Wabbajack\modlists\DoD\mods\DOD - xEdit Output\DOD - Armour WAAT Patch 3.esp,0x1D0008DE,COCOMage_heels2,[COCO] Mage Heels II,plugin,Clothing,Clothing,Clothing,0.0,400,1.0,Feet,37,ArmorClothing; VendorItemClothing; ClothingFeet; ArmorMaterialDaedric,0x0006BBE8; 0x0008F95B; 0x0010CD12; 0x0006BBD4,ArmorMaterialDaedric,ClothingFeet,VendorItemClothing,,,Coco_Cloths\Mysterious Mage\gnd\heels.nif,Coco_Cloths\Mysterious Mage\gnd\heels.nif
DoD,D:\Wabbajack\modlists\DoD,Diaries of Dibella - Lord's Vision,DOD - xEdit Output,30,DOD - Armour WAAT Patch 3.esp,D:\Wabbajack\modlists\DoD\mods\DOD - xEdit Output\DOD - Armour WAAT Patch 3.esp,0x1D0008DF,COCOMage_TopoutSmp2,[COCO] Mage Outerwear II (SMP),plugin,Clothing,Clothing,Clothing,0.0,400,1.0,Custom Slot (46),46,ArmorClothing; VendorItemClothing; ClothingBody; ArmorMaterialDaedric,0x0006BBE8; 0x0008F95B; 0x000A8657; 0x0006BBD4,ArmorMaterialDaedric,ClothingBody,VendorItemClothing,,,Coco_Cloths\Mysterious Mage\gnd\topout.nif,Coco_Cloths\Mysterious Mage\gnd\topout.nif
DoD,D:\Wabbajack\modlists\DoD,Diaries of Dibella - Lord's Vision,DOD - xEdit Output,30,DOD - Armour WAAT Patch 3.esp,D:\Wabbajack\modlists\DoD\mods\DOD - xEdit Output\DOD - Armour WAAT Patch 3.esp,0x1D0008E1,COCOMage_pantylaceT2,[COCO] Mage Leggings Lace Alt II,plugin,Clothing,Clothing,Clothing,0.0,400,1.0,Custom Slot (49),49,ArmorClothing; VendorItemClothing; ClothingBody; ArmorMaterialDaedric,0x0006BBE8; 0x0008F95B; 0x000A8657; 0x0006BBD4,ArmorMaterialDaedric,ClothingBody,VendorItemClothing,,,Coco_Cloths\Mysterious Mage\gnd\pantylace.nif,Coco_Cloths\Mysterious Mage\gnd\pantylace.nif
DoD,D:\Wabbajack\modlists\DoD,Diaries of Dibella - Lord's Vision,DOD - xEdit Output,30,DOD - Armour WAAT Patch 3.esp,D:\Wabbajack\modlists\DoD\mods\DOD - xEdit Output\DOD - Armour WAAT Patch 3.esp,0x1D0008E3,COCOMage_pantylace2,[COCO] Mage Leggings Lace II,plugin,Clothing,Clothing,Clothing,0.0,1500,1.0,Custom Slot (49),49,ArmorClothing; VendorItemClothing; ClothingBody; ArmorMaterialDaedric,0x0006BBE8; 0x0008F95B; 0x000A8657; 0x0006BBD4,ArmorMaterialDaedric,ClothingBody,VendorItemClothing,,,Coco_Cloths\Mysterious Mage\gnd\pantylace.nif,Coco_Cloths\Mysterious Mage\gnd\pantylace.nif
DoD,D:\Wabbajack\modlists\DoD,Diaries of Dibella - Lord's Vision,DOD - xEdit Output,30,DOD - Armour WAAT Patch 3.esp,D:\Wabbajack\modlists\DoD\mods\DOD - xEdit Output\DOD - Armour WAAT Patch 3.esp,0x1D0008E5,COCOMage_glove2,[COCO] Mage Glove II,plugin,Clothing,Clothing,Clothing,0.0,400,1.0,Hands,33,ArmorClothing; ArmorGauntlets; VendorItemClothing; ArmorMaterialDaedric,0x0006BBE8; 0x0006C0EF; 0x0008F95B; 0x0006BBD4,ArmorMaterialDaedric,ArmorGauntlets,VendorItemClothing,,,Coco_Cloths\Mysterious Mage\gnd\glove.nif,Coco_Cloths\Mysterious Mage\gnd\glove.nif
DoD,D:\Wabbajack\modlists\DoD,Diaries of Dibella - Lord's Vision,DOD - xEdit Output,30,DOD - Armour WAAT Patch 3.esp,D:\Wabbajack\modlists\DoD\mods\DOD - xEdit Output\DOD - Armour WAAT Patch 3.esp,0x1D0008E7,COCOMage_panty2,[COCO] Mage Leggings II,plugin,Clothing,Clothing,Clothing,0.0,400,1.0,Custom Slot (56),56,ArmorClothing; VendorItemClothing; ClothingBody; ArmorMaterialDaedric,0x0006BBE8; 0x0008F95B; 0x000A8657; 0x0006BBD4,ArmorMaterialDaedric,ClothingBody,VendorItemClothing,,,Coco_Cloths\Mysterious Mage\gnd\panty.nif,Coco_Cloths\Mysterious Mage\gnd\panty.nif
DoD,D:\Wabbajack\modlists\DoD,Diaries of Dibella - Lord's Vision,DOD - xEdit Output,30,DOD - Armour WAAT Patch 3.esp,D:\Wabbajack\modlists\DoD\mods\DOD - xEdit Output\DOD - Armour WAAT Patch 3.esp,0x1D0008EB,COCOMage_boots2,[COCO] Mage Boots II,plugin,Clothing,Clothing,Clothing,0.0,400,1.0,Feet,37,ArmorClothing; VendorItemClothing; ClothingFeet; ArmorMaterialDaedric,0x0006BBE8; 0x0008F95B; 0x0010CD12; 0x0006BBD4,ArmorMaterialDaedric,ClothingFeet,VendorItemClothing,,,Coco_Cloths\Mysterious Mage\gnd\boots.nif,Coco_Cloths\Mysterious Mage\gnd\boots.nif
DoD,D:\Wabbajack\modlists\DoD,Diaries of Dibella - Lord's Vision,DOD - xEdit Output,30,DOD - Armour WAAT Patch 3.esp,D:\Wabbajack\modlists\DoD\mods\DOD - xEdit Output\DOD - Armour WAAT Patch 3.esp,0x1D0008EC,COCOMage_hairsmp2,[COCO] Mage Hair II (SMP),plugin,Clothing,Clothing,Clothing,0.0,400,1.0,Hair,31,ArmorClothing; VendorItemClothing; ClothingHead; ArmorMaterialDaedric,0x0006BBE8; 0x0008F95B; 0x0010CD11; 0x0006BBD4,ArmorMaterialDaedric,ClothingHead,VendorItemClothing,,,Coco_Cloths\Mysterious Mage\gnd\hair.nif,Coco_Cloths\Mysterious Mage\gnd\hair.nif
DoD,D:\Wabbajack\modlists\DoD,Diaries of Dibella - Lord's Vision,DOD - xEdit Output,30,DOD - Armour WAAT Patch 3.esp,D:\Wabbajack\modlists\DoD\mods\DOD - xEdit Output\DOD - Armour WAAT Patch 3.esp,0x1D0008ED,COCOMage_kneelet2,[COCO] Mage Kneelet II,plugin,Clothing,Clothing,Clothing,0.0,400,1.0,Custom Slot (48),48,ArmorClothing; VendorItemClothing; ClothingBody; ArmorMaterialDaedric,0x0006BBE8; 0x0008F95B; 0x000A8657; 0x0006BBD4,ArmorMaterialDaedric,ClothingBody,VendorItemClothing,,,Coco_Cloths\Mysterious Mage\gnd\kneelet.nif,Coco_Cloths\Mysterious Mage\gnd\kneelet.nif
DoD,D:\Wabbajack\modlists\DoD,Diaries of Dibella - Lord's Vision,DOD - xEdit Output,30,DOD - Armour WAAT Patch 3.esp,D:\Wabbajack\modlists\DoD\mods\DOD - xEdit Output\DOD - Armour WAAT Patch 3.esp,0x1D0008F0,COCOMage_crown2,[COCO] Mage Headwear II,plugin,Clothing,Clothing,Clothing,0.0,400,1.0,Circlet,42,ArmorClothing; VendorItemClothing; ClothingHead; ArmorMaterialDaedric,0x0006BBE8; 0x0008F95B; 0x0010CD11; 0x0006BBD4,ArmorMaterialDaedric,ClothingHead,VendorItemClothing,,,Coco_Cloths\Mysterious Mage\gnd\crown.nif,Coco_Cloths\Mysterious Mage\gnd\crown.nif
DoD,D:\Wabbajack\modlists\DoD,Diaries of Dibella - Lord's Vision,DOD - xEdit Output,30,DOD - Armour WAAT Patch 3.esp,D:\Wabbajack\modlists\DoD\mods\DOD - xEdit Output\DOD - Armour WAAT Patch 3.esp,0x1D0008F1,COCOMage_gloveT2,[COCO] Mage Glove Alt II,plugin,Clothing,Clothing,Clothing,0.0,400,1.0,Hands,33,ArmorClothing; VendorItemClothing; ClothingHands; ArmorMaterialDaedric,0x0006BBE8; 0x0008F95B; 0x0010CD13; 0x0006BBD4,ArmorMaterialDaedric,ClothingHands,VendorItemClothing,,,Coco_Cloths\Mysterious Mage\gnd\glove.nif,Coco_Cloths\Mysterious Mage\gnd\glove.nif
DoD,D:\Wabbajack\modlists\DoD,Diaries of Dibella - Lord's Vision,DOD - xEdit Output,30,DOD - Armour WAAT Patch 3.esp,D:\Wabbajack\modlists\DoD\mods\DOD - xEdit Output\DOD - Armour WAAT Patch 3.esp,0x1D0008F3,COCOMage_panty2T3,[COCO] Mage Leggings II Alt III,plugin,Clothing,Clothing,Clothing,0.0,1500,1.0,Custom Slot (56),56,ArmorClothing; VendorItemClothing; ClothingBody; ArmorMaterialDaedric,0x0006BBE8; 0x0008F95B; 0x000A8657; 0x0006BBD4,ArmorMaterialDaedric,ClothingBody,VendorItemClothing,,,Coco_Cloths\Mysterious Mage\gnd\panty.nif,Coco_Cloths\Mysterious Mage\gnd\panty.nif
DoD,D:\Wabbajack\modlists\DoD,Diaries of Dibella - Lord's Vision,DOD - xEdit Output,30,DOD - Armour WAAT Patch 3.esp,D:\Wabbajack\modlists\DoD\mods\DOD - xEdit Output\DOD - Armour WAAT Patch 3.esp,0x1D0008F5,COCOMage_panty2T2,[COCO] Mage Leggings II Alt II,plugin,Clothing,Clothing,Clothing,0.0,400,1.0,Custom Slot (56),56,ArmorClothing; VendorItemClothing; ClothingBody; ArmorMaterialDaedric,0x0006BBE8; 0x0008F95B; 0x000A8657; 0x0006BBD4,ArmorMaterialDaedric,ClothingBody,VendorItemClothing,,,Coco_Cloths\Mysterious Mage\gnd\panty.nif,Coco_Cloths\Mysterious Mage\gnd\panty.nif
DoD,D:\Wabbajack\modlists\DoD,Diaries of Dibella - Lord's Vision,DOD - xEdit Output,30,DOD - Armour WAAT Patch 3.esp,D:\Wabbajack\modlists\DoD\mods\DOD - xEdit Output\DOD - Armour WAAT Patch 3.esp,0x1D0008F7,COCOMage_necklace3,[COCO] Mage Necklace III,plugin,Clothing,Clothing,Clothing,0.0,400,1.0,Amulet,35,ArmorClothing; VendorItemClothing; ArmorMaterialDaedric,0x0006BBE8; 0x0008F95B; 0x0006BBD4,ArmorMaterialDaedric,,VendorItemClothing,,,Coco_Cloths\Mysterious Mage\gnd\necklace.nif,Coco_Cloths\Mysterious Mage\gnd\necklace.nif
DoD,D:\Wabbajack\modlists\DoD,Diaries of Dibella - Lord's Vision,DOD - xEdit Output,30,DOD - Armour WAAT Patch 3.esp,D:\Wabbajack\modlists\DoD\mods\DOD - xEdit Output\DOD - Armour WAAT Patch 3.esp,0x1D0008F9,COCOMage_topoutshometal3,[COCO] Mage Pauldrons III,plugin,Clothing,Clothing,Clothing,0.0,1500,1.0,Custom Slot (59),59,ArmorClothing; VendorItemClothing; ClothingBody; ArmorMaterialDaedric,0x0006BBE8; 0x0008F95B; 0x000A8657; 0x0006BBD4,ArmorMaterialDaedric,ClothingBody,VendorItemClothing,,,Coco_Cloths\Mysterious Mage\gnd\topoutshometal.nif,Coco_Cloths\Mysterious Mage\gnd\topoutshometal.nif
DoD,D:\Wabbajack\modlists\DoD,Diaries of Dibella - Lord's Vision,DOD - xEdit Output,30,DOD - Armour WAAT Patch 3.esp,D:\Wabbajack\modlists\DoD\mods\DOD - xEdit Output\DOD - Armour WAAT Patch 3.esp,0x1D0008FB,COCOMage_pantysexsmp3,[COCO] Mage Leggings III (SMP),plugin,Clothing,Clothing,Clothing,0.0,400,1.0,Custom Slot (56),56,ArmorClothing; VendorItemClothing; ClothingBody; ArmorMaterialDaedric,0x0006BBE8; 0x0008F95B; 0x000A8657; 0x0006BBD4,ArmorMaterialDaedric,ClothingBody,VendorItemClothing,,,Coco_Cloths\Mysterious Mage\gnd\pantysex.nif,Coco_Cloths\Mysterious Mage\gnd\pantysex.nif
DoD,D:\Wabbajack\modlists\DoD,Diaries of Dibella - Lord's Vision,DOD - xEdit Output,30,DOD - Armour WAAT Patch 3.esp,D:\Wabbajack\modlists\DoD\mods\DOD - xEdit Output\DOD - Armour WAAT Patch 3.esp,0x1D0008FD,COCOMage_bra3,[COCO] Mage Bra III,plugin,Clothing,Clothing,Clothing,0.0,400,1.0,Custom Slot (53),53,ArmorClothing; VendorItemClothing; ClothingBody; ArmorMaterialDaedric,0x0006BBE8; 0x0008F95B; 0x000A8657; 0x0006BBD4,ArmorMaterialDaedric,ClothingBody,VendorItemClothing,,,Coco_Cloths\Mysterious Mage\gnd\bra.nif,Coco_Cloths\Mysterious Mage\gnd\bra.nif
DoD,D:\Wabbajack\modlists\DoD,Diaries of Dibella - Lord's Vision,DOD - xEdit Output,30,DOD - Armour WAAT Patch 3.esp,D:\Wabbajack\modlists\DoD\mods\DOD - xEdit Output\DOD - Armour WAAT Patch 3.esp,0x1D0008FF,COCOMage_topin3,[COCO] Mage Corset III,plugin,Clothing,Clothing,Clothing,0.0,1500,1.0,Body,32,ArmorClothing; VendorItemClothing; ClothingBody; ArmorMaterialDaedric,0x0006BBE8; 0x0008F95B; 0x000A8657; 0x0006BBD4,ArmorMaterialDaedric,ClothingBody,VendorItemClothing,,,Coco_Cloths\Mysterious Mage\gnd\topin.nif,Coco_Cloths\Mysterious Mage\gnd\topin.nif
DoD,D:\Wabbajack\modlists\DoD,Diaries of Dibella - Lord's Vision,DOD - xEdit Output,30,DOD - Armour WAAT Patch 3.esp,D:\Wabbajack\modlists\DoD\mods\DOD - xEdit Output\DOD - Armour WAAT Patch 3.esp,0x1D000901,COCOMage_brat2,[COCO] Mage Bra Alt II,plugin,Clothing,Clothing,Clothing,0.0,400,1.0,Custom Slot (53),53,ArmorClothing; VendorItemClothing; ClothingBody; ArmorMaterialDaedric,0x0006BBE8; 0x0008F95B; 0x000A8657; 0x0006BBD4,ArmorMaterialDaedric,ClothingBody,VendorItemClothing,,,Coco_Cloths\Mysterious Mage\gnd\bra.nif,Coco_Cloths\Mysterious Mage\gnd\bra.nif
DoD,D:\Wabbajack\modlists\DoD,Diaries of Dibella - Lord's Vision,DOD - xEdit Output,30,DOD - Armour WAAT Patch 3.esp,D:\Wabbajack\modlists\DoD\mods\DOD - xEdit Output\DOD - Armour WAAT Patch 3.esp,0x1D000904,COCOMage_heels3,[COCO] Mage Heels III,plugin,Clothing,Clothing,Clothing,0.0,400,1.0,Feet,37,ArmorClothing; VendorItemClothing; ClothingFeet; ArmorMaterialDaedric,0x0006BBE8; 0x0008F95B; 0x0010CD12; 0x0006BBD4,ArmorMaterialDaedric,ClothingFeet,VendorItemClothing,,,Coco_Cloths\Mysterious Mage\gnd\heels.nif,Coco_Cloths\Mysterious Mage\gnd\heels.nif
DoD,D:\Wabbajack\modlists\DoD,Diaries of Dibella - Lord's Vision,DOD - xEdit Output,30,DOD - Armour WAAT Patch 3.esp,D:\Wabbajack\modlists\DoD\mods\DOD - xEdit Output\DOD - Armour WAAT Patch 3.esp,0x1D000905,COCOMage_TopoutSmp3,[COCO] Mage Outerwear III (SMP),plugin,Clothing,Clothing,Clothing,0.0,400,1.0,Custom Slot (46),46,ArmorClothing; VendorItemClothing; ClothingBody; ArmorMaterialDaedric,0x0006BBE8; 0x0008F95B; 0x000A8657; 0x0006BBD4,ArmorMaterialDaedric,ClothingBody,VendorItemClothing,,,Coco_Cloths\Mysterious Mage\gnd\topout.nif,Coco_Cloths\Mysterious Mage\gnd\topout.nif
DoD,D:\Wabbajack\modlists\DoD,Diaries of Dibella - Lord's Vision,DOD - xEdit Output,30,DOD - Armour WAAT Patch 3.esp,D:\Wabbajack\modlists\DoD\mods\DOD - xEdit Output\DOD - Armour WAAT Patch 3.esp,0x1D000907,COCOMage_pantylace3,[COCO] Mage Leggings Lace III,plugin,Clothing,Clothing,Clothing,0.0,1500,1.0,Custom Slot (49),49,ArmorClothing; VendorItemClothing; ClothingBody; ArmorMaterialDaedric,0x0006BBE8; 0x0008F95B; 0x000A8657; 0x0006BBD4,ArmorMaterialDaedric,ClothingBody,VendorItemClothing,,,Coco_Cloths\Mysterious Mage\gnd\pantylace.nif,Coco_Cloths\Mysterious Mage\gnd\pantylace.nif
DoD,D:\Wabbajack\modlists\DoD,Diaries of Dibella - Lord's Vision,DOD - xEdit Output,30,DOD - Armour WAAT Patch 3.esp,D:\Wabbajack\modlists\DoD\mods\DOD - xEdit Output\DOD - Armour WAAT Patch 3.esp,0x1D000909,COCOMage_glove3,[COCO] Mage Glove III,plugin,Clothing,Clothing,Clothing,0.0,400,1.0,Hands,33,ArmorClothing; VendorItemClothing; ClothingHands; ArmorMaterialDaedric,0x0006BBE8; 0x0008F95B; 0x0010CD13; 0x0006BBD4,ArmorMaterialDaedric,ClothingHands,VendorItemClothing,,,Coco_Cloths\Mysterious Mage\gnd\glove.nif,Coco_Cloths\Mysterious Mage\gnd\glove.nif
DoD,D:\Wabbajack\modlists\DoD,Diaries of Dibella - Lord's Vision,DOD - xEdit Output,30,DOD - Armour WAAT Patch 3.esp,D:\Wabbajack\modlists\DoD\mods\DOD - xEdit Output\DOD - Armour WAAT Patch 3.esp,0x1D00090B,COCOMage_panty3,[COCO] Mage Leggings III,plugin,Clothing,Clothing,Clothing,0.0,400,1.0,Custom Slot (56),56,ArmorClothing; VendorItemClothing; ClothingBody; ArmorMaterialDaedric,0x0006BBE8; 0x0008F95B; 0x000A8657; 0x0006BBD4,ArmorMaterialDaedric,ClothingBody,VendorItemClothing,,,Coco_Cloths\Mysterious Mage\gnd\panty.nif,Coco_Cloths\Mysterious Mage\gnd\panty.nif
DoD,D:\Wabbajack\modlists\DoD,Diaries of Dibella - Lord's Vision,DOD - xEdit Output,30,DOD - Armour WAAT Patch 3.esp,D:\Wabbajack\modlists\DoD\mods\DOD - xEdit Output\DOD - Armour WAAT Patch 3.esp,0x1D00090E,COCOMage_boots3,[COCO] Mage Boots III,plugin,Clothing,Clothing,Clothing,0.0,400,1.0,Feet,37,ArmorClothing; VendorItemClothing; ClothingFeet; ArmorMaterialDaedric,0x0006BBE8; 0x0008F95B; 0x0010CD12; 0x0006BBD4,ArmorMaterialDaedric,ClothingFeet,VendorItemClothing,,,Coco_Cloths\Mysterious Mage\gnd\boots.nif,Coco_Cloths\Mysterious Mage\gnd\boots.nif
DoD,D:\Wabbajack\modlists\DoD,Diaries of Dibella - Lord's Vision,DOD - xEdit Output,30,DOD - Armour WAAT Patch 3.esp,D:\Wabbajack\modlists\DoD\mods\DOD - xEdit Output\DOD - Armour WAAT Patch 3.esp,0x1D00090F,COCOMage_hairsmp3,[COCO] Mage Hair III (SMP),plugin,Clothing,Clothing,Clothing,0.0,400,1.0,Hair,31,ArmorClothing; VendorItemClothing; ClothingHead; ArmorMaterialDaedric,0x0006BBE8; 0x0008F95B; 0x0010CD11; 0x0006BBD4,ArmorMaterialDaedric,ClothingHead,VendorItemClothing,,,Coco_Cloths\Mysterious Mage\gnd\hair.nif,Coco_Cloths\Mysterious Mage\gnd\hair.nif
DoD,D:\Wabbajack\modlists\DoD,Diaries of Dibella - Lord's Vision,DOD - xEdit Output,30,DOD - Armour WAAT Patch 3.esp,D:\Wabbajack\modlists\DoD\mods\DOD - xEdit Output\DOD - Armour WAAT Patch 3.esp,0x1D000911,COCOMage_brat1,[COCO] Mage Bra Alt I,plugin,Clothing,Clothing,Clothing,0.0,400,1.0,Custom Slot (53),53,ArmorClothing; VendorItemClothing; ClothingBody; ArmorMaterialDaedric,0x0006BBE8; 0x0008F95B; 0x000A8657; 0x0006BBD4,ArmorMaterialDaedric,ClothingBody,VendorItemClothing,,,Coco_Cloths\Mysterious Mage\gnd\bra.nif,Coco_Cloths\Mysterious Mage\gnd\bra.nif
DoD,D:\Wabbajack\modlists\DoD,Diaries of Dibella - Lord's Vision,DOD - xEdit Output,30,DOD - Armour WAAT Patch 3.esp,D:\Wabbajack\modlists\DoD\mods\DOD - xEdit Output\DOD - Armour WAAT Patch 3.esp,0x1D00091E,COCOMage_topsho1,[COCO] Mage Outerwear Top I,plugin,Clothing,Clothing,Clothing,0.0,400,1.0,Custom Slot (46),46,ArmorClothing; VendorItemClothing; ClothingBody; ArmorMaterialDaedric,0x0006BBE8; 0x0008F95B; 0x000A8657; 0x0006BBD4,ArmorMaterialDaedric,ClothingBody,VendorItemClothing,,,Coco_Cloths\Mysterious Mage\gnd\topsho.nif,Coco_Cloths\Mysterious Mage\gnd\topsho.nif
DoD,D:\Wabbajack\modlists\DoD,Diaries of Dibella - Lord's Vision,DOD - xEdit Output,30,DOD - Armour WAAT Patch 3.esp,D:\Wabbajack\modlists\DoD\mods\DOD - xEdit Output\DOD - Armour WAAT Patch 3.esp,0x1D00091F,COCOMage_topsho2,[COCO] Mage Outerwear Top II,plugin,Clothing,Clothing,Clothing,0.0,400,1.0,Custom Slot (46),46,ArmorClothing; VendorItemClothing; ClothingBody; ArmorMaterialDaedric,0x0006BBE8; 0x0008F95B; 0x000A8657; 0x0006BBD4,ArmorMaterialDaedric,ClothingBody,VendorItemClothing,,,Coco_Cloths\Mysterious Mage\gnd\topsho.nif,Coco_Cloths\Mysterious Mage\gnd\topsho.nif
DoD,D:\Wabbajack\modlists\DoD,Diaries of Dibella - Lord's Vision,DOD - xEdit Output,30,DOD - Armour WAAT Patch 3.esp,D:\Wabbajack\modlists\DoD\mods\DOD - xEdit Output\DOD - Armour WAAT Patch 3.esp,0x1D000921,COCOMage_topshoT1,[COCO] Mage Outerwear Top I Alt,plugin,Clothing,Clothing,Clothing,0.0,400,1.0,Custom Slot (46),46,ArmorClothing; VendorItemClothing; ClothingBody; ArmorMaterialDaedric,0x0006BBE8; 0x0008F95B; 0x000A8657; 0x0006BBD4,ArmorMaterialDaedric,ClothingBody,VendorItemClothing,,,Coco_Cloths\Mysterious Mage\gnd\topsho.nif,Coco_Cloths\Mysterious Mage\gnd\topsho.nif
DoD,D:\Wabbajack\modlists\DoD,Diaries of Dibella - Lord's Vision,DOD - xEdit Output,30,DOD - Armour WAAT Patch 3.esp,D:\Wabbajack\modlists\DoD\mods\DOD - xEdit Output\DOD - Armour WAAT Patch 3.esp,0x1D000922,COCOMage_topshoT2,[COCO] Mage Outerwear Top II Alt,plugin,Clothing,Clothing,Clothing,0.0,400,1.0,Custom Slot (46),46,ArmorClothing; VendorItemClothing; ClothingBody; ArmorMaterialDaedric,0x0006BBE8; 0x0008F95B; 0x000A8657; 0x0006BBD4,ArmorMaterialDaedric,ClothingBody,VendorItemClothing,,,Coco_Cloths\Mysterious Mage\gnd\topsho.nif,Coco_Cloths\Mysterious Mage\gnd\topsho.nif
DoD,D:\Wabbajack\modlists\DoD,Diaries of Dibella - Lord's Vision,DOD - xEdit Output,30,DOD - Armour WAAT Patch 3.esp,D:\Wabbajack\modlists\DoD\mods\DOD - xEdit Output\DOD - Armour WAAT Patch 3.esp,0x1D00092F,COCOMage_pantysexsmp4,[COCO] Mage Leggings I Alt (SMP),plugin,Clothing,Clothing,Clothing,0.0,400,1.0,Custom Slot (56),56,ArmorClothing; VendorItemClothing; ClothingBody; ArmorMaterialDaedric,0x0006BBE8; 0x0008F95B; 0x000A8657; 0x0006BBD4,ArmorMaterialDaedric,ClothingBody,VendorItemClothing,,,Coco_Cloths\Mysterious Mage\gnd\pantysex.nif,Coco_Cloths\Mysterious Mage\gnd\panty.nif
DoD,D:\Wabbajack\modlists\DoD,Diaries of Dibella - Lord's Vision,DOD - xEdit Output,30,DOD - Armour WAAT Patch 3.esp,D:\Wabbajack\modlists\DoD\mods\DOD - xEdit Output\DOD - Armour WAAT Patch 3.esp,0x1D000931,COCOMage_pantysexsmp5,[COCO] Mage Leggings II Alt III (SMP),plugin,Clothing,Clothing,Clothing,0.0,1500,1.0,Custom Slot (56),56,ArmorClothing; VendorItemClothing; ClothingBody; ArmorMaterialDaedric,0x0006BBE8; 0x0008F95B; 0x000A8657; 0x0006BBD4,ArmorMaterialDaedric,ClothingBody,VendorItemClothing,,,Coco_Cloths\Mysterious Mage\gnd\panty.nif,Coco_Cloths\Mysterious Mage\gnd\panty.nif
DoD,D:\Wabbajack\modlists\DoD,Diaries of Dibella - Lord's Vision,DOD - xEdit Output,30,DOD - Armour WAAT Patch 3.esp,D:\Wabbajack\modlists\DoD\mods\DOD - xEdit Output\DOD - Armour WAAT Patch 3.esp,0x1D000937,COCOMage_pantysexsmp6,[COCO] Mage Leggings III Alt (SMP),plugin,Clothing,Clothing,Clothing,0.0,1500,1.0,Custom Slot (56),56,ArmorClothing; VendorItemClothing; ClothingBody; ArmorMaterialDaedric,0x0006BBE8; 0x0008F95B; 0x000A8657; 0x0006BBD4,ArmorMaterialDaedric,ClothingBody,VendorItemClothing,,,Coco_Cloths\Mysterious Mage\gnd\panty.nif,Coco_Cloths\Mysterious Mage\gnd\panty.nif
DoD,D:\Wabbajack\modlists\DoD,Diaries of Dibella - Lord's Vision,DOD - xEdit Output,30,DOD - Armour WAAT Patch 5.esp,D:\Wabbajack\modlists\DoD\mods\DOD - xEdit Output\DOD - Armour WAAT Patch 5.esp,0x1E000004,1_SkimpyDemonHeels,SkimpyDemonHeels,plugin,Clothing,Clothing,Clothing,0.0,625,1.0,Feet,37,ArmorClothing; ArmorMaterialDaedric; ArmorBoots; VendorItemArmor,0x0006BBE8; 0x0006BBD4; 0x0006C0ED; 0x0008F959,ArmorMaterialDaedric,ArmorBoots,VendorItemArmor,,,Obicnii\SkimpyDemon\Heels_GO.nif,Obicnii\SkimpyDemon\Heels_GO.nif
DoD,D:\Wabbajack\modlists\DoD,Diaries of Dibella - Lord's Vision,DOD - xEdit Output,30,DOD - Armour WAAT Patch 5.esp,D:\Wabbajack\modlists\DoD\mods\DOD - xEdit Output\DOD - Armour WAAT Patch 5.esp,0x1E000005,1_SkimpyDemonTop,SkimpyDemonTop,plugin,Clothing,Clothing,Clothing,0.0,640,1.0,Body,32,ArmorMaterialDaedric; ArmorCuirass; VendorItemArmor; ArmorClothing,0x0006BBD4; 0x0006C0EC; 0x0008F959; 0x0006BBE8,ArmorMaterialDaedric,ArmorCuirass,VendorItemArmor,,,Obicnii\SkimpyDemon\Top_GO.nif,Obicnii\SkimpyDemon\Top_GO.nif
DoD,D:\Wabbajack\modlists\DoD,Diaries of Dibella - Lord's Vision,DOD - xEdit Output,30,DOD - Armour WAAT Patch 5.esp,D:\Wabbajack\modlists\DoD\mods\DOD - xEdit Output\DOD - Armour WAAT Patch 5.esp,0x1E000006,1_SkimpyDemonGloves,SkimpyDemonLongGloves,plugin,Clothing,Clothing,Clothing,0.0,125,1.0,Hands,33,ArmorMaterialDaedric; ArmorGauntlets; VendorItemArmor; ArmorClothing,0x0006BBD4; 0x0006C0EF; 0x0008F959; 0x0006BBE8,ArmorMaterialDaedric,ArmorGauntlets,VendorItemArmor,,,Obicnii\SkimpyDemon\Gloves_GO.nif,Obicnii\SkimpyDemon\Gloves_GO.nif
DoD,D:\Wabbajack\modlists\DoD,Diaries of Dibella - Lord's Vision,DOD - xEdit Output,30,DOD - Armour WAAT Patch 5.esp,D:\Wabbajack\modlists\DoD\mods\DOD - xEdit Output\DOD - Armour WAAT Patch 5.esp,0x1E000007,1_SkimpyDemonThighs,SkimpyDemonThighs,plugin,Clothing,Clothing,Clothing,0.0,640,1.0,Custom Slot (49),49,ArmorMaterialDaedric; ArmorCuirass; VendorItemArmor; ArmorClothing,0x0006BBD4; 0x0006C0EC; 0x0008F959; 0x0006BBE8,ArmorMaterialDaedric,ArmorCuirass,VendorItemArmor,,,Obicnii\SkimpyDemon\Thighs_GO.nif,Obicnii\SkimpyDemon\Thighs_GO.nif
DoD,D:\Wabbajack\modlists\DoD,Diaries of Dibella - Lord's Vision,DOD - xEdit Output,30,DOD - Daedric Armor Fixes.esp,D:\Wabbajack\modlists\DoD\mods\DOD - xEdit Output\DOD - Daedric Armor Fixes.esp,0x0001396D,ArmorDaedricHelmet,Daedric Helmet,plugin,Heavy,Heavy,Heavy,0.0,1600,15.0,Hair; Circlet,31; 42,ArmorHeavy; ArmorMaterialDaedric; ArmorHelmet; VendorItemArmor; Survival_ArmorWarm,0x0006BBD2; 0x0006BBD4; 0x0006C0EE; 0x0008F959; 0x01002ED9,ArmorMaterialDaedric,ArmorHelmet,VendorItemArmor,,,Armor\Daedric\DaedricHelmetGO.nif,
DoD,D:\Wabbajack\modlists\DoD,Diaries of Dibella - Lord's Vision,DOD - xEdit Output,30,DOD - MLU Master Patch.esp,D:\Wabbajack\modlists\DoD\mods\DOD - xEdit Output\DOD - MLU Master Patch.esp,0x0002AC61,DA05SaviorsHide,Savior's Hide,plugin,Light,Light,Light,0.0,13102,6.0,Body,32,ArmorLight; ArmorMaterialHide; ArmorMaterialScaled; ArmorCuirass; VendorItemDaedricArtifact; DaedricArtifact; MagicDisallowEnchanting; ArmorMaterialForsworn; ArmorMaterialMS02Forsworn; WAF_ArmorMatchingSetFur; Survival_ArmorWarm,0x0006BBD3; 0x0006BBDD; 0x0006BBDE; 0x0006C0EC; 0x000917E8; 0x000A8668; 0x000C27BD; 0x010009B9; 0x010009BA; 0x01AF0108; 0x01002ED9,ArmorMaterialHide; ArmorMaterialScaled; ArmorMaterialForsworn; ArmorMaterialMS02Forsworn,ArmorCuirass,VendorItemDaedricArtifact,0x001097B7,,Armor\Savior'sHide\torsoGO.nif,
DoD,D:\Wabbajack\modlists\DoD,Diaries of Dibella - Lord's Vision,DOD - xEdit Output,30,DOD - MLU Master Patch.esp,D:\Wabbajack\modlists\DoD\mods\DOD - xEdit Output\DOD - MLU Master Patch.esp,0x00045F96,DA13Spellbreaker,Spellbreaker,plugin,Heavy,Heavy,,0.0,13198,12.0,Shield,39,ArmorMaterialDwarven; VendorItemDaedricArtifact; ArmorShield; DaedricArtifact; MagicDisallowEnchanting; AA_SpellbreakerKeyword,0x0006BBD7; 0x000917E8; 0x000965B2; 0x000A8668; 0x000C27BD; 0x36108294,ArmorMaterialDwarven,ArmorShield,VendorItemDaedricArtifact,0x361AA2F4,,Armor\Spellbreaker\Spellbreaker.nif,
DoD,D:\Wabbajack\modlists\DoD,Diaries of Dibella - Lord's Vision,DOD - xEdit Output,30,DOD - MLU Master Patch.esp,D:\Wabbajack\modlists\DoD\mods\DOD - xEdit Output\DOD - MLU Master Patch.esp,0x00052794,DA02Armor,Ebony Mail (Red),plugin,Heavy,Heavy,Heavy,0.0,14802,30.0,Body,32,ArmorHeavy; ArmorMaterialEbony; ArmorCuirass; VendorItemDaedricArtifact; DaedricArtifact; MagicDisallowEnchanting; WAF_VisuallyDarkArmor; SPIKEArmorEbony; SPIKEArmorFancyBlack; Survival_ArmorWarm,0x0006BBD2; 0x0006BBD8; 0x0006C0EC; 0x000917E8; 0x000A8668; 0x000C27BD; 0x01AF0126; 0x01DA010B; 0x01DA010D; 0x01002ED9,ArmorMaterialEbony,ArmorCuirass,VendorItemDaedricArtifact,0x361B966B,,Armor\EbonyMail\CuirassGND.nif,
DoD,D:\Wabbajack\modlists\DoD,Diaries of Dibella - Lord's Vision,DOD - xEdit Output,30,DOD - MLU Master Patch.esp,D:\Wabbajack\modlists\DoD\mods\DOD - xEdit Output\DOD - MLU Master Patch.esp,0x0005DB85,ArmorNightingaleBootsPlayer02,Nightingale Boots,plugin,Light,Light,Light,0.0,335,2.0,Feet,37,ArmorLight; ArmorBoots; MagicDisallowEnchanting; VendorNoSale; ArmorMaterialNightingale; Survival_ArmorWarm; WAF_ArmorMatchingSetLeather; WAF_MaterialFaction; WAF_VisuallyDarkArmor; ArmorMaterialDaedric,0x0006BBD3; 0x0006C0ED; 0x000C27BD; 0x000FF9FB; 0x0010FD61; 0x01002ED9; 0x01AF0105; 0x01AF0109; 0x01AF0126; 0x0006BBD4,ArmorMaterialNightingale; WAF_MaterialFaction; ArmorMaterialDaedric,ArmorBoots,,0x000FCC07,0x000FCC0D,Armor\Nightingale\M\BootsGND.nif,Armor\Nightingale\M\BootsGND.nif
DoD,D:\Wabbajack\modlists\DoD,Diaries of Dibella - Lord's Vision,DOD - xEdit Output,30,DOD - MLU Master Patch.esp,D:\Wabbajack\modlists\DoD\mods\DOD - xEdit Output\DOD - MLU Master Patch.esp,0x0005DB86,ArmorNightingaleCuirassPlayer01,Nightingale Armor,plugin,Light,Light,Light,0.0,1040,6.0,Body,32,ArmorLight; ArmorCuirass; MagicDisallowEnchanting; VendorNoSale; ArmorMaterialNightingale; Survival_ArmorWarm; WAF_ArmorMatchingSetLeather; WAF_MaterialFaction; WAF_VisuallyDarkArmor; SPIKEArmorFancyBlack; ArmorMaterialDaedric,0x0006BBD3; 0x0006C0EC; 0x000C27BD; 0x000FF9FB; 0x0010FD61; 0x01002ED9; 0x01AF0105; 0x01AF0109; 0x01AF0126; 0x01DA010D; 0x0006BBD4,ArmorMaterialNightingale; WAF_MaterialFaction; ArmorMaterialDaedric,ArmorCuirass,,0x000FCC0A,0x000FCC0F,Armor\Nightingale\M\TorsoGND.nif,Armor\Nightingale\M\TorsoGND.nif
DoD,D:\Wabbajack\modlists\DoD,Diaries of Dibella - Lord's Vision,DOD - xEdit Output,30,DOD - MLU Master Patch.esp,D:\Wabbajack\modlists\DoD\mods\DOD - xEdit Output\DOD - MLU Master Patch.esp,0x0005DB87,ArmorNightingaleGauntletsPlayer01,Nightingale Gloves,plugin,Light,Light,Light,0.0,295,1.0,Hands,33,ArmorLight; ArmorGauntlets; MagicDisallowEnchanting; VendorNoSale; ArmorMaterialNightingale; Survival_ArmorWarm; WAF_ArmorMatchingSetLeather; WAF_MaterialFaction; WAF_FingerlessGauntletsBracers; WAF_VisuallyDarkArmor; WAF_PerkFists10; ArmorMaterialDaedric,0x0006BBD3; 0x0006C0EF; 0x000C27BD; 0x000FF9FB; 0x0010FD61; 0x01002ED9; 0x01AF0105; 0x01AF0109; 0x01AF0122; 0x01AF0126; 0x01AF0245; 0x0006BBD4,ArmorMaterialNightingale; WAF_MaterialFaction; ArmorMaterialDaedric,ArmorGauntlets,,0x000FCC04,0x000FCC11,Armor\Nightingale\M\GauntletsGND.nif,Armor\Nightingale\M\GauntletsGND.nif
DoD,D:\Wabbajack\modlists\DoD,Diaries of Dibella - Lord's Vision,DOD - xEdit Output,30,DOD - MLU Master Patch.esp,D:\Wabbajack\modlists\DoD\mods\DOD - xEdit Output\DOD - MLU Master Patch.esp,0x0005DB88,ArmorNightingaleHelmetPlayer01,Nightingale Hood,plugin,Light,Light,Light,0.0,560,2.0,Head; Hair; Circlet; Ears; Custom Slot (44),30; 31; 42; 43; 44,ArmorLight; ArmorHelmet; MagicDisallowEnchanting; VendorNoSale; ArmorMaterialNightingale; Survival_ArmorWarm; WAF_ArmorMatchingSetLeather; WAF_MaterialFaction; WAF_VisuallyDarkArmor; ArmorMaterialDaedric,0x0006BBD3; 0x0006C0EE; 0x000C27BD; 0x000FF9FB; 0x0010FD61; 0x01002ED9; 0x01AF0105; 0x01AF0109; 0x01AF0126; 0x0006BBD4,ArmorMaterialNightingale; WAF_MaterialFaction; ArmorMaterialDaedric,ArmorHelmet,,0x000FCBFF,0x000FCC12,Armor\Nightingale\M\CowlGND.nif,Armor\Nightingale\M\CowlGND.nif
DoD,D:\Wabbajack\modlists\DoD,Diaries of Dibella - Lord's Vision,DOD - xEdit Output,30,DOD - MLU Master Patch.esp,D:\Wabbajack\modlists\DoD\mods\DOD - xEdit Output\DOD - MLU Master Patch.esp,0x00061C8B,ArmorDragonPriestMaskMoonstoneHelmet,Morokei,plugin,Clothing,Clothing,Clothing,0.0,2991,2.0,Head; Hair; Circlet; Custom Slot (44),30; 31; 42; 44,ArmorMaterialMoonstone; ArmorMaterialQuicksilver; ArmorClothing; VendorItemDaedricArtifact; MagicDisallowEnchanting; ClothingHead; WAF_ProtectiveClothingCCF_15; Survival_ArmorWarm,0x0006BBD9; 0x0006BBDA; 0x0006BBE8; 0x000917E8; 0x000C27BD; 0x0010CD11; 0x01AF0264; 0x01002ED9,ArmorMaterialMoonstone; ArmorMaterialQuicksilver,ClothingHead,VendorItemDaedricArtifact,0x0001729E,,Armor\DragonPriestHelms\Dragonhelm_Moonstone_GO.nif,
DoD,D:\Wabbajack\modlists\DoD,Diaries of Dibella - Lord's Vision,DOD - xEdit Output,30,DOD - MLU Master Patch.esp,D:\Wabbajack\modlists\DoD\mods\DOD - xEdit Output\DOD - MLU Master Patch.esp,0x00061CA5,ArmorDragonPriestMaskEbonyHelmet,Nahkriin,plugin,Heavy,Heavy,Heavy,0.0,4725,9.0,Head; Hair; Circlet; Custom Slot (44),30; 31; 42; 44,ArmorHeavy; ArmorMaterialEbony; ArmorHelmet; VendorItemDaedricArtifact; MagicDisallowEnchanting; Survival_ArmorWarm,0x0006BBD2; 0x0006BBD8; 0x0006C0EE; 0x000917E8; 0x000C27BD; 0x01002ED9,ArmorMaterialEbony,ArmorHelmet,VendorItemDaedricArtifact,0x000F8460,,Armor\DragonPriestHelms\Dragonhelm_Ebony_GO.nif,
DoD,D:\Wabbajack\modlists\DoD,Diaries of Dibella - Lord's Vision,DOD - xEdit Output,30,DOD - MLU Master Patch.esp,D:\Wabbajack\modlists\DoD\mods\DOD - xEdit Output\DOD - MLU Master Patch.esp,0x00061CAB,ArmorDragonPriestMaskCorondrumHelmet,Volsung,plugin,Light,Light,Light,0.0,3366,3.0,Head; Hair; Circlet; Custom Slot (44),30; 31; 42; 44,ArmorLight; ArmorMaterialScaled; ArmorHelmet; VendorItemDaedricArtifact; MagicDisallowEnchanting; Survival_ArmorWarm,0x0006BBD3; 0x0006BBDE; 0x0006C0EE; 0x000917E8; 0x000C27BD; 0x01002ED9,ArmorMaterialScaled,ArmorHelmet,VendorItemDaedricArtifact,0x000F8464,,Armor\DragonPriestHelms\Dragonhelm_Corondrum_GO.nif,
DoD,D:\Wabbajack\modlists\DoD,Diaries of Dibella - Lord's Vision,DOD - xEdit Output,30,DOD - MLU Master Patch.esp,D:\Wabbajack\modlists\DoD\mods\DOD - xEdit Output\DOD - MLU Master Patch.esp,0x00061CB9,ArmorDragonPriestMaskBronzeHelmet,Krosis,plugin,Light,Light,Light,0.0,3419,2.0,Head; Hair; Circlet; Custom Slot (44),30; 31; 42; 44,ArmorLight; ArmorMaterialMoonstone; ArmorHelmet; VendorItemDaedricArtifact; MagicDisallowEnchanting; Survival_ArmorWarm,0x0006BBD3; 0x0006BBD9; 0x0006C0EE; 0x000917E8; 0x000C27BD; 0x01002ED9,ArmorMaterialMoonstone,ArmorHelmet,VendorItemDaedricArtifact,0x000F9916,,Armor\DragonPriestHelms\Dragonhelm_Bronze_GO.nif,
DoD,D:\Wabbajack\modlists\DoD,Diaries of Dibella - Lord's Vision,DOD - xEdit Output,30,DOD - MLU Master Patch.esp,D:\Wabbajack\modlists\DoD\mods\DOD - xEdit Output\DOD - MLU Master Patch.esp,0x00061CC0,ArmorDragonPriestMaskOrichalumHelmet,Rahgot,plugin,Heavy,Heavy,Heavy,0.0,3312,8.0,Head; Hair; Circlet; Custom Slot (44),30; 31; 42; 44,ArmorHeavy; ArmorMaterialOrcish; ArmorHelmet; VendorItemDaedricArtifact; MagicDisallowEnchanting; Survival_ArmorWarm,0x0006BBD2; 0x0006BBE5; 0x0006C0EE; 0x000917E8; 0x000C27BD; 0x01002ED9,ArmorMaterialOrcish,ArmorHelmet,VendorItemDaedricArtifact,0x361D2BE1,,Armor\DragonPriestHelms\Dragonhelm_Greenstone_GO.nif,
DoD,D:\Wabbajack\modlists\DoD,Diaries of Dibella - Lord's Vision,DOD - xEdit Output,30,DOD - MLU Master Patch.esp,D:\Wabbajack\modlists\DoD\mods\DOD - xEdit Output\DOD - MLU Master Patch.esp,0x00061CC1,ArmorDragonPriestMaskIronHelmet,Hevnoraak,plugin,Heavy,Heavy,Heavy,0.0,3205,6.0,Head; Hair; Circlet; Custom Slot (44),30; 31; 42; 44,ArmorHeavy; ArmorMaterialIron; ArmorMaterialIronBanded; ArmorMaterialSteel; ArmorHelmet; VendorItemDaedricArtifact; MagicDisallowEnchanting; Survival_ArmorWarm,0x0006BBD2; 0x0006BBE3; 0x0006BBE4; 0x0006BBE6; 0x0006C0EE; 0x000917E8; 0x000C27BD; 0x01002ED9,ArmorMaterialIron; ArmorMaterialIronBanded; ArmorMaterialSteel,ArmorHelmet,VendorItemDaedricArtifact,0x0001729C,,Armor\DragonPriestHelms\Dragonhelm_Iron_GO.nif,
DoD,D:\Wabbajack\modlists\DoD,Diaries of Dibella - Lord's Vision,DOD - xEdit Output,30,DOD - MLU Master Patch.esp,D:\Wabbajack\modlists\DoD\mods\DOD - xEdit Output\DOD - MLU Master Patch.esp,0x00061CC2,ArmorDragonPriestMaskMarbleHelmet,Otar,plugin,Light,Light,Light,0.0,3954,4.0,Head; Hair; Circlet; Custom Slot (44),30; 31; 42; 44,ArmorLight; ArmorMaterialGlass; ArmorHelmet; VendorItemDaedricArtifact; MagicDisallowEnchanting; Survival_ArmorWarm,0x0006BBD3; 0x0006BBDC; 0x0006C0EE; 0x000917E8; 0x000C27BD; 0x01002ED9,ArmorMaterialGlass,ArmorHelmet,VendorItemDaedricArtifact,0x000F8462,,Armor\DragonPriestHelms\Dragonhelm_Marble_GO.nif,
DoD,D:\Wabbajack\modlists\DoD,Diaries of Dibella - Lord's Vision,DOD - xEdit Output,30,DOD - MLU Master Patch.esp,D:\Wabbajack\modlists\DoD\mods\DOD - xEdit Output\DOD - MLU Master Patch.esp,0x00061CC9,ArmorDragonPriestMaskSteelHelmet,Vokun,plugin,Heavy,Heavy,Heavy,0.0,3366,7.0,Head; Hair; Circlet; Custom Slot (44),30; 31; 42; 44,ArmorHeavy; ArmorMaterialSteelPlate; ArmorHelmet; VendorItemDaedricArtifact; MagicDisallowEnchanting; Survival_ArmorWarm,0x0006BBD2; 0x0006BBE7; 0x0006C0EE; 0x000917E8; 0x000C27BD; 0x01002ED9,ArmorMaterialSteelPlate,ArmorHelmet,VendorItemDaedricArtifact,0x000F8463,,Armor\DragonPriestHelms\Dragonhelm_Steel_GO.nif,
DoD,D:\Wabbajack\modlists\DoD,Diaries of Dibella - Lord's Vision,DOD - xEdit Output,30,DOD - MLU Master Patch.esp,D:\Wabbajack\modlists\DoD\mods\DOD - xEdit Output\DOD - MLU Master Patch.esp,0x00061CD6,ArmorDragonPriestMaskUltraHelmet,Konahrik,plugin,Heavy,Heavy,Heavy,0.0,5131,10.0,Head; Hair; Circlet; Custom Slot (44),30; 31; 42; 44,ArmorHeavy; ArmorMaterialDragonplate; ArmorHelmet; VendorItemDaedricArtifact; MagicDisallowEnchanting; Survival_ArmorWarm,0x0006BBD2; 0x0006BBD5; 0x0006C0EE; 0x000917E8; 0x000C27BD; 0x01002ED9,ArmorMaterialDragonplate,ArmorHelmet,VendorItemDaedricArtifact,0x000F8461,,Armor\DragonPriestHelms\Dragonhelm_Ultra_GO.nif,
DoD,D:\Wabbajack\modlists\DoD,Diaries of Dibella - Lord's Vision,DOD - xEdit Output,30,DOD - MLU Master Patch.esp,D:\Wabbajack\modlists\DoD\mods\DOD - xEdit Output\DOD - MLU Master Patch.esp,0x04024037,DLC2ArmorAcolyteMaskShock,Zahkriisos,plugin,Heavy,Heavy,Heavy,0.0,4275,8.0,Head; Hair; Circlet; Custom Slot (44),30; 31; 42; 44,ArmorHeavy; ArmorMaterialEbony; ArmorHelmet; VendorItemDaedricArtifact; MagicDisallowEnchanting; Survival_ArmorWarm,0x0006BBD2; 0x0006BBD8; 0x0006C0EE; 0x000917E8; 0x000C27BD; 0x01002ED9,ArmorMaterialEbony,ArmorHelmet,VendorItemDaedricArtifact,0x040250E3,,DLC02\Armor\AcolyteMasks\AcolyteMask_GND.nif,DLC02\Armor\AcolyteMasks\AcolyteMask_GND.nif
DoD,D:\Wabbajack\modlists\DoD,Diaries of Dibella - Lord's Vision,DOD - xEdit Output,30,DOD - MLU Master Patch.esp,D:\Wabbajack\modlists\DoD\mods\DOD - xEdit Output\DOD - MLU Master Patch.esp,0x040240FE,DLC2ArmorAcolyteMaskFire,Ahzidal,plugin,Heavy,Heavy,Heavy,0.0,3633,5.0,Head; Hair; Circlet; Custom Slot (44),30; 31; 42; 44,ArmorHeavy; ArmorHelmet; VendorItemDaedricArtifact; MagicDisallowEnchanting; WeapMaterialDraugrHoned; Survival_ArmorWarm; WAF_ArmorMaterialDraugr; DLC2dunKolbjornAhzidalItem,0x0006BBD2; 0x0006C0EE; 0x000917E8; 0x000C27BD; 0x000C5C02; 0x01002ED9; 0x01AF0135; 0x040270E7,WeapMaterialDraugrHoned; WAF_ArmorMaterialDraugr,ArmorHelmet,VendorItemDaedricArtifact,0x040250E1,,DLC02\Armor\AcolyteMasks\AcolyteMask_GND.nif,DLC02\Armor\AcolyteMasks\AcolyteMask_GND.nif
DoD,D:\Wabbajack\modlists\DoD,Diaries of Dibella - Lord's Vision,DOD - xEdit Output,30,DOD - MLU Master Patch.esp,D:\Wabbajack\modlists\DoD\mods\DOD - xEdit Output\DOD - MLU Master Patch.esp,0x040240FF,DLC2ArmorAcolyteMaskFrost,Dukaan,plugin,Light,Light,Light,0.0,4061,5.0,Head; Hair; Circlet; Custom Slot (44),30; 31; 42; 44,ArmorLight; ArmorHelmet; VendorItemDaedricArtifact; MagicDisallowEnchanting; DLC2ArmorMaterialStalhrimLight; Survival_ArmorWarm,0x0006BBD3; 0x0006C0EE; 0x000917E8; 0x000C27BD; 0x04024107; 0x01002ED9,DLC2ArmorMaterialStalhrimLight,ArmorHelmet,VendorItemDaedricArtifact,0x040250E2,,DLC02\Armor\AcolyteMasks\AcolyteMask_GND.nif,DLC02\Armor\AcolyteMasks\AcolyteMask_GND.nif
DoD,D:\Wabbajack\modlists\DoD,Diaries of Dibella - Lord's Vision,DOD - xEdit Output,30,DOD - MLU Master Patch.esp,D:\Wabbajack\modlists\DoD\mods\DOD - xEdit Output\DOD - MLU Master Patch.esp,0x04039D2B,DLC2MKMiraakMask1L,Miraak,plugin,Light,Light,Light,0.0,3804,6.0,Head; Hair; Circlet,30; 31; 42,ArmorLight; ArmorMaterialDragonplate; ArmorMaterialDragonscale; ArmorHelmet; VendorItemDaedricArtifact; MagicDisallowEnchanting; WAF_ArmorMatchingSetLeather; Survival_ArmorWarm,0x0006BBD3; 0x0006BBD5; 0x0006BBD6; 0x0006C0EE; 0x000917E8; 0x000C27BD; 0x01AF0105; 0x01002ED9,ArmorMaterialDragonplate; ArmorMaterialDragonscale,ArmorHelmet,VendorItemDaedricArtifact,0x360120CB,0x04039D2F,DLC02\Clothes\MiraakRobes\MiraakHelm_GND.nif,DLC02\Clothes\MiraakRobes\MiraakHelm_GND.nif
DoD,D:\Wabbajack\modlists\DoD,Diaries of Dibella - Lord's Vision,DOD - xEdit Output,30,DOD - MLU Master Patch.esp,D:\Wabbajack\modlists\DoD\mods\DOD - xEdit Output\DOD - MLU Master Patch.esp,0x04039D2E,DLC2MKMiraakMask2L,Miraak,plugin,Light,Light,Light,0.0,3804,6.0,Head; Hair; Circlet,30; 31; 42,ArmorLight; ArmorMaterialDragonplate; ArmorMaterialDragonscale; ArmorHelmet; VendorItemDaedricArtifact; MagicDisallowEnchanting; WAF_ArmorMatchingSetLeather; Survival_ArmorWarm,0x0006BBD3; 0x0006BBD5; 0x0006BBD6; 0x0006C0EE; 0x000917E8; 0x000C27BD; 0x01AF0105; 0x01002ED9,ArmorMaterialDragonplate; ArmorMaterialDragonscale,ArmorHelmet,VendorItemDaedricArtifact,0x360120CB,0x04039D2F,DLC02\Clothes\MiraakRobes\MiraakHelm_GND.nif,DLC02\Clothes\MiraakRobes\MiraakHelm_GND.nif
DoD,D:\Wabbajack\modlists\DoD,Diaries of Dibella - Lord's Vision,DOD - xEdit Output,30,DOD - MLU Master Patch.esp,D:\Wabbajack\modlists\DoD\mods\DOD - xEdit Output\DOD - MLU Master Patch.esp,0x04039D2F,DLC2MKMiraakMask3L,Miraak,plugin,Light,Light,Light,0.0,3804,6.0,Head; Hair; Circlet,30; 31; 42,ArmorLight; ArmorMaterialDragonplate; ArmorMaterialDragonscale; ArmorHelmet; VendorItemDaedricArtifact; MagicDisallowEnchanting; WAF_ArmorMatchingSetLeather; Survival_ArmorWarm,0x0006BBD3; 0x0006BBD5; 0x0006BBD6; 0x0006C0EE; 0x000917E8; 0x000C27BD; 0x01AF0105; 0x01002ED9,ArmorMaterialDragonplate; ArmorMaterialDragonscale,ArmorHelmet,VendorItemDaedricArtifact,0x360120CB,,DLC02\Clothes\MiraakRobes\MiraakHelm_GND.nif,DLC02\Clothes\MiraakRobes\MiraakHelm_GND.nif
DoD,D:\Wabbajack\modlists\DoD,Diaries of Dibella - Lord's Vision,DOD - xEdit Output,30,DOD - MLU Master Patch.esp,D:\Wabbajack\modlists\DoD\mods\DOD - xEdit Output\DOD - MLU Master Patch.esp,0x04039FA1,DLC2MKMiraakMask1H,Miraak,plugin,Light,Light,Light,0.0,3804,9.0,Head; Hair; Circlet,30; 31; 42,ArmorLight; ArmorMaterialDragonplate; ArmorMaterialDragonscale; ArmorHelmet; VendorItemDaedricArtifact; MagicDisallowEnchanting; WAF_ArmorMatchingSetLeather; Survival_ArmorWarm,0x0006BBD3; 0x0006BBD5; 0x0006BBD6; 0x0006C0EE; 0x000917E8; 0x000C27BD; 0x01AF0105; 0x01002ED9,ArmorMaterialDragonplate; ArmorMaterialDragonscale,ArmorHelmet,VendorItemDaedricArtifact,0x360120CB,0x04039FA3,DLC02\Clothes\MiraakRobes\MiraakHelm_GND.nif,DLC02\Clothes\MiraakRobes\MiraakHelm_GND.nif
DoD,D:\Wabbajack\modlists\DoD,Diaries of Dibella - Lord's Vision,DOD - xEdit Output,30,DOD - MLU Master Patch.esp,D:\Wabbajack\modlists\DoD\mods\DOD - xEdit Output\DOD - MLU Master Patch.esp,0x04039FA2,DLC2MKMiraakMask2H,Miraak,plugin,Light,Light,Light,0.0,3804,9.0,Head; Hair; Circlet,30; 31; 42,ArmorLight; ArmorMaterialDragonplate; ArmorMaterialDragonscale; ArmorHelmet; VendorItemDaedricArtifact; MagicDisallowEnchanting; WAF_ArmorMatchingSetLeather; Survival_ArmorWarm,0x0006BBD3; 0x0006BBD5; 0x0006BBD6; 0x0006C0EE; 0x000917E8; 0x000C27BD; 0x01AF0105; 0x01002ED9,ArmorMaterialDragonplate; ArmorMaterialDragonscale,ArmorHelmet,VendorItemDaedricArtifact,0x360120CB,0x04039FA3,DLC02\Clothes\MiraakRobes\MiraakHelm_GND.nif,DLC02\Clothes\MiraakRobes\MiraakHelm_GND.nif
DoD,D:\Wabbajack\modlists\DoD,Diaries of Dibella - Lord's Vision,DOD - xEdit Output,30,DOD - MLU Master Patch.esp,D:\Wabbajack\modlists\DoD\mods\DOD - xEdit Output\DOD - MLU Master Patch.esp,0x04039FA3,DLC2MKMiraakMask3H,Miraak,plugin,Light,Light,Light,0.0,3804,9.0,Head; Hair; Circlet,30; 31; 42,ArmorLight; ArmorMaterialDragonplate; ArmorMaterialDragonscale; ArmorHelmet; VendorItemDaedricArtifact; MagicDisallowEnchanting; WAF_ArmorMatchingSetLeather; Survival_ArmorWarm,0x0006BBD3; 0x0006BBD5; 0x0006BBD6; 0x0006C0EE; 0x000917E8; 0x000C27BD; 0x01AF0105; 0x01002ED9,ArmorMaterialDragonplate; ArmorMaterialDragonscale,ArmorHelmet,VendorItemDaedricArtifact,0x360120CB,,DLC02\Clothes\MiraakRobes\MiraakHelm_GND.nif,DLC02\Clothes\MiraakRobes\MiraakHelm_GND.nif
DoD,D:\Wabbajack\modlists\DoD,Diaries of Dibella - Lord's Vision,DOD - xEdit Output,30,GDE - WAAT Patch.esp,D:\Wabbajack\modlists\DoD\mods\DOD - xEdit Output\GDE - WAAT Patch.esp,0x0001396B,ArmorDaedricCuirass,Daedric Armor,plugin,Heavy,Heavy,Heavy,0.0,2125,40.0,Body,32,ArmorHeavy; ArmorMaterialDaedric; ArmorCuirass; VendorItemArmor; Survival_ArmorWarm; SPIKEArmorFancyBlack,0x0006BBD2; 0x0006BBD4; 0x0006C0EC; 0x0008F959; 0x01002ED9; 0x01DA010D,ArmorMaterialDaedric,ArmorCuirass,VendorItemArmor,,,Armor\Daedric\DaedricCuirassGO.nif,
DoD,D:\Wabbajack\modlists\DoD,Diaries of Dibella - Lord's Vision,DOD - xEdit Output,30,JOJ - Armour WAAT Patch 0.esp,D:\Wabbajack\modlists\DoD\mods\DOD - xEdit Output\JOJ - Armour WAAT Patch 0.esp,0x06000064,DX_Succubus_Gloves,Succubus Gloves,plugin,Heavy,Heavy,Heavy,0.0,1032,3.0,Hands,33,PerkFistsDaedric; ArmorHeavy; ArmorMaterialDaedric; ArmorGauntlets; VendorItemArmor,0x0002C17B; 0x0006BBD2; 0x0006BBD4; 0x0006C0EF; 0x0008F959,ArmorMaterialDaedric,ArmorGauntlets,VendorItemArmor,,,DX\Succubus\Box.nif,
DoD,D:\Wabbajack\modlists\DoD,Diaries of Dibella - Lord's Vision,DOD - xEdit Output,30,JOJ - Armour WAAT Patch 0.esp,D:\Wabbajack\modlists\DoD\mods\DOD - xEdit Output\JOJ - Armour WAAT Patch 0.esp,0x06000067,DX_Succubus_Horns,Succubus Horns,plugin,Heavy,Heavy,Heavy,0.0,360,4.0,Circlet,42,ArmorHeavy; ArmorMaterialDaedric; ArmorHelmet; VendorItemArmor,0x0006BBD2; 0x0006BBD4; 0x0006C0EE; 0x0008F959,ArmorMaterialDaedric,ArmorHelmet,VendorItemArmor,,,DX\Succubus\Box.nif,
DoD,D:\Wabbajack\modlists\DoD,Diaries of Dibella - Lord's Vision,DOD - xEdit Output,30,JOJ - Armour WAAT Patch 0.esp,D:\Wabbajack\modlists\DoD\mods\DOD - xEdit Output\JOJ - Armour WAAT Patch 0.esp,0x0600006A,DX_Succubus_Armor,Succubus Armor,plugin,Heavy,Heavy,Heavy,0.0,1372,10.0,Body,32,ArmorHeavy; ArmorMaterialDaedric; ArmorCuirass; VendorItemArmor,0x0006BBD2; 0x0006BBD4; 0x0006C0EC; 0x0008F959,ArmorMaterialDaedric,ArmorCuirass,VendorItemArmor,,,DX\Succubus\Box.nif,
DoD,D:\Wabbajack\modlists\DoD,Diaries of Dibella - Lord's Vision,DOD - xEdit Output,30,JOJ - Armour WAAT Patch 0.esp,D:\Wabbajack\modlists\DoD\mods\DOD - xEdit Output\JOJ - Armour WAAT Patch 0.esp,0x0600006C,DX_Succubus_Heels,Succubus Heels,plugin,Heavy,Heavy,Heavy,0.0,386,3.0,Feet,37,ArmorHeavy; ArmorMaterialDaedric; ArmorBoots; VendorItemArmor,0x0006BBD2; 0x0006BBD4; 0x0006C0ED; 0x0008F959,ArmorMaterialDaedric,ArmorBoots,VendorItemArmor,,,DX\Succubus\Box.nif,
DoD,D:\Wabbajack\modlists\DoD,Diaries of Dibella - Lord's Vision,DOD - xEdit Output,30,JOJ - Armour WAAT Patch 0.esp,D:\Wabbajack\modlists\DoD\mods\DOD - xEdit Output\JOJ - Armour WAAT Patch 0.esp,0x060009C7,DX_MAC_CelesNightingaleCuirass3,Celes Nightingale Cuirass,plugin,Light,Light,Light,0.0,1500,6.0,Body; Calves,32; 38,ArmorLight; ArmorMaterialDaedric; ArmorCuirass; VendorItemArmor,0x0006BBD3; 0x0006BBD4; 0x0006C0EC; 0x0008F959,ArmorMaterialDaedric,ArmorCuirass,VendorItemArmor,,,DX\MiniArmorsCollection\Common\DX_MAC_CelesNightingale_gnd.nif,
DoD,D:\Wabbajack\modlists\DoD,Diaries of Dibella - Lord's Vision,DOD - xEdit Output,30,JOJ - Armour WAAT Patch 0.esp,D:\Wabbajack\modlists\DoD\mods\DOD - xEdit Output\JOJ - Armour WAAT Patch 0.esp,0x060009C8,DX_MAC_CelesNightingaleCuirass2,Celes Nightingale Cuirass,plugin,Light,Light,Light,0.0,1500,6.0,Body; Calves,32; 38,ArmorLight; ArmorMaterialDaedric; ArmorCuirass; VendorItemArmor,0x0006BBD3; 0x0006BBD4; 0x0006C0EC; 0x0008F959,ArmorMaterialDaedric,ArmorCuirass,VendorItemArmor,,,DX\MiniArmorsCollection\Common\DX_MAC_CelesNightingale_gnd.nif,
DoD,D:\Wabbajack\modlists\DoD,Diaries of Dibella - Lord's Vision,DOD - xEdit Output,30,JOJ - Armour WAAT Patch 0.esp,D:\Wabbajack\modlists\DoD\mods\DOD - xEdit Output\JOJ - Armour WAAT Patch 0.esp,0x060009C9,DX_MAC_CelesNightingaleHood3,Celes Nightingale Hood Dragon's Tongue,plugin,Light,Light,Light,0.0,750,4.0,Hair; Circlet; Ears,31; 42; 43,ArmorLight; ArmorMaterialDaedric; ArmorHelmet; VendorItemArmor,0x0006BBD3; 0x0006BBD4; 0x0006C0EE; 0x0008F959,ArmorMaterialDaedric,ArmorHelmet,VendorItemArmor,,,DX\MiniArmorsCollection\Common\DX_MAC_CelesNightingale_gnd.nif,
DoD,D:\Wabbajack\modlists\DoD,Diaries of Dibella - Lord's Vision,DOD - xEdit Output,30,JOJ - Armour WAAT Patch 0.esp,D:\Wabbajack\modlists\DoD\mods\DOD - xEdit Output\JOJ - Armour WAAT Patch 0.esp,0x060009CA,DX_MAC_CelesNightingaleStockings1,Celes Nightingale Stockings,plugin,Light,Light,Light,0.0,150,1.0,Custom Slot (53),53,ArmorLight; ArmorMaterialDaedric; VendorItemArmor; MagicDisallowEnchanting,0x0006BBD3; 0x0006BBD4; 0x0008F959; 0x000C27BD,ArmorMaterialDaedric,,VendorItemArmor,,,DX\MiniArmorsCollection\Common\DX_MAC_CelesNightingale_gnd.nif,
DoD,D:\Wabbajack\modlists\DoD,Diaries of Dibella - Lord's Vision,DOD - xEdit Output,30,JOJ - Armour WAAT Patch 0.esp,D:\Wabbajack\modlists\DoD\mods\DOD - xEdit Output\JOJ - Armour WAAT Patch 0.esp,0x060009CB,DX_MAC_CelesNightingaleHood4,Celes Nightingale Hood Bleeding Crown,plugin,Light,Light,Light,0.0,750,4.0,Hair; Circlet; Ears,31; 42; 43,ArmorLight; ArmorMaterialDaedric; ArmorHelmet; VendorItemArmor,0x0006BBD3; 0x0006BBD4; 0x0006C0EE; 0x0008F959,ArmorMaterialDaedric,ArmorHelmet,VendorItemArmor,,,DX\MiniArmorsCollection\Common\DX_MAC_CelesNightingale_gnd.nif,
DoD,D:\Wabbajack\modlists\DoD,Diaries of Dibella - Lord's Vision,DOD - xEdit Output,30,JOJ - Armour WAAT Patch 0.esp,D:\Wabbajack\modlists\DoD\mods\DOD - xEdit Output\JOJ - Armour WAAT Patch 0.esp,0x060009CC,DX_MAC_CelesNightingaleCuirass5,Celes Nightingale Cuirass,plugin,Light,Light,Light,0.0,1500,6.0,Body; Calves,32; 38,ArmorLight; ArmorMaterialDaedric; ArmorCuirass; VendorItemArmor,0x0006BBD3; 0x0006BBD4; 0x0006C0EC; 0x0008F959,ArmorMaterialDaedric,ArmorCuirass,VendorItemArmor,,,DX\MiniArmorsCollection\Common\DX_MAC_CelesNightingale_gnd.nif,
DoD,D:\Wabbajack\modlists\DoD,Diaries of Dibella - Lord's Vision,DOD - xEdit Output,30,JOJ - Armour WAAT Patch 0.esp,D:\Wabbajack\modlists\DoD\mods\DOD - xEdit Output\JOJ - Armour WAAT Patch 0.esp,0x060009CD,DX_MAC_CelesNightingaleHood5,Celes Nightingale Hood Luna Moth,plugin,Light,Light,Light,0.0,750,4.0,Hair; Circlet; Ears,31; 42; 43,ArmorLight; ArmorMaterialDaedric; ArmorHelmet; VendorItemArmor,0x0006BBD3; 0x0006BBD4; 0x0006C0EE; 0x0008F959,ArmorMaterialDaedric,ArmorHelmet,VendorItemArmor,,,DX\MiniArmorsCollection\Common\DX_MAC_CelesNightingale_gnd.nif,
DoD,D:\Wabbajack\modlists\DoD,Diaries of Dibella - Lord's Vision,DOD - xEdit Output,30,JOJ - Armour WAAT Patch 0.esp,D:\Wabbajack\modlists\DoD\mods\DOD - xEdit Output\JOJ - Armour WAAT Patch 0.esp,0x060009CF,DX_MAC_CelesNightingaleStockings2,Celes Nightingale Stockings,plugin,Light,Light,Light,0.0,150,1.0,Custom Slot (53),53,ArmorLight; ArmorMaterialDaedric; VendorItemArmor; MagicDisallowEnchanting,0x0006BBD3; 0x0006BBD4; 0x0008F959; 0x000C27BD,ArmorMaterialDaedric,,VendorItemArmor,,,DX\MiniArmorsCollection\Common\DX_MAC_CelesNightingale_gnd.nif,
DoD,D:\Wabbajack\modlists\DoD,Diaries of Dibella - Lord's Vision,DOD - xEdit Output,30,JOJ - Armour WAAT Patch 0.esp,D:\Wabbajack\modlists\DoD\mods\DOD - xEdit Output\JOJ - Armour WAAT Patch 0.esp,0x060009D0,DX_MAC_CelesNightingaleHood2,Celes Nightingale Hood Deathbell,plugin,Light,Light,Light,0.0,750,4.0,Hair; Circlet; Ears,31; 42; 43,ArmorLight; ArmorMaterialDaedric; ArmorHelmet; VendorItemArmor,0x0006BBD3; 0x0006BBD4; 0x0006C0EE; 0x0008F959,ArmorMaterialDaedric,ArmorHelmet,VendorItemArmor,,,DX\MiniArmorsCollection\Common\DX_MAC_CelesNightingale_gnd.nif,
DoD,D:\Wabbajack\modlists\DoD,Diaries of Dibella - Lord's Vision,DOD - xEdit Output,30,JOJ - Armour WAAT Patch 0.esp,D:\Wabbajack\modlists\DoD\mods\DOD - xEdit Output\JOJ - Armour WAAT Patch 0.esp,0x060009D1,DX_MAC_CelesNightingaleHood1,Celes Nightingale Hood Hagraven,plugin,Light,Light,Light,0.0,750,4.0,Hair; Circlet; Ears,31; 42; 43,ArmorLight; ArmorMaterialDaedric; ArmorHelmet; VendorItemArmor,0x0006BBD3; 0x0006BBD4; 0x0006C0EE; 0x0008F959,ArmorMaterialDaedric,ArmorHelmet,VendorItemArmor,,,DX\MiniArmorsCollection\Common\DX_MAC_CelesNightingale_gnd.nif,
DoD,D:\Wabbajack\modlists\DoD,Diaries of Dibella - Lord's Vision,DOD - xEdit Output,30,JOJ - Armour WAAT Patch 0.esp,D:\Wabbajack\modlists\DoD\mods\DOD - xEdit Output\JOJ - Armour WAAT Patch 0.esp,0x060009D2,DX_MAC_CelesNightingaleBoots,Celes Nightingale Boots,plugin,Light,Light,Light,0.0,300,3.0,Feet,37,ArmorLight; ArmorMaterialDaedric; ArmorBoots; VendorItemArmor,0x0006BBD3; 0x0006BBD4; 0x0006C0ED; 0x0008F959,ArmorMaterialDaedric,ArmorBoots,VendorItemArmor,,,DX\MiniArmorsCollection\Common\DX_MAC_CelesNightingale_gnd.nif,
DoD,D:\Wabbajack\modlists\DoD,Diaries of Dibella - Lord's Vision,DOD - xEdit Output,30,JOJ - Armour WAAT Patch 0.esp,D:\Wabbajack\modlists\DoD\mods\DOD - xEdit Output\JOJ - Armour WAAT Patch 0.esp,0x060009D3,DX_MAC_CelesNightingaleGauntlets,Celes Nightingale Gauntlets,plugin,Light,Light,Light,0.0,300,3.0,Hands,33,ArmorLight; ArmorMaterialDaedric; ArmorGauntlets; VendorItemArmor,0x0006BBD3; 0x0006BBD4; 0x0006C0EF; 0x0008F959,ArmorMaterialDaedric,ArmorGauntlets,VendorItemArmor,,,DX\MiniArmorsCollection\Common\DX_MAC_CelesNightingale_gnd.nif,
DoD,D:\Wabbajack\modlists\DoD,Diaries of Dibella - Lord's Vision,DOD - xEdit Output,30,JOJ - Armour WAAT Patch 0.esp,D:\Wabbajack\modlists\DoD\mods\DOD - xEdit Output\JOJ - Armour WAAT Patch 0.esp,0x060009D4,DX_MAC_CelesNightingaleCuirass1,Celes Nightingale Cuirass,plugin,Light,Light,Light,0.0,1500,6.0,Body; Calves,32; 38,ArmorLight; ArmorMaterialDaedric; ArmorCuirass; VendorItemArmor,0x0006BBD3; 0x0006BBD4; 0x0006C0EC; 0x0008F959,ArmorMaterialDaedric,ArmorCuirass,VendorItemArmor,,,DX\MiniArmorsCollection\Common\DX_MAC_CelesNightingale_gnd.nif,
DoD,D:\Wabbajack\modlists\DoD,Diaries of Dibella - Lord's Vision,DOD - xEdit Output,30,JOJ - Armour WAAT Patch 0.esp,D:\Wabbajack\modlists\DoD\mods\DOD - xEdit Output\JOJ - Armour WAAT Patch 0.esp,0x060009D5,DX_MAC_CelesNightingaleHood,Celes Nightingale Hood,plugin,Light,Light,Light,0.0,750,4.0,Head; Hair; Circlet; Ears,30; 31; 42; 43,ArmorLight; ArmorMaterialDaedric; ArmorHelmet; VendorItemArmor,0x0006BBD3; 0x0006BBD4; 0x0006C0EE; 0x0008F959,ArmorMaterialDaedric,ArmorHelmet,VendorItemArmor,,,DX\MiniArmorsCollection\Common\DX_MAC_CelesNightingale_gnd.nif,
DoD,D:\Wabbajack\modlists\DoD,Diaries of Dibella - Lord's Vision,DOD - xEdit Output,30,JOJ - Armour WAAT Patch 0.esp,D:\Wabbajack\modlists\DoD\mods\DOD - xEdit Output\JOJ - Armour WAAT Patch 0.esp,0x060009D6,DX_MAC_CelesNightingaleCuirass4,Celes Nightingale Cuirass,plugin,Light,Light,Light,0.0,1500,6.0,Body; Calves,32; 38,ArmorLight; ArmorMaterialDaedric; ArmorCuirass; VendorItemArmor,0x0006BBD3; 0x0006BBD4; 0x0006C0EC; 0x0008F959,ArmorMaterialDaedric,ArmorCuirass,VendorItemArmor,,,DX\MiniArmorsCollection\Common\DX_MAC_CelesNightingale_gnd.nif,
DoD,D:\Wabbajack\modlists\DoD,Diaries of Dibella - Lord's Vision,DOD - xEdit Output,30,JOJ - Armour WAAT Patch 0.esp,D:\Wabbajack\modlists\DoD\mods\DOD - xEdit Output\JOJ - Armour WAAT Patch 0.esp,0x06000B53,DX_MAC_DaedricReaperCuirass,Daedric Reaper Cuirass,plugin,Heavy,Heavy,Heavy,0.0,4000,40.0,Body,32,ArmorHeavy; ArmorMaterialDaedric; ArmorCuirass; VendorItemArmor,0x0006BBD2; 0x0006BBD4; 0x0006C0EC; 0x0008F959,ArmorMaterialDaedric,ArmorCuirass,VendorItemArmor,,,DX\MiniArmorsCollection\Common\DX_MAC_DaedricReaper_gnd.nif,DX\MiniArmorsCollection\Common\DX_MAC_DaedricReaper_gnd.nif
DoD,D:\Wabbajack\modlists\DoD,Diaries of Dibella - Lord's Vision,DOD - xEdit Output,30,JOJ - Armour WAAT Patch 0.esp,D:\Wabbajack\modlists\DoD\mods\DOD - xEdit Output\JOJ - Armour WAAT Patch 0.esp,0x06000B54,DX_MAC_DaedricReaperBoots,Daedric Reaper Boots,plugin,Heavy,Heavy,Heavy,0.0,800,6.0,Feet,37,ArmorHeavy; ArmorMaterialDaedric; ArmorBoots; VendorItemArmor,0x0006BBD2; 0x0006BBD4; 0x0006C0ED; 0x0008F959,ArmorMaterialDaedric,ArmorBoots,VendorItemArmor,,,DX\MiniArmorsCollection\Common\DX_MAC_DaedricReaper_gnd.nif,
DoD,D:\Wabbajack\modlists\DoD,Diaries of Dibella - Lord's Vision,DOD - xEdit Output,30,JOJ - Armour WAAT Patch 0.esp,D:\Wabbajack\modlists\DoD\mods\DOD - xEdit Output\JOJ - Armour WAAT Patch 0.esp,0x06000B55,DX_MAC_DaedricReaperHoodHair02,Daedric Reaper Hood Honey,plugin,Heavy,Heavy,Heavy,0.0,1800,6.0,Hair,31,ArmorHeavy; ArmorMaterialDaedric; ArmorHelmet; VendorItemArmor,0x0006BBD2; 0x0006BBD4; 0x0006C0EE; 0x0008F959,ArmorMaterialDaedric,ArmorHelmet,VendorItemArmor,,,DX\MiniArmorsCollection\Common\DX_MAC_DaedricReaper_gnd.nif,
DoD,D:\Wabbajack\modlists\DoD,Diaries of Dibella - Lord's Vision,DOD - xEdit Output,30,JOJ - Armour WAAT Patch 0.esp,D:\Wabbajack\modlists\DoD\mods\DOD - xEdit Output\JOJ - Armour WAAT Patch 0.esp,0x06000B56,DX_MAC_DaedricReaperHoodHair04,Daedric Reaper Hood Ghost,plugin,Heavy,Heavy,Heavy,0.0,1800,6.0,Hair,31,ArmorHeavy; ArmorMaterialDaedric; ArmorHelmet; VendorItemArmor,0x0006BBD2; 0x0006BBD4; 0x0006C0EE; 0x0008F959,ArmorMaterialDaedric,ArmorHelmet,VendorItemArmor,,,DX\MiniArmorsCollection\Common\DX_MAC_DaedricReaper_gnd.nif,
DoD,D:\Wabbajack\modlists\DoD,Diaries of Dibella - Lord's Vision,DOD - xEdit Output,30,JOJ - Armour WAAT Patch 0.esp,D:\Wabbajack\modlists\DoD\mods\DOD - xEdit Output\JOJ - Armour WAAT Patch 0.esp,0x06000B57,DX_MAC_DaedricReaperHoodHair03,Daedric Reaper Hood Blood,plugin,Heavy,Heavy,Heavy,0.0,1800,6.0,Hair,31,ArmorHeavy; ArmorMaterialDaedric; ArmorHelmet; VendorItemArmor,0x0006BBD2; 0x0006BBD4; 0x0006C0EE; 0x0008F959,ArmorMaterialDaedric,ArmorHelmet,VendorItemArmor,,,DX\MiniArmorsCollection\Common\DX_MAC_DaedricReaper_gnd.nif,
DoD,D:\Wabbajack\modlists\DoD,Diaries of Dibella - Lord's Vision,DOD - xEdit Output,30,JOJ - Armour WAAT Patch 0.esp,D:\Wabbajack\modlists\DoD\mods\DOD - xEdit Output\JOJ - Armour WAAT Patch 0.esp,0x06000B58,DX_MAC_DaedricReaperGauntlets,Daedric Reaper Gauntlets,plugin,Heavy,Heavy,Heavy,0.0,800,6.0,Hands,33,PerkFistsDaedric; ArmorHeavy; ArmorMaterialDaedric; ArmorGauntlets; VendorItemArmor,0x0002C17B; 0x0006BBD2; 0x0006BBD4; 0x0006C0EF; 0x0008F959,ArmorMaterialDaedric,ArmorGauntlets,VendorItemArmor,,,DX\MiniArmorsCollection\Common\DX_MAC_DaedricReaper_gnd.nif,
DoD,D:\Wabbajack\modlists\DoD,Diaries of Dibella - Lord's Vision,DOD - xEdit Output,30,JOJ - Armour WAAT Patch 0.esp,D:\Wabbajack\modlists\DoD\mods\DOD - xEdit Output\JOJ - Armour WAAT Patch 0.esp,0x06000B59,DX_MAC_DaedricReaperSkirt,Daedric Reaper Skirt,plugin,Heavy,Heavy,Heavy,0.0,600,2.0,Custom Slot (52),52,ArmorHeavy; ArmorMaterialDaedric; VendorItemArmor; ClothingNecklace,0x0006BBD2; 0x0006BBD4; 0x0008F959; 0x0010CD0A,ArmorMaterialDaedric,ClothingNecklace,VendorItemArmor,,,DX\MiniArmorsCollection\Common\DX_MAC_DaedricReaper_gnd.nif,
DoD,D:\Wabbajack\modlists\DoD,Diaries of Dibella - Lord's Vision,DOD - xEdit Output,30,JOJ - Armour WAAT Patch 0.esp,D:\Wabbajack\modlists\DoD\mods\DOD - xEdit Output\JOJ - Armour WAAT Patch 0.esp,0x06000B5A,DX_MAC_DaedricReaperHoodEmpty,Daedric Reaper Hood,plugin,Heavy,Heavy,Heavy,0.0,1800,6.0,Hair,31,ArmorHeavy; ArmorMaterialDaedric; ArmorHelmet; VendorItemArmor,0x0006BBD2; 0x0006BBD4; 0x0006C0EE; 0x0008F959,ArmorMaterialDaedric,ArmorHelmet,VendorItemArmor,,,DX\MiniArmorsCollection\Common\DX_MAC_DaedricReaper_gnd.nif,
DoD,D:\Wabbajack\modlists\DoD,Diaries of Dibella - Lord's Vision,DOD - xEdit Output,30,JOJ - Armour WAAT Patch 0.esp,D:\Wabbajack\modlists\DoD\mods\DOD - xEdit Output\JOJ - Armour WAAT Patch 0.esp,0x06000B5B,DX_MAC_DaedricReaperLeggings1,Daedric Reaper Leggings,plugin,Heavy,Heavy,Heavy,0.0,2000,6.0,Custom Slot (53),53,ArmorHeavy; ArmorMaterialDaedric; VendorItemArmor; MagicDisallowEnchanting,0x0006BBD2; 0x0006BBD4; 0x0008F959; 0x000C27BD,ArmorMaterialDaedric,,VendorItemArmor,,,DX\MiniArmorsCollection\Common\DX_MAC_DaedricReaper_gnd.nif,
DoD,D:\Wabbajack\modlists\DoD,Diaries of Dibella - Lord's Vision,DOD - xEdit Output,30,JOJ - Armour WAAT Patch 0.esp,D:\Wabbajack\modlists\DoD\mods\DOD - xEdit Output\JOJ - Armour WAAT Patch 0.esp,0x06000B5C,DX_MAC_DaedricReaperHoodFaceless,Daedric Reaper Hood Faceless,plugin,Heavy,Heavy,Heavy,0.0,1800,6.0,Head; Hair,30; 31,ArmorHeavy; ArmorMaterialDaedric; ArmorHelmet; VendorItemArmor,0x0006BBD2; 0x0006BBD4; 0x0006C0EE; 0x0008F959,ArmorMaterialDaedric,ArmorHelmet,VendorItemArmor,,,DX\MiniArmorsCollection\Common\DX_MAC_DaedricReaper_gnd.nif,
DoD,D:\Wabbajack\modlists\DoD,Diaries of Dibella - Lord's Vision,DOD - xEdit Output,30,JOJ - Armour WAAT Patch 0.esp,D:\Wabbajack\modlists\DoD\mods\DOD - xEdit Output\JOJ - Armour WAAT Patch 0.esp,0x06000B5E,DX_MAC_DaedricReaperLeggings2,Daedric Reaper Leggings,plugin,Heavy,Heavy,Heavy,0.0,2000,6.0,Custom Slot (53),53,ArmorHeavy; ArmorMaterialDaedric; VendorItemArmor; MagicDisallowEnchanting,0x0006BBD2; 0x0006BBD4; 0x0008F959; 0x000C27BD,ArmorMaterialDaedric,,VendorItemArmor,,,DX\MiniArmorsCollection\Common\DX_MAC_DaedricReaper_gnd.nif,
DoD,D:\Wabbajack\modlists\DoD,Diaries of Dibella - Lord's Vision,DOD - xEdit Output,30,JOJ - Armour WAAT Patch 0.esp,D:\Wabbajack\modlists\DoD\mods\DOD - xEdit Output\JOJ - Armour WAAT Patch 0.esp,0x06000B5F,DX_MAC_DaedricReaperHoodHair01,Daedric Reaper Hood Hagraven,plugin,Heavy,Heavy,Heavy,0.0,1800,6.0,Hair,31,ArmorHeavy; ArmorMaterialDaedric; ArmorHelmet; VendorItemArmor,0x0006BBD2; 0x0006BBD4; 0x0006C0EE; 0x0008F959,ArmorMaterialDaedric,ArmorHelmet,VendorItemArmor,,,DX\MiniArmorsCollection\Common\DX_MAC_DaedricReaper_gnd.nif,
DoD,D:\Wabbajack\modlists\DoD,Diaries of Dibella - Lord's Vision,DOD - xEdit Output,30,JOJ - Armour WAAT Patch 0.esp,D:\Wabbajack\modlists\DoD\mods\DOD - xEdit Output\JOJ - Armour WAAT Patch 0.esp,0x06000BFE,DX_Demon_Armor,Demon Armor,plugin,Heavy,Heavy,Heavy,0.0,3200,25.0,Body,32,ArmorHeavy; ArmorMaterialDaedric; ArmorCuirass; VendorItemArmor; Survival_ArmorWarm,0x0006BBD2; 0x0006BBD4; 0x0006C0EC; 0x0008F959; 0x01002ED9,ArmorMaterialDaedric,ArmorCuirass,VendorItemArmor,,,DX\Demon\DX_Demon_Box.nif,
DoD,D:\Wabbajack\modlists\DoD,Diaries of Dibella - Lord's Vision,DOD - xEdit Output,30,JOJ - Armour WAAT Patch 0.esp,D:\Wabbajack\modlists\DoD\mods\DOD - xEdit Output\JOJ - Armour WAAT Patch 0.esp,0x06000BFF,DX_Demon_Horns,Demon Horns,plugin,Heavy,Heavy,Heavy,0.0,1600,7.5,Circlet,42,ArmorHeavy; ArmorMaterialDaedric; ArmorHelmet; VendorItemArmor; Survival_ArmorWarm,0x0006BBD2; 0x0006BBD4; 0x0006C0EE; 0x0008F959; 0x01002ED9,ArmorMaterialDaedric,ArmorHelmet,VendorItemArmor,,,DX\Demon\DX_Demon_Box.nif,
DoD,D:\Wabbajack\modlists\DoD,Diaries of Dibella - Lord's Vision,DOD - xEdit Output,30,JOJ - Armour WAAT Patch 0.esp,D:\Wabbajack\modlists\DoD\mods\DOD - xEdit Output\JOJ - Armour WAAT Patch 0.esp,0x06000C00,DX_Demon_Boots,Demon Boots,plugin,Heavy,Heavy,Heavy,0.0,625,5.0,Feet,37,ArmorHeavy; ArmorMaterialDaedric; ArmorBoots; VendorItemArmor; Survival_ArmorWarm,0x0006BBD2; 0x0006BBD4; 0x0006C0ED; 0x0008F959; 0x01002ED9,ArmorMaterialDaedric,ArmorBoots,VendorItemArmor,,,DX\Demon\DX_Demon_Box.nif,
DoD,D:\Wabbajack\modlists\DoD,Diaries of Dibella - Lord's Vision,DOD - xEdit Output,30,JOJ - Armour WAAT Patch 0.esp,D:\Wabbajack\modlists\DoD\mods\DOD - xEdit Output\JOJ - Armour WAAT Patch 0.esp,0x06000C02,DX_Demon_Shield,Demon Shield,plugin,Heavy,Heavy,,0.0,1600,7.5,Shield,39,ArmorMaterialDaedric; VendorItemArmor; ArmorShield; MagicDisallowEnchanting,0x0006BBD4; 0x0008F959; 0x000965B2; 0x000C27BD,ArmorMaterialDaedric,ArmorShield,VendorItemArmor,,,DX\Demon\DX_Demon_Shield.nif,
DoD,D:\Wabbajack\modlists\DoD,Diaries of Dibella - Lord's Vision,DOD - xEdit Output,30,JOJ - Armour WAAT Patch 0.esp,D:\Wabbajack\modlists\DoD\mods\DOD - xEdit Output\JOJ - Armour WAAT Patch 0.esp,0x06000C03,DX_Demon_Gauntlets,Demon Gauntlets,plugin,Heavy,Heavy,Heavy,0.0,625,3.0,Hands; Forearms,33; 34,PerkFistsDaedric; ArmorHeavy; ArmorMaterialDaedric; ArmorGauntlets; VendorItemArmor; Survival_ArmorWarm,0x0002C17B; 0x0006BBD2; 0x0006BBD4; 0x0006C0EF; 0x0008F959; 0x01002ED9,ArmorMaterialDaedric,ArmorGauntlets,VendorItemArmor,,,DX\Demon\DX_Demon_Box.nif,
DoD,D:\Wabbajack\modlists\DoD,Diaries of Dibella - Lord's Vision,DOD - xEdit Output,30,JOJ - Armour WAAT Patch 0.esp,D:\Wabbajack\modlists\DoD\mods\DOD - xEdit Output\JOJ - Armour WAAT Patch 0.esp,0x06000C04,DX_Demon_Cape,Demon Cape,plugin,Heavy,Heavy,Heavy,0.0,625,3.0,Custom Slot (46),46,ArmorHeavy; ArmorMaterialDaedric; VendorItemArmor; ArmorShield; Survival_ArmorWarm,0x0006BBD2; 0x0006BBD4; 0x0008F959; 0x000965B2; 0x01002ED9,ArmorMaterialDaedric,ArmorShield,VendorItemArmor,,,DX\Demon\DX_Demon_Box.nif,
DoD,D:\Wabbajack\modlists\DoD,Diaries of Dibella - Lord's Vision,DOD - xEdit Output,30,JOJ - Armour WAAT Patch 0.esp,D:\Wabbajack\modlists\DoD\mods\DOD - xEdit Output\JOJ - Armour WAAT Patch 0.esp,0x06000E19,DX_MAC_MertaAssassinSkirtB,Merta Assassin Reinforced Skirt,plugin,Light,Light,Light,0.0,100,2.0,Custom Slot (52),52,ArmorLight; ArmorMaterialDaedric; VendorItemArmor; MagicDisallowEnchanting,0x0006BBD3; 0x0006BBD4; 0x0008F959; 0x000C27BD,ArmorMaterialDaedric,,VendorItemArmor,,,DX\MiniArmorsCollection\Common\DX_MAC_MertaAssassin_gnd.nif,
DoD,D:\Wabbajack\modlists\DoD,Diaries of Dibella - Lord's Vision,DOD - xEdit Output,30,JOJ - Armour WAAT Patch 0.esp,D:\Wabbajack\modlists\DoD\mods\DOD - xEdit Output\JOJ - Armour WAAT Patch 0.esp,0x06000E1A,DX_MAC_MertaAssassinTunic,Merta Assassin Fishnet Tunic,plugin,Light,Light,Light,0.0,1000,4.0,Body; Calves,32; 38,ArmorLight; ArmorMaterialDaedric; ArmorCuirass; VendorItemArmor,0x0006BBD3; 0x0006BBD4; 0x0006C0EC; 0x0008F959,ArmorMaterialDaedric,ArmorCuirass,VendorItemArmor,,,DX\MiniArmorsCollection\Common\DX_MAC_MertaAssassin_gnd.nif,
DoD,D:\Wabbajack\modlists\DoD,Diaries of Dibella - Lord's Vision,DOD - xEdit Output,30,JOJ - Armour WAAT Patch 0.esp,D:\Wabbajack\modlists\DoD\mods\DOD - xEdit Output\JOJ - Armour WAAT Patch 0.esp,0x06000E1B,DX_MAC_MertaAssassinLeggings,Merta Assassin Fishnet Leggings,plugin,Light,Light,Light,0.0,200,3.0,Feet; Custom Slot (53),37; 53,ArmorLight; ArmorMaterialDaedric; ArmorBoots; VendorItemArmor,0x0006BBD3; 0x0006BBD4; 0x0006C0ED; 0x0008F959,ArmorMaterialDaedric,ArmorBoots,VendorItemArmor,,,DX\MiniArmorsCollection\Common\DX_MAC_MertaAssassin_gnd.nif,
DoD,D:\Wabbajack\modlists\DoD,Diaries of Dibella - Lord's Vision,DOD - xEdit Output,30,JOJ - Armour WAAT Patch 0.esp,D:\Wabbajack\modlists\DoD\mods\DOD - xEdit Output\JOJ - Armour WAAT Patch 0.esp,0x06000E1C,DX_MAC_MertaAssassinArmletsB,Merta Assassin Reinforced Armlets,plugin,Light,Light,Light,0.0,150,2.0,Forearms,34,ArmorLight; ArmorMaterialDaedric; VendorItemArmor; MagicDisallowEnchanting,0x0006BBD3; 0x0006BBD4; 0x0008F959; 0x000C27BD,ArmorMaterialDaedric,,VendorItemArmor,,,DX\MiniArmorsCollection\Common\DX_MAC_MertaAssassin_gnd.nif,
DoD,D:\Wabbajack\modlists\DoD,Diaries of Dibella - Lord's Vision,DOD - xEdit Output,30,JOJ - Armour WAAT Patch 0.esp,D:\Wabbajack\modlists\DoD\mods\DOD - xEdit Output\JOJ - Armour WAAT Patch 0.esp,0x06000E1D,DX_MAC_MertaAssassinShoesHDT,Merta Assassin Belt Shoes,plugin,Light,Light,Light,0.0,150,3.0,Feet,37,ArmorLight; ArmorMaterialDaedric; ArmorBoots; VendorItemArmor,0x0006BBD3; 0x0006BBD4; 0x0006C0ED; 0x0008F959,ArmorMaterialDaedric,ArmorBoots,VendorItemArmor,,,DX\MiniArmorsCollection\Common\DX_MAC_MertaAssassin_gnd.nif,
DoD,D:\Wabbajack\modlists\DoD,Diaries of Dibella - Lord's Vision,DOD - xEdit Output,30,JOJ - Armour WAAT Patch 0.esp,D:\Wabbajack\modlists\DoD\mods\DOD - xEdit Output\JOJ - Armour WAAT Patch 0.esp,0x06000E1E,DX_MAC_MertaAssassinHeadband,Merta Assassin Headband,plugin,Light,Light,Light,0.0,150,1.0,Circlet,42,ArmorLight; ArmorMaterialDaedric; ArmorHelmet; VendorItemArmor,0x0006BBD3; 0x0006BBD4; 0x0006C0EE; 0x0008F959,ArmorMaterialDaedric,ArmorHelmet,VendorItemArmor,,,DX\MiniArmorsCollection\Common\DX_MAC_MertaAssassin_gnd.nif,
DoD,D:\Wabbajack\modlists\DoD,Diaries of Dibella - Lord's Vision,DOD - xEdit Output,30,JOJ - Armour WAAT Patch 0.esp,D:\Wabbajack\modlists\DoD\mods\DOD - xEdit Output\JOJ - Armour WAAT Patch 0.esp,0x06000E1F,DX_MAC_MertaAssassinLeggingsC,Merta Assassin Elegant Leggings,plugin,Light,Light,Light,0.0,300,6.0,Feet; Custom Slot (53),37; 53,ArmorLight; ArmorMaterialDaedric; ArmorBoots; VendorItemArmor,0x0006BBD3; 0x0006BBD4; 0x0006C0ED; 0x0008F959,ArmorMaterialDaedric,ArmorBoots,VendorItemArmor,,,DX\MiniArmorsCollection\Common\DX_MAC_MertaAssassin_gnd.nif,
DoD,D:\Wabbajack\modlists\DoD,Diaries of Dibella - Lord's Vision,DOD - xEdit Output,30,JOJ - Armour WAAT Patch 0.esp,D:\Wabbajack\modlists\DoD\mods\DOD - xEdit Output\JOJ - Armour WAAT Patch 0.esp,0x06000E20,DX_MAC_MertaAssassinBootsHDT,Merta Assassin Fishnet Boots,plugin,Light,Light,Light,0.0,100,2.0,Feet,37,ArmorLight; ArmorMaterialDaedric; ArmorBoots; VendorItemArmor,0x0006BBD3; 0x0006BBD4; 0x0006C0ED; 0x0008F959,ArmorMaterialDaedric,ArmorBoots,VendorItemArmor,,,DX\MiniArmorsCollection\Common\DX_MAC_MertaAssassin_gnd.nif,
DoD,D:\Wabbajack\modlists\DoD,Diaries of Dibella - Lord's Vision,DOD - xEdit Output,30,JOJ - Armour WAAT Patch 0.esp,D:\Wabbajack\modlists\DoD\mods\DOD - xEdit Output\JOJ - Armour WAAT Patch 0.esp,0x06000E21,DX_MAC_MertaAssassinTunicB,Merta Assassin Reinforced Tunic,plugin,Light,Light,Light,0.0,1250,5.0,Body; Calves,32; 38,ArmorLight; ArmorMaterialDaedric; ArmorCuirass; VendorItemArmor,0x0006BBD3; 0x0006BBD4; 0x0006C0EC; 0x0008F959,ArmorMaterialDaedric,ArmorCuirass,VendorItemArmor,,,DX\MiniArmorsCollection\Common\DX_MAC_MertaAssassin_gnd.nif,
DoD,D:\Wabbajack\modlists\DoD,Diaries of Dibella - Lord's Vision,DOD - xEdit Output,30,JOJ - Armour WAAT Patch 0.esp,D:\Wabbajack\modlists\DoD\mods\DOD - xEdit Output\JOJ - Armour WAAT Patch 0.esp,0x06000E22,DX_MAC_MertaAssassinLeggingsB,Merta Assassin Reinforced Leggings,plugin,Light,Light,Light,0.0,225,4.0,Feet; Custom Slot (53),37; 53,ArmorLight; ArmorMaterialDaedric; ArmorBoots; VendorItemArmor,0x0006BBD3; 0x0006BBD4; 0x0006C0ED; 0x0008F959,ArmorMaterialDaedric,ArmorBoots,VendorItemArmor,,,DX\MiniArmorsCollection\Common\DX_MAC_MertaAssassin_gnd.nif,
DoD,D:\Wabbajack\modlists\DoD,Diaries of Dibella - Lord's Vision,DOD - xEdit Output,30,JOJ - Armour WAAT Patch 0.esp,D:\Wabbajack\modlists\DoD\mods\DOD - xEdit Output\JOJ - Armour WAAT Patch 0.esp,0x06000E23,DX_MAC_MertaAssassinArmlets,Merta Assassin Fishnet Armlets,plugin,Light,Light,Light,0.0,100,1.0,Forearms,34,ArmorLight; ArmorMaterialDaedric; VendorItemArmor; MagicDisallowEnchanting,0x0006BBD3; 0x0006BBD4; 0x0008F959; 0x000C27BD,ArmorMaterialDaedric,,VendorItemArmor,,,DX\MiniArmorsCollection\Common\DX_MAC_MertaAssassin_gnd.nif,
DoD,D:\Wabbajack\modlists\DoD,Diaries of Dibella - Lord's Vision,DOD - xEdit Output,30,JOJ - Armour WAAT Patch 0.esp,D:\Wabbajack\modlists\DoD\mods\DOD - xEdit Output\JOJ - Armour WAAT Patch 0.esp,0x06000E24,DX_MAC_MertaAssassinStockingsB,Merta Assassin Reinforced Stockings,plugin,Light,Light,Light,0.0,125,2.0,Custom Slot (53),53,ArmorLight; ArmorMaterialDaedric; VendorItemArmor; MagicDisallowEnchanting,0x0006BBD3; 0x0006BBD4; 0x0008F959; 0x000C27BD,ArmorMaterialDaedric,,VendorItemArmor,,,DX\MiniArmorsCollection\Common\DX_MAC_MertaAssassin_gnd.nif,
DoD,D:\Wabbajack\modlists\DoD,Diaries of Dibella - Lord's Vision,DOD - xEdit Output,30,JOJ - Armour WAAT Patch 0.esp,D:\Wabbajack\modlists\DoD\mods\DOD - xEdit Output\JOJ - Armour WAAT Patch 0.esp,0x06000E25,DX_MAC_MertaAssassinSkirt,Merta Assassin Fishnet Skirt,plugin,Light,Light,Light,0.0,50,1.0,Custom Slot (52),52,ArmorLight; ArmorMaterialDaedric; VendorItemArmor; MagicDisallowEnchanting,0x0006BBD3; 0x0006BBD4; 0x0008F959; 0x000C27BD,ArmorMaterialDaedric,,VendorItemArmor,,,DX\MiniArmorsCollection\Common\DX_MAC_MertaAssassin_gnd.nif,
DoD,D:\Wabbajack\modlists\DoD,Diaries of Dibella - Lord's Vision,DOD - xEdit Output,30,JOJ - Armour WAAT Patch 0.esp,D:\Wabbajack\modlists\DoD\mods\DOD - xEdit Output\JOJ - Armour WAAT Patch 0.esp,0x06000E26,DX_MAC_MertaAssassinGlovesB,Merta Assassin Elegant Gloves,plugin,Light,Light,Light,0.0,150,3.0,Hands,33,ArmorLight; ArmorMaterialDaedric; ArmorGauntlets; VendorItemArmor,0x0006BBD3; 0x0006BBD4; 0x0006C0EF; 0x0008F959,ArmorMaterialDaedric,ArmorGauntlets,VendorItemArmor,,,DX\MiniArmorsCollection\Common\DX_MAC_MertaAssassin_gnd.nif,
DoD,D:\Wabbajack\modlists\DoD,Diaries of Dibella - Lord's Vision,DOD - xEdit Output,30,JOJ - Armour WAAT Patch 0.esp,D:\Wabbajack\modlists\DoD\mods\DOD - xEdit Output\JOJ - Armour WAAT Patch 0.esp,0x06000E27,DX_MAC_MertaAssassinStockings,Merta Assassin Fishnet Stockings,plugin,Light,Light,Light,0.0,100,1.0,Custom Slot (53),53,ArmorLight; ArmorMaterialDaedric; VendorItemArmor; MagicDisallowEnchanting,0x0006BBD3; 0x0006BBD4; 0x0008F959; 0x000C27BD,ArmorMaterialDaedric,,VendorItemArmor,,,DX\MiniArmorsCollection\Common\DX_MAC_MertaAssassin_gnd.nif,
DoD,D:\Wabbajack\modlists\DoD,Diaries of Dibella - Lord's Vision,DOD - xEdit Output,30,JOJ - Armour WAAT Patch 0.esp,D:\Wabbajack\modlists\DoD\mods\DOD - xEdit Output\JOJ - Armour WAAT Patch 0.esp,0x06000E2A,DX_MAC_MertaAssassinGloves,Merta Assassin Fishnet Gloves,plugin,Light,Light,Light,0.0,100,2.0,Hands,33,ArmorLight; ArmorMaterialDaedric; ArmorGauntlets; VendorItemArmor,0x0006BBD3; 0x0006BBD4; 0x0006C0EF; 0x0008F959,ArmorMaterialDaedric,ArmorGauntlets,VendorItemArmor,,,DX\MiniArmorsCollection\Common\DX_MAC_MertaAssassin_gnd.nif,
DoD,D:\Wabbajack\modlists\DoD,Diaries of Dibella - Lord's Vision,DOD - xEdit Output,30,JOJ - Armour WAAT Patch 0.esp,D:\Wabbajack\modlists\DoD\mods\DOD - xEdit Output\JOJ - Armour WAAT Patch 0.esp,0x06000E2E,DX_MAC_MertaAssassinBootsHDTB,Merta Assassin Elegant Boots,plugin,Light,Light,Light,0.0,150,3.0,Feet,37,ArmorLight; ArmorMaterialDaedric; ArmorBoots; VendorItemArmor,0x0006BBD3; 0x0006BBD4; 0x0006C0ED; 0x0008F959,ArmorMaterialDaedric,ArmorBoots,VendorItemArmor,,,DX\MiniArmorsCollection\Common\DX_MAC_MertaAssassin_gnd.nif,
DoD,D:\Wabbajack\modlists\DoD,Diaries of Dibella - Lord's Vision,DOD - xEdit Output,30,JOJ - Armour WAAT Patch 0.esp,D:\Wabbajack\modlists\DoD\mods\DOD - xEdit Output\JOJ - Armour WAAT Patch 0.esp,0x0A00081C,00EL_BS_Blindfold2,[E] Bio Spike Blindfold 2,plugin,Heavy,Heavy,Heavy,0.0,100,1.0,Custom Slot (55),55,ArmorHeavy; ArmorMaterialDaedric; VendorItemArmor; ClothingHead,0x0006BBD2; 0x0006BBD4; 0x0008F959; 0x0010CD11,ArmorMaterialDaedric,ClothingHead,VendorItemArmor,,,,armor\[ELLE] Bio Spike\GND\BlindfoldGroundMesh.nif
DoD,D:\Wabbajack\modlists\DoD,Diaries of Dibella - Lord's Vision,DOD - xEdit Output,30,JOJ - Armour WAAT Patch 0.esp,D:\Wabbajack\modlists\DoD\mods\DOD - xEdit Output\JOJ - Armour WAAT Patch 0.esp,0x0A00081D,00EL_BS_Blindfold3,[E] Bio Spike Blindfold 3,plugin,Heavy,Heavy,Heavy,0.0,100,1.0,Custom Slot (55),55,ArmorHeavy; ArmorMaterialDaedric; VendorItemArmor; ClothingHead,0x0006BBD2; 0x0006BBD4; 0x0008F959; 0x0010CD11,ArmorMaterialDaedric,ClothingHead,VendorItemArmor,,,,armor\[ELLE] Bio Spike\GND\BlindfoldGroundMesh.nif
DoD,D:\Wabbajack\modlists\DoD,Diaries of Dibella - Lord's Vision,DOD - xEdit Output,30,JOJ - Armour WAAT Patch 0.esp,D:\Wabbajack\modlists\DoD\mods\DOD - xEdit Output\JOJ - Armour WAAT Patch 0.esp,0x0A00081E,00EL_BS_Bodice2,[E] Bio Spike Bodice 2,plugin,Heavy,Heavy,Heavy,0.0,100,6.0,Body,32,ArmorHeavy; ArmorMaterialDaedric; VendorItemArmor; ArmorCuirass,0x0006BBD2; 0x0006BBD4; 0x0008F959; 0x0006C0EC,ArmorMaterialDaedric,ArmorCuirass,VendorItemArmor,,,,armor\[ELLE] Bio Spike\GND\BodiceGroundMesh.nif
DoD,D:\Wabbajack\modlists\DoD,Diaries of Dibella - Lord's Vision,DOD - xEdit Output,30,JOJ - Armour WAAT Patch 0.esp,D:\Wabbajack\modlists\DoD\mods\DOD - xEdit Output\JOJ - Armour WAAT Patch 0.esp,0x0A00081F,00EL_BS_Bodice3,[E] Bio Spike Bodice 3,plugin,Heavy,Heavy,Heavy,0.0,100,6.0,Body,32,ArmorHeavy; ArmorMaterialDaedric; VendorItemArmor; ArmorCuirass,0x0006BBD2; 0x0006BBD4; 0x0008F959; 0x0006C0EC,ArmorMaterialDaedric,ArmorCuirass,VendorItemArmor,,,,armor\[ELLE] Bio Spike\GND\BodiceGroundMesh.nif
DoD,D:\Wabbajack\modlists\DoD,Diaries of Dibella - Lord's Vision,DOD - xEdit Output,30,JOJ - Armour WAAT Patch 0.esp,D:\Wabbajack\modlists\DoD\mods\DOD - xEdit Output\JOJ - Armour WAAT Patch 0.esp,0x0A000820,00EL_BS_Gloves2,[E] Bio Spike Gloves 2,plugin,Heavy,Heavy,Heavy,0.0,100,3.0,Hands,33,ArmorHeavy; ArmorMaterialDaedric; VendorItemArmor; ArmorGauntlets,0x0006BBD2; 0x0006BBD4; 0x0008F959; 0x0006C0EF,ArmorMaterialDaedric,ArmorGauntlets,VendorItemArmor,,,,armor\[ELLE] Bio Spike\GND\GloveGroundMesh.nif
DoD,D:\Wabbajack\modlists\DoD,Diaries of Dibella - Lord's Vision,DOD - xEdit Output,30,JOJ - Armour WAAT Patch 0.esp,D:\Wabbajack\modlists\DoD\mods\DOD - xEdit Output\JOJ - Armour WAAT Patch 0.esp,0x0A000821,00EL_BS_Gloves3,[E] Bio Spike Gloves 3,plugin,Heavy,Heavy,Heavy,0.0,100,3.0,Hands,33,ArmorHeavy; ArmorMaterialDaedric; VendorItemArmor; ArmorGauntlets,0x0006BBD2; 0x0006BBD4; 0x0008F959; 0x0006C0EF,ArmorMaterialDaedric,ArmorGauntlets,VendorItemArmor,,,,armor\[ELLE] Bio Spike\GND\GloveGroundMesh.nif
DoD,D:\Wabbajack\modlists\DoD,Diaries of Dibella - Lord's Vision,DOD - xEdit Output,30,JOJ - Armour WAAT Patch 0.esp,D:\Wabbajack\modlists\DoD\mods\DOD - xEdit Output\JOJ - Armour WAAT Patch 0.esp,0x0A000824,00EL_BS_Mask2,[E] Bio Spike Mask 2,plugin,Heavy,Heavy,Heavy,0.0,100,1.0,Custom Slot (44),44,ArmorHeavy; ArmorMaterialDaedric; VendorItemArmor; ClothingHead,0x0006BBD2; 0x0006BBD4; 0x0008F959; 0x0010CD11,ArmorMaterialDaedric,ClothingHead,VendorItemArmor,,,,armor\[ELLE] Bio Spike\GND\MaskGroundMesh.nif
DoD,D:\Wabbajack\modlists\DoD,Diaries of Dibella - Lord's Vision,DOD - xEdit Output,30,JOJ - Armour WAAT Patch 0.esp,D:\Wabbajack\modlists\DoD\mods\DOD - xEdit Output\JOJ - Armour WAAT Patch 0.esp,0x0A000825,00EL_BS_Mask3,[E] Bio Spike Mask 3,plugin,Heavy,Heavy,Heavy,0.0,100,1.0,Custom Slot (44),44,ArmorHeavy; ArmorMaterialDaedric; VendorItemArmor; ClothingHead,0x0006BBD2; 0x0006BBD4; 0x0008F959; 0x0010CD11,ArmorMaterialDaedric,ClothingHead,VendorItemArmor,,,,armor\[ELLE] Bio Spike\GND\MaskGroundMesh.nif
DoD,D:\Wabbajack\modlists\DoD,Diaries of Dibella - Lord's Vision,DOD - xEdit Output,30,JOJ - Armour WAAT Patch 0.esp,D:\Wabbajack\modlists\DoD\mods\DOD - xEdit Output\JOJ - Armour WAAT Patch 0.esp,0x0A000826,00EL_BS_Shoes2,[E] Bio Spike Shoes 2,plugin,Heavy,Heavy,Heavy,0.0,100,3.0,Feet,37,ArmorHeavy; ArmorMaterialDaedric; VendorItemArmor; ArmorBoots,0x0006BBD2; 0x0006BBD4; 0x0008F959; 0x0006C0ED,ArmorMaterialDaedric,ArmorBoots,VendorItemArmor,,,,armor\[ELLE] Bio Spike\GND\ShoesGroundMesh.nif
DoD,D:\Wabbajack\modlists\DoD,Diaries of Dibella - Lord's Vision,DOD - xEdit Output,30,JOJ - Armour WAAT Patch 0.esp,D:\Wabbajack\modlists\DoD\mods\DOD - xEdit Output\JOJ - Armour WAAT Patch 0.esp,0x0A000827,00EL_BS_Shoes3,[E] Bio Spike Shoes 3,plugin,Heavy,Heavy,Heavy,0.0,100,3.0,Feet,37,ArmorHeavy; ArmorMaterialDaedric; VendorItemArmor; ArmorBoots,0x0006BBD2; 0x0006BBD4; 0x0008F959; 0x0006C0ED,ArmorMaterialDaedric,ArmorBoots,VendorItemArmor,,,,armor\[ELLE] Bio Spike\GND\ShoesGroundMesh.nif
DoD,D:\Wabbajack\modlists\DoD,Diaries of Dibella - Lord's Vision,DOD - xEdit Output,30,JOJ - Armour WAAT Patch 0.esp,D:\Wabbajack\modlists\DoD\mods\DOD - xEdit Output\JOJ - Armour WAAT Patch 0.esp,0x0A000828,00EL_BS_Vambraces2,[E] Bio Spike Vambraces 2,plugin,Heavy,Heavy,Heavy,0.0,100,3.0,Forearms,34,ArmorHeavy; ArmorMaterialDaedric; VendorItemArmor; ClothingHands,0x0006BBD2; 0x0006BBD4; 0x0008F959; 0x0010CD13,ArmorMaterialDaedric,ClothingHands,VendorItemArmor,,,,armor\[ELLE] Bio Spike\GND\ArmsGroundMesh.nif
DoD,D:\Wabbajack\modlists\DoD,Diaries of Dibella - Lord's Vision,DOD - xEdit Output,30,JOJ - Armour WAAT Patch 0.esp,D:\Wabbajack\modlists\DoD\mods\DOD - xEdit Output\JOJ - Armour WAAT Patch 0.esp,0x0A000829,00EL_BS_Vambraces3,[E] Bio Spike Vambraces 3,plugin,Heavy,Heavy,Heavy,0.0,100,3.0,Forearms,34,ArmorHeavy; ArmorMaterialDaedric; VendorItemArmor; ClothingHands,0x0006BBD2; 0x0006BBD4; 0x0008F959; 0x0010CD13,ArmorMaterialDaedric,ClothingHands,VendorItemArmor,,,,armor\[ELLE] Bio Spike\GND\ArmsGroundMesh.nif
DoD,D:\Wabbajack\modlists\DoD,Diaries of Dibella - Lord's Vision,DOD - xEdit Output,30,JOJ - Armour WAAT Patch 0.esp,D:\Wabbajack\modlists\DoD\mods\DOD - xEdit Output\JOJ - Armour WAAT Patch 0.esp,0x0A000D69,00EL_BS_Blindfold1,[E] Bio Spike Blindfold 1,plugin,Heavy,Heavy,Heavy,0.0,100,1.0,Custom Slot (55),55,ArmorHeavy; ArmorMaterialDaedric; VendorItemArmor; ClothingHead,0x0006BBD2; 0x0006BBD4; 0x0008F959; 0x0010CD11,ArmorMaterialDaedric,ClothingHead,VendorItemArmor,,,b,armor\[ELLE] Bio Spike\GND\BlindfoldGroundMesh.nif
DoD,D:\Wabbajack\modlists\DoD,Diaries of Dibella - Lord's Vision,DOD - xEdit Output,30,JOJ - Armour WAAT Patch 0.esp,D:\Wabbajack\modlists\DoD\mods\DOD - xEdit Output\JOJ - Armour WAAT Patch 0.esp,0x0A000D6A,00EL_BS_Bodice1,[E] Bio Spike Bodice 1,plugin,Heavy,Heavy,Heavy,0.0,100,6.0,Body,32,ArmorHeavy; ArmorMaterialDaedric; VendorItemArmor; ArmorCuirass,0x0006BBD2; 0x0006BBD4; 0x0008F959; 0x0006C0EC,ArmorMaterialDaedric,ArmorCuirass,VendorItemArmor,,,c,armor\[ELLE] Bio Spike\GND\BodiceGroundMesh.nif
DoD,D:\Wabbajack\modlists\DoD,Diaries of Dibella - Lord's Vision,DOD - xEdit Output,30,JOJ - Armour WAAT Patch 0.esp,D:\Wabbajack\modlists\DoD\mods\DOD - xEdit Output\JOJ - Armour WAAT Patch 0.esp,0x0A000D6B,00EL_BS_Gloves1,[E] Bio Spike Gloves 1,plugin,Heavy,Heavy,Heavy,0.0,100,3.0,Hands,33,ArmorHeavy; ArmorMaterialDaedric; VendorItemArmor; ArmorGauntlets,0x0006BBD2; 0x0006BBD4; 0x0008F959; 0x0006C0EF,ArmorMaterialDaedric,ArmorGauntlets,VendorItemArmor,,,d,armor\[ELLE] Bio Spike\GND\GloveGroundMesh.nif
DoD,D:\Wabbajack\modlists\DoD,Diaries of Dibella - Lord's Vision,DOD - xEdit Output,30,JOJ - Armour WAAT Patch 0.esp,D:\Wabbajack\modlists\DoD\mods\DOD - xEdit Output\JOJ - Armour WAAT Patch 0.esp,0x0A000D6C,00EL_BS_Greaves1,[E] Bio Spike Greaves 1,plugin,Heavy,Heavy,Heavy,0.0,100,2.0,Custom Slot (54),54,ArmorHeavy; ArmorMaterialDaedric; VendorItemArmor; ClothingBody,0x0006BBD2; 0x0006BBD4; 0x0008F959; 0x000A8657,ArmorMaterialDaedric,ClothingBody,VendorItemArmor,,,e,armor\[ELLE] Bio Spike\GND\LegsGroundMesh.nif
DoD,D:\Wabbajack\modlists\DoD,Diaries of Dibella - Lord's Vision,DOD - xEdit Output,30,JOJ - Armour WAAT Patch 0.esp,D:\Wabbajack\modlists\DoD\mods\DOD - xEdit Output\JOJ - Armour WAAT Patch 0.esp,0x0A000D6D,00EL_BS_Mask1,[E] Bio Spike Mask 1,plugin,Heavy,Heavy,Heavy,0.0,100,1.0,Custom Slot (44),44,ArmorHeavy; ArmorMaterialDaedric; VendorItemArmor; ClothingHead,0x0006BBD2; 0x0006BBD4; 0x0008F959; 0x0010CD11,ArmorMaterialDaedric,ClothingHead,VendorItemArmor,,,f,armor\[ELLE] Bio Spike\GND\MaskGroundMesh.nif
DoD,D:\Wabbajack\modlists\DoD,Diaries of Dibella - Lord's Vision,DOD - xEdit Output,30,JOJ - Armour WAAT Patch 0.esp,D:\Wabbajack\modlists\DoD\mods\DOD - xEdit Output\JOJ - Armour WAAT Patch 0.esp,0x0A000D6E,00EL_BS_Shoes1,[E] Bio Spike Shoes 1,plugin,Heavy,Heavy,Heavy,0.0,100,3.0,Feet,37,ArmorHeavy; ArmorMaterialDaedric; VendorItemArmor; ArmorBoots,0x0006BBD2; 0x0006BBD4; 0x0008F959; 0x0006C0ED,ArmorMaterialDaedric,ArmorBoots,VendorItemArmor,,,g,armor\[ELLE] Bio Spike\GND\ShoesGroundMesh.nif
DoD,D:\Wabbajack\modlists\DoD,Diaries of Dibella - Lord's Vision,DOD - xEdit Output,30,JOJ - Armour WAAT Patch 0.esp,D:\Wabbajack\modlists\DoD\mods\DOD - xEdit Output\JOJ - Armour WAAT Patch 0.esp,0x0A000D6F,00EL_BS_Vambraces1,[E] Bio Spike Vambraces 1,plugin,Heavy,Heavy,Heavy,0.0,100,3.0,Forearms,34,ArmorHeavy; ArmorMaterialDaedric; VendorItemArmor; ClothingHands,0x0006BBD2; 0x0006BBD4; 0x0008F959; 0x0010CD13,ArmorMaterialDaedric,ClothingHands,VendorItemArmor,,,h,armor\[ELLE] Bio Spike\GND\ArmsGroundMesh.nif
DoD,D:\Wabbajack\modlists\DoD,Diaries of Dibella - Lord's Vision,DOD - xEdit Output,30,JS Rings - USMP - USSEP.esp,D:\Wabbajack\modlists\DoD\mods\DOD - xEdit Output\JS Rings - USMP - USSEP.esp,0x0002AC60,DA05HircinesRing,Ring of Hircine,plugin,Clothing,Clothing,,0.0,400,0.25,Ring,36,ArmorJewelry; VendorItemDaedricArtifact; DaedricArtifact; MagicDisallowEnchanting; ClothingRing,0x0006BBE9; 0x000917E8; 0x000A8668; 0x000C27BD; 0x0010CD09,,ClothingRing,VendorItemDaedricArtifact,0x000F8301,,johnskyrim\uniques\rings\hircine\hircine_GO.nif,
DoD,D:\Wabbajack\modlists\DoD,Diaries of Dibella - Lord's Vision,DOD - xEdit Output,30,JS Rings - USMP - USSEP.esp,D:\Wabbajack\modlists\DoD\mods\DOD - xEdit Output\JS Rings - USMP - USSEP.esp,0x0002C37B,DA11RingofNamira,Ring of Namira,plugin,Clothing,Clothing,,0.0,500,0.25,Ring,36,ArmorJewelry; VendorItemDaedricArtifact; DaedricArtifact; MagicDisallowEnchanting; ClothingRing,0x0006BBE9; 0x000917E8; 0x000A8668; 0x000C27BD; 0x0010CD09,,ClothingRing,VendorItemDaedricArtifact,0x00091AE8,,johnskyrim\uniques\rings\namira\ringofnamira_GO.nif,
DoD,D:\Wabbajack\modlists\DoD,Diaries of Dibella - Lord's Vision,DOD - xEdit Output,30,JS Rings - USMP - USSEP.esp,D:\Wabbajack\modlists\DoD\mods\DOD - xEdit Output\JS Rings - USMP - USSEP.esp,0x000F82FE,DA05HircinesRingCursed,Cursed Ring of Hircine,plugin,Clothing,Clothing,,0.0,50,0.25,Ring,36,ArmorJewelry; VendorItemDaedricArtifact; DaedricArtifact; MagicDisallowEnchanting; ClothingRing,0x0006BBE9; 0x000917E8; 0x000A8668; 0x000C27BD; 0x0010CD09,,ClothingRing,VendorItemDaedricArtifact,,,johnskyrim\uniques\rings\hircine\hircine_GO.nif,
DoD,D:\Wabbajack\modlists\DoD,Diaries of Dibella - Lord's Vision,DOD - xEdit Output,30,Relics of Order.esp,D:\Wabbajack\modlists\DoD\mods\DOD - xEdit Output\Relics of Order.esp,0x04000800,Relic of Order - Momentum,Relic of Order - Momentum,plugin,Light,Light,Light,0.0,600,3.0,Feet,37,ArmorLight; ArmorMaterialDaedric; ArmorBoots; VendorItemArmor,0x0006BBD3; 0x0006BBD4; 0x0006C0ED; 0x0008F959,ArmorMaterialDaedric,ArmorBoots,VendorItemArmor,0x0400080A,,elleh\kynreeve armor\kalbootsgo.nif,
DoD,D:\Wabbajack\modlists\DoD,Diaries of Dibella - Lord's Vision,DOD - xEdit Output,30,Relics of Order.esp,D:\Wabbajack\modlists\DoD\mods\DOD - xEdit Output\Relics of Order.esp,0x04000801,Relic of Order - Enforcement,Relic of Order - Enforcement,plugin,Light,Light,Light,0.0,600,3.0,Hands,33,PerkFistsDaedric; ArmorLight; ArmorMaterialDaedric; ArmorGauntlets; VendorItemArmor,0x0002C17B; 0x0006BBD3; 0x0006BBD4; 0x0006C0EF; 0x0008F959,ArmorMaterialDaedric,ArmorGauntlets,VendorItemArmor,0x0400080B,,elleh\kynreeve armor\kalglovesgo.nif,
DoD,D:\Wabbajack\modlists\DoD,Diaries of Dibella - Lord's Vision,DOD - xEdit Output,30,Relics of Order.esp,D:\Wabbajack\modlists\DoD\mods\DOD - xEdit Output\Relics of Order.esp,0x04000802,Relic of Order - Concealement,Relic of Order - Concealement,plugin,Light,Light,Light,0.0,1500,4.0,Head; Hair; Circlet; Ears,30; 31; 42; 43,ArmorLight; ArmorMaterialDaedric; ArmorHelmet; VendorItemArmor,0x0006BBD3; 0x0006BBD4; 0x0006C0EE; 0x0008F959,ArmorMaterialDaedric,ArmorHelmet,VendorItemArmor,0x0400080C,,elleh\kynreeve armor\kalhoodedhelmetgo.nif,
DoD,D:\Wabbajack\modlists\DoD,Diaries of Dibella - Lord's Vision,DOD - xEdit Output,30,Relics of Order.esp,D:\Wabbajack\modlists\DoD\mods\DOD - xEdit Output\Relics of Order.esp,0x04000803,Relic of Order - Bulwark,Relic of Order - Bulwark,plugin,Light,Light,Light,0.0,3100,10.0,Body,32,ArmorLight; ArmorMaterialDaedric; ArmorCuirass; VendorItemArmor,0x0006BBD3; 0x0006BBD4; 0x0006C0EC; 0x0008F959,ArmorMaterialDaedric,ArmorCuirass,VendorItemArmor,0x0400080D,,elleh\kynreeve armor\kaltorsogo.nif,
DoD,D:\Wabbajack\modlists\DoD,Diaries of Dibella - Lord's Vision,HOH - Merged Patches,59,HOH - NSFW Patches.esp,D:\Wabbajack\modlists\DoD\mods\HOH - Merged Patches\HOH - NSFW Patches.esp,0x0D000063,DX_Succubus_Tail,Succubus Tail,plugin,Heavy,Heavy,Heavy,0.0,610,0.0,Custom Slot (44),44,ArmorHeavy; ArmorMaterialDaedric; VendorItemArmor; MagicDisallowEnchanting,0x0006BBD2; 0x0006BBD4; 0x0008F959; 0x000C27BD,ArmorMaterialDaedric,,VendorItemArmor,,,DX\Succubus\Box.nif,
DoD,D:\Wabbajack\modlists\DoD,Diaries of Dibella - Lord's Vision,HOH - Merged Patches,59,HOH - NSFW Patches.esp,D:\Wabbajack\modlists\DoD\mods\HOH - Merged Patches\HOH - NSFW Patches.esp,0x0D000066,DX_Succubus_Wings,Succubus Wings,plugin,Heavy,Heavy,Heavy,0.0,682,0.0,Custom Slot (45),45,ArmorHeavy; ArmorMaterialDaedric; VendorItemArmor; MagicDisallowEnchanting,0x0006BBD2; 0x0006BBD4; 0x0008F959; 0x000C27BD,ArmorMaterialDaedric,,VendorItemArmor,,,DX\Succubus\Box.nif,
DoD,D:\Wabbajack\modlists\DoD,Diaries of Dibella - Lord's Vision,HOH - Merged Patches,59,HOH - NSFW Patches.esp,D:\Wabbajack\modlists\DoD\mods\HOH - Merged Patches\HOH - NSFW Patches.esp,0x0D0009D2,DX_MAC_CelesNightingaleBoots,Celes Nightingale Boots,plugin,Light,Light,Light,0.0,300,3.0,Feet,37,ArmorLight; ArmorMaterialDaedric; ArmorBoots; VendorItemArmor,0x0006BBD3; 0x0006BBD4; 0x0006C0ED; 0x0008F959,ArmorMaterialDaedric,ArmorBoots,VendorItemArmor,,,DX\MiniArmorsCollection\Common\DX_MAC_CelesNightingale_gnd.nif,
DoD,D:\Wabbajack\modlists\DoD,Diaries of Dibella - Lord's Vision,HOH - Merged Patches,59,HOH - NSFW Patches.esp,D:\Wabbajack\modlists\DoD\mods\HOH - Merged Patches\HOH - NSFW Patches.esp,0x0D000A4D,DX_CelesTarot_Horns,Celes Tarot Horns,plugin,Clothing,Clothing,Clothing,0.0,300,5.0,Custom Slot (54),54,ArmorMaterialDaedric; ArmorClothing; VendorItemArmor; MagicDisallowEnchanting,0x0006BBD4; 0x0006BBE8; 0x0008F959; 0x000C27BD,ArmorMaterialDaedric,,VendorItemArmor,,,DX\CelesTarot\DX_CelesTarot_Box.nif,
DoD,D:\Wabbajack\modlists\DoD,Diaries of Dibella - Lord's Vision,HOH - Merged Patches,59,HOH - NSFW Patches.esp,D:\Wabbajack\modlists\DoD\mods\HOH - Merged Patches\HOH - NSFW Patches.esp,0x0D000A51,DX_CelesTarot_TightsArchmage,Celes Tarot Archmage Tights,plugin,Clothing,Clothing,Clothing,0.0,900,6.0,Body; Custom Slot (53),32; 53,ArmorMaterialDaedric; ArmorClothing; ArmorCuirass; VendorItemArmor; MagicDisallowEnchanting,0x0006BBD4; 0x0006BBE8; 0x0006C0EC; 0x0008F959; 0x000C27BD,ArmorMaterialDaedric,ArmorCuirass,VendorItemArmor,,,DX\CelesTarot\DX_CelesTarot_Box.nif,
DoD,D:\Wabbajack\modlists\DoD,Diaries of Dibella - Lord's Vision,HOH - Merged Patches,59,HOH - NSFW Patches.esp,D:\Wabbajack\modlists\DoD\mods\HOH - Merged Patches\HOH - NSFW Patches.esp,0x0D000EF4,DX_Necromancer_Purple_Robes,Necromancer Purple Robes,plugin,Clothing,Clothing,Clothing,0.0,348,10.0,Body,32,ArmorMaterialDaedric; ArmorClothing; ArmorCuirass; VendorItemArmor; MagicDisallowEnchanting,0x0006BBD4; 0x0006BBE8; 0x0006C0EC; 0x0008F959; 0x000C27BD,ArmorMaterialDaedric,ArmorCuirass,VendorItemArmor,,,DX\Necromancer\DX_Necromancer_Skull_Purple.nif,
DoD,D:\Wabbajack\modlists\DoD,Diaries of Dibella - Lord's Vision,HOH - Merged Patches,59,HOH - NSFW Patches.esp,D:\Wabbajack\modlists\DoD\mods\HOH - Merged Patches\HOH - NSFW Patches.esp,0x0D000EF8,DX_Necromancer_Purple_Staff,Necromancer Purple Staff,plugin,Clothing,Clothing,Clothing,0.0,316,8.0,Custom Slot (46),46,ArmorMaterialDaedric; ArmorClothing; VendorItemArmor; MagicDisallowEnchanting,0x0006BBD4; 0x0006BBE8; 0x0008F959; 0x000C27BD,ArmorMaterialDaedric,,VendorItemArmor,,,DX\Necromancer\DX_Necromancer_Skull_Purple.nif,
DoD,D:\Wabbajack\modlists\DoD,Diaries of Dibella - Lord's Vision,HOH - Merged Patches,59,HOH - NSFW Patches.esp,D:\Wabbajack\modlists\DoD\mods\HOH - Merged Patches\HOH - NSFW Patches.esp,0x0D000EF9,DX_Necromancer_Purple_Robes_Trans,Necromancer Purple Robes Transparent,plugin,Clothing,Clothing,Clothing,0.0,348,10.0,Body,32,ArmorMaterialDaedric; ArmorClothing; ArmorCuirass; VendorItemArmor; MagicDisallowEnchanting,0x0006BBD4; 0x0006BBE8; 0x0006C0EC; 0x0008F959; 0x000C27BD,ArmorMaterialDaedric,ArmorCuirass,VendorItemArmor,,,DX\Necromancer\DX_Necromancer_Skull_Purple.nif,
DoD,D:\Wabbajack\modlists\DoD,Diaries of Dibella - Lord's Vision,HOH - Merged Patches,59,HOH - NSFW Patches.esp,D:\Wabbajack\modlists\DoD\mods\HOH - Merged Patches\HOH - NSFW Patches.esp,0x0D000EFF,DX_Necromancer_Black_Robes,Necromancer Black Robes,plugin,Clothing,Clothing,Clothing,0.0,348,10.0,Body,32,ArmorMaterialDaedric; ArmorClothing; ArmorCuirass; VendorItemArmor; MagicDisallowEnchanting,0x0006BBD4; 0x0006BBE8; 0x0006C0EC; 0x0008F959; 0x000C27BD,ArmorMaterialDaedric,ArmorCuirass,VendorItemArmor,,,DX\Necromancer\DX_Necromancer_Skull_Black.nif,
DoD,D:\Wabbajack\modlists\DoD,Diaries of Dibella - Lord's Vision,HOH - Merged Patches,59,HOH - NSFW Patches.esp,D:\Wabbajack\modlists\DoD\mods\HOH - Merged Patches\HOH - NSFW Patches.esp,0x0D000F00,DX_Necromancer_Black_Robes_Trans,Necromancer Black Robes Transparent,plugin,Clothing,Clothing,Clothing,0.0,348,10.0,Body,32,ArmorMaterialDaedric; ArmorClothing; ArmorCuirass; VendorItemArmor; MagicDisallowEnchanting,0x0006BBD4; 0x0006BBE8; 0x0006C0EC; 0x0008F959; 0x000C27BD,ArmorMaterialDaedric,ArmorCuirass,VendorItemArmor,,,DX\Necromancer\DX_Necromancer_Skull_Black.nif,
DoD,D:\Wabbajack\modlists\DoD,Diaries of Dibella - Lord's Vision,HOH - Merged Patches,59,HOH - NSFW Patches.esp,D:\Wabbajack\modlists\DoD\mods\HOH - Merged Patches\HOH - NSFW Patches.esp,0x0D000F01,DX_Necromancer_Black_Staff,Necromancer Black Staff,plugin,Clothing,Clothing,Clothing,0.0,316,8.0,Custom Slot (46),46,ArmorMaterialDaedric; ArmorClothing; VendorItemArmor; MagicDisallowEnchanting,0x0006BBD4; 0x0006BBE8; 0x0008F959; 0x000C27BD,ArmorMaterialDaedric,,VendorItemArmor,,,DX\Necromancer\DX_Necromancer_Skull_Black.nif,
DoD,D:\Wabbajack\modlists\DoD,Diaries of Dibella - Lord's Vision,HOH - Merged Patches,59,HOH - NSFW Patches.esp,D:\Wabbajack\modlists\DoD\mods\HOH - Merged Patches\HOH - NSFW Patches.esp,0x0D000F07,DX_Necromancer_Green_Robes,Necromancer Green Robes,plugin,Clothing,Clothing,Clothing,0.0,348,10.0,Body,32,ArmorMaterialDaedric; ArmorClothing; ArmorCuirass; VendorItemArmor; MagicDisallowEnchanting,0x0006BBD4; 0x0006BBE8; 0x0006C0EC; 0x0008F959; 0x000C27BD,ArmorMaterialDaedric,ArmorCuirass,VendorItemArmor,,,DX\Necromancer\DX_Necromancer_Skull_Green.nif,
DoD,D:\Wabbajack\modlists\DoD,Diaries of Dibella - Lord's Vision,HOH - Merged Patches,59,HOH - NSFW Patches.esp,D:\Wabbajack\modlists\DoD\mods\HOH - Merged Patches\HOH - NSFW Patches.esp,0x0D000F08,DX_Necromancer_Green_Robes_Trans,Necromancer Green Robes Transparent,plugin,Clothing,Clothing,Clothing,0.0,348,10.0,Body,32,ArmorMaterialDaedric; ArmorClothing; ArmorCuirass; VendorItemArmor; MagicDisallowEnchanting,0x0006BBD4; 0x0006BBE8; 0x0006C0EC; 0x0008F959; 0x000C27BD,ArmorMaterialDaedric,ArmorCuirass,VendorItemArmor,,,DX\Necromancer\DX_Necromancer_Skull_Green.nif,
DoD,D:\Wabbajack\modlists\DoD,Diaries of Dibella - Lord's Vision,HOH - Merged Patches,59,HOH - NSFW Patches.esp,D:\Wabbajack\modlists\DoD\mods\HOH - Merged Patches\HOH - NSFW Patches.esp,0x0D000F09,DX_Necromancer_Green_Staff,Necromancer Green Staff,plugin,Clothing,Clothing,Clothing,0.0,316,8.0,Custom Slot (46),46,ArmorMaterialDaedric; ArmorClothing; VendorItemArmor; MagicDisallowEnchanting,0x0006BBD4; 0x0006BBE8; 0x0008F959; 0x000C27BD,ArmorMaterialDaedric,,VendorItemArmor,,,DX\Necromancer\DX_Necromancer_Skull_Green.nif,
DoD,D:\Wabbajack\modlists\DoD,Diaries of Dibella - Lord's Vision,HOH - Merged Patches,59,HOH - NSFW Patches.esp,D:\Wabbajack\modlists\DoD\mods\HOH - Merged Patches\HOH - NSFW Patches.esp,0x0D000F0F,DX_Necromancer_Red_Robes,Necromancer Red Robes,plugin,Clothing,Clothing,Clothing,0.0,348,10.0,Body,32,ArmorMaterialDaedric; ArmorClothing; ArmorCuirass; VendorItemArmor; MagicDisallowEnchanting,0x0006BBD4; 0x0006BBE8; 0x0006C0EC; 0x0008F959; 0x000C27BD,ArmorMaterialDaedric,ArmorCuirass,VendorItemArmor,,,DX\Necromancer\DX_Necromancer_Skull_Red.nif,
DoD,D:\Wabbajack\modlists\DoD,Diaries of Dibella - Lord's Vision,HOH - Merged Patches,59,HOH - NSFW Patches.esp,D:\Wabbajack\modlists\DoD\mods\HOH - Merged Patches\HOH - NSFW Patches.esp,0x0D000F10,DX_Necromancer_Red_Robes_Trans,Necromancer Red Robes Transparent,plugin,Clothing,Clothing,Clothing,0.0,348,10.0,Body,32,ArmorMaterialDaedric; ArmorClothing; ArmorCuirass; VendorItemArmor; MagicDisallowEnchanting,0x0006BBD4; 0x0006BBE8; 0x0006C0EC; 0x0008F959; 0x000C27BD,ArmorMaterialDaedric,ArmorCuirass,VendorItemArmor,,,DX\Necromancer\DX_Necromancer_Skull_Red.nif,
DoD,D:\Wabbajack\modlists\DoD,Diaries of Dibella - Lord's Vision,HOH - Merged Patches,59,HOH - NSFW Patches.esp,D:\Wabbajack\modlists\DoD\mods\HOH - Merged Patches\HOH - NSFW Patches.esp,0x0D000F11,DX_Necromancer_Red_Staff,Necromancer Red Staff,plugin,Clothing,Clothing,Clothing,0.0,316,8.0,Custom Slot (46),46,ArmorMaterialDaedric; ArmorClothing; VendorItemArmor; MagicDisallowEnchanting,0x0006BBD4; 0x0006BBE8; 0x0008F959; 0x000C27BD,ArmorMaterialDaedric,,VendorItemArmor,,,DX\Necromancer\DX_Necromancer_Skull_Red.nif,
DoD,D:\Wabbajack\modlists\DoD,Diaries of Dibella - Lord's Vision,HOH - Merged Patches,59,HOH - NSFW Patches.esp,D:\Wabbajack\modlists\DoD\mods\HOH - Merged Patches\HOH - NSFW Patches.esp,0x0D000F17,DX_Necromancer_White_Robes,Necromancer White Robes,plugin,Clothing,Clothing,Clothing,0.0,348,10.0,Body,32,ArmorMaterialDaedric; ArmorClothing; ArmorCuirass; VendorItemArmor; MagicDisallowEnchanting,0x0006BBD4; 0x0006BBE8; 0x0006C0EC; 0x0008F959; 0x000C27BD,ArmorMaterialDaedric,ArmorCuirass,VendorItemArmor,,,DX\Necromancer\DX_Necromancer_Skull_White.nif,
DoD,D:\Wabbajack\modlists\DoD,Diaries of Dibella - Lord's Vision,HOH - Merged Patches,59,HOH - NSFW Patches.esp,D:\Wabbajack\modlists\DoD\mods\HOH - Merged Patches\HOH - NSFW Patches.esp,0x0D000F18,DX_Necromancer_White_Robes_Trans,Necromancer White Robes Transparent,plugin,Clothing,Clothing,Clothing,0.0,348,10.0,Body,32,ArmorMaterialDaedric; ArmorClothing; ArmorCuirass; VendorItemArmor; MagicDisallowEnchanting,0x0006BBD4; 0x0006BBE8; 0x0006C0EC; 0x0008F959; 0x000C27BD,ArmorMaterialDaedric,ArmorCuirass,VendorItemArmor,,,DX\Necromancer\DX_Necromancer_Skull_White.nif,
DoD,D:\Wabbajack\modlists\DoD,Diaries of Dibella - Lord's Vision,HOH - Merged Patches,59,HOH - NSFW Patches.esp,D:\Wabbajack\modlists\DoD\mods\HOH - Merged Patches\HOH - NSFW Patches.esp,0x0D000F19,DX_Necromancer_White_Staff,Necromancer White Staff,plugin,Clothing,Clothing,Clothing,0.0,316,8.0,Custom Slot (46),46,ArmorMaterialDaedric; ArmorClothing; VendorItemArmor; MagicDisallowEnchanting,0x0006BBD4; 0x0006BBE8; 0x0008F959; 0x000C27BD,ArmorMaterialDaedric,,VendorItemArmor,,,DX\Necromancer\DX_Necromancer_Skull_White.nif,
DoD,D:\Wabbajack\modlists\DoD,Diaries of Dibella - Lord's Vision,Daedric Bitches 2024,335,Daedric Bitches.esp,D:\Wabbajack\modlists\DoD\mods\Daedric Bitches 2024\Daedric Bitches.esp,0x02000808,aaaCF_NakedArmor_Pei,CF_NakedArmor,plugin,Clothing,Clothing,,0.0,0,0.0,Head; Hair; Body; Hands; Feet,30; 31; 32; 33; 37,,,,,,,,,
DoD,D:\Wabbajack\modlists\DoD,Diaries of Dibella - Lord's Vision,Daedric Bitches 2024,335,Daedric Bitches.esp,D:\Wabbajack\modlists\DoD\mods\Daedric Bitches 2024\Daedric Bitches.esp,0x02000810,aaaCF_NakedArmor_Vella,CF_NakedArmor,plugin,Clothing,Clothing,,0.0,0,0.0,Head; Hair; Body; Hands; Feet,30; 31; 32; 33; 37,,,,,,,,,
DoD,D:\Wabbajack\modlists\DoD,Diaries of Dibella - Lord's Vision,Daedric Bitches 2024,335,Daedric Bitches.esp,D:\Wabbajack\modlists\DoD\mods\Daedric Bitches 2024\Daedric Bitches.esp,0x02000811,aaaCF_NakedArmor_Kaya,CF_NakedArmor,plugin,Clothing,Clothing,,0.0,0,0.0,Head; Hair; Body; Hands; Feet,30; 31; 32; 33; 37,,,,,,,,,
DoD,D:\Wabbajack\modlists\DoD,Diaries of Dibella - Lord's Vision,Daedric Bitches 2024,335,Daedric Bitches.esp,D:\Wabbajack\modlists\DoD\mods\Daedric Bitches 2024\Daedric Bitches.esp,0x02000866,Pei_aCPGhostedBikini1,Cosplay Bikini - Latex,plugin,Clothing,Clothing,Clothing,0.0,100,1.0,Body,32,ArmorClothing; VendorItemClothing; ClothingBody; ArmorTypeUnderwears0; SOS_Revealing0; TNG_Revealing0,0x0006BBE8; 0x0008F95B; 0x000A8657; 0x02000873; 0x02000872; 0x02000874,,ClothingBody,VendorItemClothing,,,l,Caenarvon\Cosplay\GND\GhostedBikiniGND.nif
DoD,D:\Wabbajack\modlists\DoD,Diaries of Dibella - Lord's Vision,Daedric Bitches 2024,335,Daedric Bitches.esp,D:\Wabbajack\modlists\DoD\mods\Daedric Bitches 2024\Daedric Bitches.esp,0x02000867,Pei_aCPGhostedGloves1,Cosplay Gloves Tight - Latex,plugin,Clothing,Clothing,Clothing,0.0,100,0.5,Forearms,34,ArmorClothing; VendorItemClothing; ClothingHands; SexLabNoStrip0,0x0006BBE8; 0x0008F95B; 0x0010CD13; 0x02000875,,ClothingHands,VendorItemClothing,,,m,Caenarvon\Cosplay\GND\GhostedGlovesGND.nif
DoD,D:\Wabbajack\modlists\DoD,Diaries of Dibella - Lord's Vision,Daedric Bitches 2024,335,Daedric Bitches.esp,D:\Wabbajack\modlists\DoD\mods\Daedric Bitches 2024\Daedric Bitches.esp,0x02000868,Pei_aCPGhostedPiercingBelly2,Cosplay Piercing Navel - Dark,plugin,Clothing,Clothing,,0.0,100,0.1,Custom Slot (48),48,ArmorJewelry; VendorItemClothing; ArmorTypePiercing0; ClothingRing; SexLabNoStrip0,0x0006BBE9; 0x0008F95B; 0x02000876; 0x0010CD09; 0x02000875,,ClothingRing,VendorItemClothing,,,n,Caenarvon\Cosplay\GND\GhostedBellyGND.nif
DoD,D:\Wabbajack\modlists\DoD,Diaries of Dibella - Lord's Vision,Daedric Bitches 2024,335,Daedric Bitches.esp,D:\Wabbajack\modlists\DoD\mods\Daedric Bitches 2024\Daedric Bitches.esp,0x02000869,Pei_aCPGhostedStocking2,Cosplay Legs Stockings - Sheer,plugin,Clothing,Clothing,Clothing,0.0,100,0.5,Calves,38,ArmorClothing; VendorItemClothing; ClothingFeet; ArmorTypeCuisses0; SexLabNoStrip0,0x0006BBE8; 0x0008F95B; 0x0010CD12; 0x02000877; 0x02000875,,ClothingFeet,VendorItemClothing,,,o,Caenarvon\Cosplay\GND\GhostedStockingGND.nif
DoD,D:\Wabbajack\modlists\DoD,Diaries of Dibella - Lord's Vision,Daedric Bitches 2024,335,Daedric Bitches.esp,D:\Wabbajack\modlists\DoD\mods\Daedric Bitches 2024\Daedric Bitches.esp,0x0200086A,Pei_aCPBunnyBoots,Cosplay Shoes Thighboots - Classic,plugin,Clothing,Clothing,Clothing,0.0,100,0.5,Feet,37,ArmorClothing; VendorItemClothing; ClothingFeet; SexLabNoStrip0,0x0006BBE8; 0x0008F95B; 0x0010CD12; 0x02000875,,ClothingFeet,VendorItemClothing,,,Caenarvon\Cosplay\GND\BunnyBoots_GND.nif,
DoD,D:\Wabbajack\modlists\DoD,Diaries of Dibella - Lord's Vision,Daedric Bitches 2024,335,Daedric Bitches.esp,D:\Wabbajack\modlists\DoD\mods\Daedric Bitches 2024\Daedric Bitches.esp,0x0200086B,Pei_00Choker01,Choker Black,plugin,Clothing,Clothing,Clothing,0.0,100,0.0,Custom Slot (45),45,ArmorMaterialLeather; ArmorClothing; VendorItemArmor,0x0006BBDB; 0x0006BBE8; 0x0008F959,ArmorMaterialLeather,,VendorItemArmor,,,Daedric Bitches Outfit\choker_gnd.nif,
DoD,D:\Wabbajack\modlists\DoD,Diaries of Dibella - Lord's Vision,Daedric Bitches 2024,335,Daedric Bitches.esp,D:\Wabbajack\modlists\DoD\mods\Daedric Bitches 2024\Daedric Bitches.esp,0x02000878,Vella_aPhSBra,Pharaoh's Slave Bra,plugin,Clothing,Clothing,Clothing,0.0,100,0.1,Body,32,ArmorClothing; VendorItemClothing; ClothingBody; SOS_Revealing0; ArmorTypeBra0,0x0006BBE8; 0x0008F95B; 0x000A8657; 0x02000872; 0x02000885,,ClothingBody,VendorItemClothing,,,Caenarvon\Pharaoh Slave\GND\ParaohBra_GND.nif,
DoD,D:\Wabbajack\modlists\DoD,Diaries of Dibella - Lord's Vision,Daedric Bitches 2024,335,Daedric Bitches.esp,D:\Wabbajack\modlists\DoD\mods\Daedric Bitches 2024\Daedric Bitches.esp,0x02000879,Vella_aPhSAnklet,Pharaoh's Slave Anklets,plugin,Clothing,Clothing,,0.0,100,0.1,Custom Slot (54),54,ArmorJewelry; VendorItemClothing; ClothingFeet; ArmorTypeLeftHandRing0,0x0006BBE9; 0x0008F95B; 0x0010CD12; 0x02000886,,ClothingFeet,VendorItemClothing,,,Caenarvon\Pharaoh Slave\GND\ParaohAnklet_GND.nif,
DoD,D:\Wabbajack\modlists\DoD,Diaries of Dibella - Lord's Vision,Daedric Bitches 2024,335,Daedric Bitches.esp,D:\Wabbajack\modlists\DoD\mods\Daedric Bitches 2024\Daedric Bitches.esp,0x0200087A,Vella_aPhSArmlet,Pharaoh's Slave Armlets,plugin,Clothing,Clothing,,0.0,100,0.1,Custom Slot (58),58,ArmorJewelry; VendorItemClothing; ClothingHands; ArmorTypeArmlets0,0x0006BBE9; 0x0008F95B; 0x0010CD13; 0x02000887,,ClothingHands,VendorItemClothing,,,Caenarvon\Pharaoh Slave\GND\ParaohArmlet_GND.nif,
DoD,D:\Wabbajack\modlists\DoD,Diaries of Dibella - Lord's Vision,Daedric Bitches 2024,335,Daedric Bitches.esp,D:\Wabbajack\modlists\DoD\mods\Daedric Bitches 2024\Daedric Bitches.esp,0x0200087B,Vella_aPhSBellyPiercing,Pharaoh's Slave Belly Piercing,plugin,Clothing,Clothing,,0.0,100,0.1,Custom Slot (48),48,ArmorJewelry; VendorItemClothing; ClothingBody; ArmorTypePiercing0,0x0006BBE9; 0x0008F95B; 0x000A8657; 0x02000876,,ClothingBody,VendorItemClothing,,,Caenarvon\Pharaoh Slave\GND\ParaohPiercing_GND.nif,
DoD,D:\Wabbajack\modlists\DoD,Diaries of Dibella - Lord's Vision,Daedric Bitches 2024,335,Daedric Bitches.esp,D:\Wabbajack\modlists\DoD\mods\Daedric Bitches 2024\Daedric Bitches.esp,0x0200087C,Vella_aPhSBracelet,Pharaoh's Slave Bracelets,plugin,Clothing,Clothing,,0.0,100,0.1,Forearms,34,ArmorJewelry; VendorItemClothing; ClothingHands; ArmorTypeLeftHandRing0,0x0006BBE9; 0x0008F95B; 0x0010CD13; 0x02000886,,ClothingHands,VendorItemClothing,,,Caenarvon\Pharaoh Slave\GND\ParaohBracelet_GND.nif,
DoD,D:\Wabbajack\modlists\DoD,Diaries of Dibella - Lord's Vision,Daedric Bitches 2024,335,Daedric Bitches.esp,D:\Wabbajack\modlists\DoD\mods\Daedric Bitches 2024\Daedric Bitches.esp,0x0200087D,Vella_aPhSClaws,Pharaoh's Slave Claws,plugin,Clothing,Clothing,Clothing,0.0,100,0.1,Hands,33,ArmorClothing; VendorItemClothing; ClothingHands,0x0006BBE8; 0x0008F95B; 0x0010CD13,,ClothingHands,VendorItemClothing,,,Caenarvon\Pharaoh Slave\GND\ParaohClaws_GND.nif,
DoD,D:\Wabbajack\modlists\DoD,Diaries of Dibella - Lord's Vision,Daedric Bitches 2024,335,Daedric Bitches.esp,D:\Wabbajack\modlists\DoD\mods\Daedric Bitches 2024\Daedric Bitches.esp,0x0200087E,Vella_aPhSCollar,Pharaoh's Slave Collar,plugin,Clothing,Clothing,,0.0,100,0.1,Custom Slot (45),45,ArmorJewelry; VendorItemClothing; ClothingNecklace; ArmorTypeChoker0,0x0006BBE9; 0x0008F95B; 0x0010CD0A; 0x02000888,,ClothingNecklace,VendorItemClothing,,,Caenarvon\Pharaoh Slave\GND\ParaohCollar_GND.nif,
DoD,D:\Wabbajack\modlists\DoD,Diaries of Dibella - Lord's Vision,Daedric Bitches 2024,335,Daedric Bitches.esp,D:\Wabbajack\modlists\DoD\mods\Daedric Bitches 2024\Daedric Bitches.esp,0x0200087F,Vella_aPhSHarness,Pharaoh's Slave Harness,plugin,Clothing,Clothing,Clothing,0.0,100,0.1,Custom Slot (59),59,ArmorClothing; VendorItemClothing; ClothingBody; ArmorTypeBandolier0,0x0006BBE8; 0x0008F95B; 0x000A8657; 0x02000889,,ClothingBody,VendorItemClothing,,,Caenarvon\Pharaoh Slave\GND\ParaohHarness_GND.nif,
DoD,D:\Wabbajack\modlists\DoD,Diaries of Dibella - Lord's Vision,Daedric Bitches 2024,335,Daedric Bitches.esp,D:\Wabbajack\modlists\DoD\mods\Daedric Bitches 2024\Daedric Bitches.esp,0x02000880,Vella_aPhSPasties,Pharaoh's Slave Pasties,plugin,Clothing,Clothing,Clothing,0.0,100,0.1,Custom Slot (56),56,ArmorClothing; VendorItemClothing; ClothingBody; ArmorTypePiercing0,0x0006BBE8; 0x0008F95B; 0x000A8657; 0x02000876,,ClothingBody,VendorItemClothing,,,Caenarvon\Pharaoh Slave\GND\ParaohPasties_GND.nif,
DoD,D:\Wabbajack\modlists\DoD,Diaries of Dibella - Lord's Vision,Daedric Bitches 2024,335,Daedric Bitches.esp,D:\Wabbajack\modlists\DoD\mods\Daedric Bitches 2024\Daedric Bitches.esp,0x02000881,Vella_aPhSPussy,Pharaoh's Slave Pussy Pastie,plugin,Clothing,Clothing,Clothing,0.0,100,0.1,Custom Slot (52),52,ArmorClothing; VendorItemClothing; ClothingBody; SOS_Revealing0; ArmorTypeTattoo0,0x0006BBE8; 0x0008F95B; 0x000A8657; 0x02000872; 0x0200088A,,ClothingBody,VendorItemClothing,,,Caenarvon\Pharaoh Slave\GND\ParaohPussy_GND.nif,
DoD,D:\Wabbajack\modlists\DoD,Diaries of Dibella - Lord's Vision,Daedric Bitches 2024,335,Daedric Bitches.esp,D:\Wabbajack\modlists\DoD\mods\Daedric Bitches 2024\Daedric Bitches.esp,0x02000882,Vella_aPhSSkirtA,Pharaoh's Slave Skirt A,plugin,Clothing,Clothing,Clothing,0.0,100,0.1,Custom Slot (49),49,ArmorClothing; VendorItemClothing; ClothingBody; ArmorTypeSkirt0,0x0006BBE8; 0x0008F95B; 0x000A8657; 0x0200088B,,ClothingBody,VendorItemClothing,,,Caenarvon\Pharaoh Slave\GND\ParaohSkirtA_GND.nif,
DoD,D:\Wabbajack\modlists\DoD,Diaries of Dibella - Lord's Vision,Daedric Bitches 2024,335,Daedric Bitches.esp,D:\Wabbajack\modlists\DoD\mods\Daedric Bitches 2024\Daedric Bitches.esp,0x02000883,Vella_aPhSStockings,Pharaoh's Slave Stockings,plugin,Clothing,Clothing,Clothing,0.0,100,0.1,Calves,38,ArmorClothing; VendorItemClothing; ClothingFeet; ArmorTypeStockings0,0x0006BBE8; 0x0008F95B; 0x0010CD12; 0x0200088C,,ClothingFeet,VendorItemClothing,,,Caenarvon\Pharaoh Slave\GND\ParaohStocking_GND.nif,
DoD,D:\Wabbajack\modlists\DoD,Diaries of Dibella - Lord's Vision,Daedric Bitches 2024,335,Daedric Bitches.esp,D:\Wabbajack\modlists\DoD\mods\Daedric Bitches 2024\Daedric Bitches.esp,0x02000884,Vella_aPhSTiara,Pharaoh's Slave Tiara,plugin,Clothing,Clothing,,0.0,100,0.1,Circlet,42,ArmorJewelry; VendorItemJewelry; VendorItemClothing; JewelryExpensive; ClothingCirclet,0x0006BBE9; 0x0008F95A; 0x0008F95B; 0x000A8664; 0x0010CD08,,ClothingCirclet,VendorItemJewelry; VendorItemClothing,,,Caenarvon\Pharaoh Slave\GND\ParaohTiara_GND.nif,
DoD,D:\Wabbajack\modlists\DoD,Diaries of Dibella - Lord's Vision,Daedric Bitches 2024,335,Daedric Bitches.esp,D:\Wabbajack\modlists\DoD\mods\Daedric Bitches 2024\Daedric Bitches.esp,0x0200089A,Kaya_00AgehaAbyssBoots,C5Kev's Ageha Abyss Armor Boots,plugin,Light,Light,Light,0.0,200,12.0,Feet,37,ArmorBoots; VendorItemArmor; ArmorLight,0x0006C0ED; 0x0008F959; 0x0006BBD3,,ArmorBoots,VendorItemArmor,,,ž,C5Kev\Ageha\GND\Box5.nif
DoD,D:\Wabbajack\modlists\DoD,Diaries of Dibella - Lord's Vision,Daedric Bitches 2024,335,Daedric Bitches.esp,D:\Wabbajack\modlists\DoD\mods\Daedric Bitches 2024\Daedric Bitches.esp,0x0200089B,Kaya_00AgehaAbyssGloves,C5Kev's Ageha Abyss Armor Gloves,plugin,Light,Light,Light,0.0,150,12.0,Hands,33,ArmorGauntlets; VendorItemArmor; ArmorLight,0x0006C0EF; 0x0008F959; 0x0006BBD3,,ArmorGauntlets,VendorItemArmor,,,Ÿ,C5Kev\Ageha\GND\Box4.nif
DoD,D:\Wabbajack\modlists\DoD,Diaries of Dibella - Lord's Vision,Daedric Bitches 2024,335,Daedric Bitches.esp,D:\Wabbajack\modlists\DoD\mods\Daedric Bitches 2024\Daedric Bitches.esp,0x0200089C,Kaya_00AgehaAbyssPauldrons,C5Kev's Ageha Abyss Armor Pauldrons,plugin,Light,Light,Light,0.0,165,12.0,Custom Slot (57),57,ArmorLight; ArmorCuirass; VendorItemArmor,0x0006BBD3; 0x0006C0EC; 0x0008F959,,ArmorCuirass,VendorItemArmor,,,,C5Kev\Ageha\GND\Box3.nif
DoD,D:\Wabbajack\modlists\DoD,Diaries of Dibella - Lord's Vision,Daedric Bitches 2024,335,Daedric Bitches.esp,D:\Wabbajack\modlists\DoD\mods\Daedric Bitches 2024\Daedric Bitches.esp,0x0200089D,Kaya_00AgehaAbyssBra,C5Kev's Ageha Abyss Armor Full Cuirass,plugin,Light,Light,Light,0.0,450,14.0,Body,32,ArmorCuirass; VendorItemArmor; ArmorLight,0x0006C0EC; 0x0008F959; 0x0006BBD3,,ArmorCuirass,VendorItemArmor,,,¡,C5Kev\Ageha\GND\Box2.nif
DoD,D:\Wabbajack\modlists\DoD,Diaries of Dibella - Lord's Vision,Roxie the mad,338,Roxie the Mad.esp,D:\Wabbajack\modlists\DoD\mods\Roxie the mad\Roxie the Mad.esp,0x05000818,00_Roxie1GhoulArmor,Ghoul Armor,plugin,Heavy,Heavy,Heavy,0.0,3200,10.0,Body; Custom Slot (46); Custom Slot (53),32; 46; 53,ArmorHeavy; ArmorMaterialDaedric; ArmorCuirass; VendorItemArmor,0x0006BBD2; 0x0006BBD4; 0x0006C0EC; 0x0008F959,ArmorMaterialDaedric,ArmorCuirass,VendorItemArmor,,,actors\character\Roxie\Armor\Torso_Go.nif,actors\character\Roxie\Armor\Torso_Go.nif
DoD,D:\Wabbajack\modlists\DoD,Diaries of Dibella - Lord's Vision,Optional Voices,349,DaedricDescendants.esp,D:\Wabbajack\modlists\DoD\mods\Optional Voices\DaedricDescendants.esp,0x0200080A,DDPriscilla_Body,,,Clothing,Clothing,,0.0,0,0.0,Head; Body; Hands; Feet,30; 32; 33; 37,,,,,,,,,
DoD,D:\Wabbajack\modlists\DoD,Diaries of Dibella - Lord's Vision,Optional Voices,349,DaedricDescendants.esp,D:\Wabbajack\modlists\DoD\mods\Optional Voices\DaedricDescendants.esp,0x02000817,DDAria_Body,,,Clothing,Clothing,,0.0,0,0.0,Head; Body; Hands; Feet,30; 32; 33; 37,,,,,,,,,
DoD,D:\Wabbajack\modlists\DoD,Diaries of Dibella - Lord's Vision,Optional Voices,349,DaedricDescendants.esp,D:\Wabbajack\modlists\DoD\mods\Optional Voices\DaedricDescendants.esp,0x02000D68,DDInae_Body,,,Clothing,Clothing,,0.0,0,0.0,Head; Body; Hands; Feet,30; 32; 33; 37,,,,,,,,i,
DoD,D:\Wabbajack\modlists\DoD,Diaries of Dibella - Lord's Vision,Daedric Descendants,350,DaedricDescendants.esp,D:\Wabbajack\modlists\DoD\mods\Daedric Descendants\DaedricDescendants.esp,0x0200080A,DDPriscilla_Body,,,Clothing,Clothing,,0.0,0,0.0,Head; Body; Hands; Feet,30; 32; 33; 37,,,,,,,,,
DoD,D:\Wabbajack\modlists\DoD,Diaries of Dibella - Lord's Vision,Daedric Descendants,350,DaedricDescendants.esp,D:\Wabbajack\modlists\DoD\mods\Daedric Descendants\DaedricDescendants.esp,0x02000817,DDAria_Body,,,Clothing,Clothing,,0.0,0,0.0,Head; Body; Hands; Feet,30; 32; 33; 37,,,,,,,,,
DoD,D:\Wabbajack\modlists\DoD,Diaries of Dibella - Lord's Vision,Daedric Descendants,350,DaedricDescendants.esp,D:\Wabbajack\modlists\DoD\mods\Daedric Descendants\DaedricDescendants.esp,0x02000D68,DDInae_Body,,,Clothing,Clothing,,0.0,0,0.0,Head; Body; Hands; Feet,30; 32; 33; 37,,,,,,,,i,
DoD,D:\Wabbajack\modlists\DoD,Diaries of Dibella - Lord's Vision,Deadlands Expanded - A Kaidan Quest Overhaul,352,KR2_Deadlands.esp,D:\Wabbajack\modlists\DoD\mods\Deadlands Expanded - A Kaidan Quest Overhaul\KR2_Deadlands.esp,0x06080362,KR2BloodedDawnRobes,Blooded Dawn Robes,plugin,Clothing,Clothing,Clothing,0.0,60,50.0,Body,32,ClothingBody; ArmorMaterialDaedric; ArmorClothing; VendorItemClothing; Survival_ArmorWarm; KR2BDDisguiseKeyword,0x000A8657; 0x0006BBD4; 0x0006BBE8; 0x0008F95B; 0x01002ED9; 0x062BA343,ArmorMaterialDaedric,ClothingBody,VendorItemClothing,0x00104D80,,KRDeadlands\Dremora Robes\gnd\bdrobegnd.nif,
DoD,D:\Wabbajack\modlists\DoD,Diaries of Dibella - Lord's Vision,Deadlands Expanded - A Kaidan Quest Overhaul,352,KR2_Deadlands.esp,D:\Wabbajack\modlists\DoD\mods\Deadlands Expanded - A Kaidan Quest Overhaul\KR2_Deadlands.esp,0x06080363,KR2BloodedDawnBoots,Blooded Dawn Armored Boots,plugin,Heavy,Heavy,Heavy,0.0,15,10.0,Feet,37,ArmorHeavy; ArmorMaterialDaedric; ArmorBoots; VendorItemArmor; Survival_ArmorWarm; KR2BDDisguiseKeyword,0x0006BBD2; 0x0006BBD4; 0x0006C0ED; 0x0008F959; 0x01002ED9; 0x062BA343,ArmorMaterialDaedric,ArmorBoots,VendorItemArmor,0x0004950A,,KRDeadlands\Dremora Robes\gnd\bdbootsgnd.nif,
DoD,D:\Wabbajack\modlists\DoD,Diaries of Dibella - Lord's Vision,Deadlands Expanded - A Kaidan Quest Overhaul,352,KR2_Deadlands.esp,D:\Wabbajack\modlists\DoD\mods\Deadlands Expanded - A Kaidan Quest Overhaul\KR2_Deadlands.esp,0x06080364,KR2BloodedDawnGloves,Blooded Dawn Armored Gauntlets,plugin,Heavy,Heavy,Heavy,0.0,15,6.0,Hands,33,ArmorHeavy; ArmorMaterialDaedric; ArmorGauntlets; VendorItemArmor; PerkFistsDaedric; Survival_ArmorWarm; KR2BDDisguiseKeyword,0x0006BBD2; 0x0006BBD4; 0x0006C0EF; 0x0008F959; 0x0002C17B; 0x01002ED9; 0x062BA343,ArmorMaterialDaedric,ArmorGauntlets,VendorItemArmor,0x000AD483,,KRDeadlands\Dremora Robes\gnd\bdglovesgnd.nif,
DoD,D:\Wabbajack\modlists\DoD,Diaries of Dibella - Lord's Vision,Deadlands Expanded - A Kaidan Quest Overhaul,352,KR2_Deadlands.esp,D:\Wabbajack\modlists\DoD\mods\Deadlands Expanded - A Kaidan Quest Overhaul\KR2_Deadlands.esp,0x06080365,KR2BloodedDawnHood01,Blooded Dawn Hooded Mask,plugin,Heavy,Heavy,Heavy,0.0,50,15.0,Head; Hair; Circlet; Ears,30; 31; 42; 43,ArmorHeavy; ArmorMaterialDaedric; ArmorHelmet; VendorItemArmor; Survival_ArmorWarm; KR2BDLavaHoodKeyword,0x0006BBD2; 0x0006BBD4; 0x0006C0EE; 0x0008F959; 0x01002ED9; 0x062AAF62,ArmorMaterialDaedric,ArmorHelmet,VendorItemArmor,0x061F4064,,KRDeadlands\Dremora Robes\gnd\bdhood01gnd.nif,
DoD,D:\Wabbajack\modlists\DoD,Diaries of Dibella - Lord's Vision,Deadlands Expanded - A Kaidan Quest Overhaul,352,KR2_Deadlands.esp,D:\Wabbajack\modlists\DoD\mods\Deadlands Expanded - A Kaidan Quest Overhaul\KR2_Deadlands.esp,0x06080366,KR2BloodedDawnHood02,Blooded Dawn Hooded Mask,plugin,Heavy,Heavy,Heavy,0.0,50,15.0,Head; Hair; Circlet; Ears,30; 31; 42; 43,ArmorHeavy; ArmorMaterialDaedric; ArmorHelmet; VendorItemArmor; Survival_ArmorWarm; KR2BDLavaHoodKeyword,0x0006BBD2; 0x0006BBD4; 0x0006C0EE; 0x0008F959; 0x01002ED9; 0x062AAF62,ArmorMaterialDaedric,ArmorHelmet,VendorItemArmor,0x061F4064,,KRDeadlands\Dremora Robes\gnd\bdhood02gnd.nif,
DoD,D:\Wabbajack\modlists\DoD,Diaries of Dibella - Lord's Vision,Deadlands Expanded - A Kaidan Quest Overhaul,352,KR2_Deadlands.esp,D:\Wabbajack\modlists\DoD\mods\Deadlands Expanded - A Kaidan Quest Overhaul\KR2_Deadlands.esp,0x06080367,KR2BloodedDawnHood03,Blooded Dawn Hooded Mask,plugin,Heavy,Heavy,Heavy,0.0,50,15.0,Head; Hair; Circlet; Ears,30; 31; 42; 43,ArmorHeavy; ArmorMaterialDaedric; ArmorHelmet; VendorItemArmor; Survival_ArmorWarm; KR2BDLavaHoodKeyword,0x0006BBD2; 0x0006BBD4; 0x0006C0EE; 0x0008F959; 0x01002ED9; 0x062AAF62,ArmorMaterialDaedric,ArmorHelmet,VendorItemArmor,0x061F4064,,KRDeadlands\Dremora Robes\gnd\bdhood03gnd.nif,
DoD,D:\Wabbajack\modlists\DoD,Diaries of Dibella - Lord's Vision,Deadlands Expanded - A Kaidan Quest Overhaul,352,KR2_Deadlands.esp,D:\Wabbajack\modlists\DoD\mods\Deadlands Expanded - A Kaidan Quest Overhaul\KR2_Deadlands.esp,0x06080369,KR2BloodedDawnRobesArmored,Blooded Dawn Armored Robes,plugin,Heavy,Heavy,Heavy,0.0,100,50.0,Body,32,ArmorHeavy; ArmorMaterialDaedric; ArmorCuirass; VendorItemArmor; Survival_ArmorWarm; KR2BDDisguiseKeyword,0x0006BBD2; 0x0006BBD4; 0x0006C0EC; 0x0008F959; 0x01002ED9; 0x062BA343,ArmorMaterialDaedric,ArmorCuirass,VendorItemArmor,0x000AD463,,KRDeadlands\Dremora Robes\gnd\bdcuirassgnd.nif,
DoD,D:\Wabbajack\modlists\DoD,Diaries of Dibella - Lord's Vision,Val Serano,374,AX ValSerano.esp,D:\Wabbajack\modlists\DoD\mods\Val Serano\AX ValSerano.esp,0x0536D8A2,AX_DummyWoodMask,Wooden Mask,plugin,Light,Light,Light,0.0,51,2.0,Head; Circlet,30; 42,MagicDisallowEnchanting; ArmorMaterialDaedric; ArmorHelmet; VendorItemArmor; ArmorLight,0x000C27BD; 0x0006BBD4; 0x0006C0EE; 0x0008F959; 0x0006BBD3,ArmorMaterialDaedric,ArmorHelmet,VendorItemArmor,,,Armor\DragonPriestHelms\Dragonhelm_Wood_GO.nif,
DoD,D:\Wabbajack\modlists\DoD,Diaries of Dibella - Lord's Vision,Val Serano,374,AX ValSerano.esp,D:\Wabbajack\modlists\DoD\mods\Val Serano\AX ValSerano.esp,0x058355AE,AX_XivkynBoots,Xivkyn Boots,plugin,Heavy,Heavy,Heavy,0.0,625,10.0,Feet,37,ArmorHeavy; ArmorMaterialDaedric; ArmorBoots; VendorItemArmor; Survival_ArmorWarm,0x0006BBD2; 0x0006BBD4; 0x0006C0ED; 0x0008F959; 0x01002ED9,ArmorMaterialDaedric,ArmorBoots,VendorItemArmor,,,Armor\Daedric\DaedricBootsGO.nif,
DoD,D:\Wabbajack\modlists\DoD,Diaries of Dibella - Lord's Vision,Val Serano,374,AX ValSerano.esp,D:\Wabbajack\modlists\DoD\mods\Val Serano\AX ValSerano.esp,0x058355AF,AX_XivkynCuirass,Xivkyn Armor,plugin,Heavy,Heavy,Heavy,0.0,3200,50.0,Body,32,ArmorHeavy; ArmorMaterialDaedric; ArmorCuirass; VendorItemArmor; Survival_ArmorWarm,0x0006BBD2; 0x0006BBD4; 0x0006C0EC; 0x0008F959; 0x01002ED9,ArmorMaterialDaedric,ArmorCuirass,VendorItemArmor,,,Armor\Daedric\DaedricCuirassGO.nif,
DoD,D:\Wabbajack\modlists\DoD,Diaries of Dibella - Lord's Vision,Val Serano,374,AX ValSerano.esp,D:\Wabbajack\modlists\DoD\mods\Val Serano\AX ValSerano.esp,0x058355B0,AX_XivkynGauntlets,Xivkyn Gauntlets,plugin,Heavy,Heavy,Heavy,0.0,625,6.0,Hands,33,ArmorHeavy; ArmorMaterialDaedric; ArmorGauntlets; VendorItemArmor; PerkFistsDaedric; Survival_ArmorWarm,0x0006BBD2; 0x0006BBD4; 0x0006C0EF; 0x0008F959; 0x0002C17B; 0x01002ED9,ArmorMaterialDaedric,ArmorGauntlets,VendorItemArmor,,,Armor\Daedric\DaedricGauntletsGO.nif,
DoD,D:\Wabbajack\modlists\DoD,Diaries of Dibella - Lord's Vision,Val Serano,374,AX ValSerano.esp,D:\Wabbajack\modlists\DoD\mods\Val Serano\AX ValSerano.esp,0x058355B1,AX_XivkynHelmet,Xivkyn Helmet,plugin,Heavy,Heavy,Heavy,0.0,1600,15.0,Head; Hair; Long Hair; Circlet; Ears,30; 31; 41; 42; 43,ArmorHeavy; ArmorMaterialDaedric; ArmorHelmet; VendorItemArmor; Survival_ArmorWarm,0x0006BBD2; 0x0006BBD4; 0x0006C0EE; 0x0008F959; 0x01002ED9,ArmorMaterialDaedric,ArmorHelmet,VendorItemArmor,,,Armor\Daedric\DaedricHelmetGO.nif,
DoD,D:\Wabbajack\modlists\DoD,Diaries of Dibella - Lord's Vision,Val Serano,374,AX ValSerano.esp,D:\Wabbajack\modlists\DoD\mods\Val Serano\AX ValSerano.esp,0x05CCB0A5,AX_StonefireBoots,Coldharbor Boots,plugin,Heavy,Heavy,Heavy,0.0,625,10.0,Feet,37,ArmorHeavy; ArmorMaterialDaedric; ArmorBoots; VendorItemArmor; Survival_ArmorWarm,0x0006BBD2; 0x0006BBD4; 0x0006C0ED; 0x0008F959; 0x01002ED9,ArmorMaterialDaedric,ArmorBoots,VendorItemArmor,,,Axarien\Val Serano\armor\Xivkyn\stonefire\boots_go.nif,
DoD,D:\Wabbajack\modlists\DoD,Diaries of Dibella - Lord's Vision,Val Serano,374,AX ValSerano.esp,D:\Wabbajack\modlists\DoD\mods\Val Serano\AX ValSerano.esp,0x05CCB0A6,AX_StonefireCuirass,Coldharbor Armor,plugin,Heavy,Heavy,Heavy,0.0,3200,50.0,Body,32,ArmorHeavy; ArmorMaterialDaedric; ArmorCuirass; VendorItemArmor; Survival_ArmorWarm,0x0006BBD2; 0x0006BBD4; 0x0006C0EC; 0x0008F959; 0x01002ED9,ArmorMaterialDaedric,ArmorCuirass,VendorItemArmor,,,Axarien\Val Serano\armor\Xivkyn\stonefire\cuirass_go.nif,
DoD,D:\Wabbajack\modlists\DoD,Diaries of Dibella - Lord's Vision,Val Serano,374,AX ValSerano.esp,D:\Wabbajack\modlists\DoD\mods\Val Serano\AX ValSerano.esp,0x05CCB0A7,AX_StonefireGauntlets,Coldharbor Gauntlets,plugin,Heavy,Heavy,Heavy,0.0,625,6.0,Hands,33,ArmorHeavy; ArmorMaterialDaedric; ArmorGauntlets; VendorItemArmor; PerkFistsDaedric; Survival_ArmorWarm,0x0006BBD2; 0x0006BBD4; 0x0006C0EF; 0x0008F959; 0x0002C17B; 0x01002ED9,ArmorMaterialDaedric,ArmorGauntlets,VendorItemArmor,,,Axarien\Val Serano\armor\Xivkyn\stonefire\gauntlets_go.nif,
DoD,D:\Wabbajack\modlists\DoD,Diaries of Dibella - Lord's Vision,Val Serano,374,AX ValSerano.esp,D:\Wabbajack\modlists\DoD\mods\Val Serano\AX ValSerano.esp,0x05CCB0A8,AX_StonefireHelmet,Coldharbor Helmet,plugin,Heavy,Heavy,Heavy,0.0,1600,15.0,Head; Hair; Long Hair; Circlet; Ears,30; 31; 41; 42; 43,ArmorHeavy; ArmorMaterialDaedric; ArmorHelmet; VendorItemArmor; Survival_ArmorWarm,0x0006BBD2; 0x0006BBD4; 0x0006C0EE; 0x0008F959; 0x01002ED9,ArmorMaterialDaedric,ArmorHelmet,VendorItemArmor,,,Axarien\Val Serano\armor\Xivkyn\stonefire\helm_go.nif,
DoD,D:\Wabbajack\modlists\DoD,Diaries of Dibella - Lord's Vision,Val Serano,374,AX ValSerano.esp,D:\Wabbajack\modlists\DoD\mods\Val Serano\AX ValSerano.esp,0x05CF41F1,AX_StonefireBootsMuddy,Muddy Coldharbor Boots,plugin,Heavy,Heavy,Heavy,0.0,625,10.0,Feet,37,ArmorHeavy; ArmorMaterialDaedric; ArmorBoots; VendorItemArmor; Survival_ArmorWarm,0x0006BBD2; 0x0006BBD4; 0x0006C0ED; 0x0008F959; 0x01002ED9,ArmorMaterialDaedric,ArmorBoots,VendorItemArmor,,,Axarien\Val Serano\armor\Xivkyn\stonefire\boots_go.nif,
DoD,D:\Wabbajack\modlists\DoD,Diaries of Dibella - Lord's Vision,Val Serano,374,AX ValSerano.esp,D:\Wabbajack\modlists\DoD\mods\Val Serano\AX ValSerano.esp,0x05CF6929,AX_CCValDaedricArmor,Val's Daedric Armor,plugin,Light,Light,Light,0.0,3200,15.0,Body,32,ArmorLight; ArmorMaterialDaedric; ArmorCuirass; VendorItemArmor; Survival_ArmorWarm,0x0006BBD3; 0x0006BBD4; 0x0006C0EC; 0x0008F959; 0x01002ED9,ArmorMaterialDaedric,ArmorCuirass,VendorItemArmor,,,CreationClub\BGSSSE050\Armor\DaedricPlate\DaedricPlateBodyGO.nif,
DoD,D:\Wabbajack\modlists\DoD,Diaries of Dibella - Lord's Vision,Val Serano,374,AX ValSerano.esp,D:\Wabbajack\modlists\DoD\mods\Val Serano\AX ValSerano.esp,0x05CF692A,AX_CCValDaedricBoots,Val's Daedric Boots,plugin,Light,Light,Light,0.0,625,4.0,Feet,37,ArmorLight; ArmorMaterialDaedric; ArmorBoots; VendorItemArmor; Survival_ArmorWarm,0x0006BBD3; 0x0006BBD4; 0x0006C0ED; 0x0008F959; 0x01002ED9,ArmorMaterialDaedric,ArmorBoots,VendorItemArmor,,,CreationClub\BGSSSE051\Armor\DaedricMail\BootsGND.nif,
DoD,D:\Wabbajack\modlists\DoD,Diaries of Dibella - Lord's Vision,Val Serano,374,AX ValSerano.esp,D:\Wabbajack\modlists\DoD\mods\Val Serano\AX ValSerano.esp,0x05CF692B,AX_CCValDaedricGloves,Val's Daedric Gauntlets,plugin,Light,Light,Light,0.0,625,3.0,Hands,33,PerkFistsDaedric; ArmorLight; ArmorMaterialDaedric; ArmorGauntlets; VendorItemArmor; Survival_ArmorWarm,0x0002C17B; 0x0006BBD3; 0x0006BBD4; 0x0006C0EF; 0x0008F959; 0x01002ED9,ArmorMaterialDaedric,ArmorGauntlets,VendorItemArmor,,,CreationClub\BGSSSE051\Armor\DaedricMail\GauntletsGND.nif,
DoD,D:\Wabbajack\modlists\DoD,Diaries of Dibella - Lord's Vision,Redcap the Riekling - A Fully Voice-Acted Immersive Follower and Quest,376,FA01RedcapFollower.esp,D:\Wabbajack\modlists\DoD\mods\Redcap the Riekling - A Fully Voice-Acted Immersive Follower and Quest\FA01RedcapFollower.esp,0x052A2A1A,FA01RedcapArmorDaedric,Redcap's Daedric Armor,plugin,Heavy,Heavy,,0.0,999999,0.0,Body,32,,,,,,0x054981F9,,**,
DoD,D:\Wabbajack\modlists\DoD,Diaries of Dibella - Lord's Vision,Redcap the Riekling - A Fully Voice-Acted Immersive Follower and Quest,376,FA01RedcapFollower.esp,D:\Wabbajack\modlists\DoD\mods\Redcap the Riekling - A Fully Voice-Acted Immersive Follower and Quest\FA01RedcapFollower.esp,0x055FFA7F,FA01RedcapOnBigpigArmorDaedric,Redcap,plugin,Clothing,Clothing,,0.0,0,0.0,Body,32,,,,,,,,qú_,
DoD,D:\Wabbajack\modlists\DoD,Diaries of Dibella - Lord's Vision,Patch - Vigilant,377,KWFPatch_Vigilant.esp,D:\Wabbajack\modlists\DoD\mods\Patch - Vigilant\KWFPatch_Vigilant.esp,0x0738DCCC,KWFVCH_ReclaimerCuirass,Rusty Armor,plugin,Heavy,Heavy,Heavy,0.0,675,24.0,Body,32,ArmorHeavy; ArmorMaterialDaedric; ArmorCuirass; VendorItemArmor,0x0006BBD2; 0x0006BBD4; 0x0006C0EC; 0x0008F959,ArmorMaterialDaedric,ArmorCuirass,VendorItemArmor,,,Armor\AoM\MolagBal\RustyMolagBalCuirassGND.nif,
DoD,D:\Wabbajack\modlists\DoD,Diaries of Dibella - Lord's Vision,Lucien - Immersive Fully Voiced Male Follower,418,Lucien.esp,D:\Wabbajack\modlists\DoD\mods\Lucien - Immersive Fully Voiced Male Follower\Lucien.esp,0x05277B96,JRmihailimpbodydef2,Daedric Helmet,plugin,Heavy,Heavy,Heavy,0.0,1600,15.0,Head; Hair; Body; Hands; Forearms; Amulet; Ring; Feet; Calves; Shield; Long Hair; Circlet; Ears,30; 31; 32; 33; 34; 35; 36; 37; 38; 39; 41; 42; 43,ArmorHeavy; ArmorMaterialDaedric; ArmorHelmet; VendorItemArmor,0x0006BBD2; 0x0006BBD4; 0x0006C0EE; 0x0008F959,ArmorMaterialDaedric,ArmorHelmet,VendorItemArmor,,,Armor\Daedric\DaedricHelmetGO.nif,
DoD,D:\Wabbajack\modlists\DoD,Diaries of Dibella - Lord's Vision,Lucien - Immersive Fully Voiced Male Follower,418,Lucien.esp,D:\Wabbajack\modlists\DoD\mods\Lucien - Immersive Fully Voiced Male Follower\Lucien.esp,0x05277B97,JRmihailimpbodydefCHARGEDFIRE,Daedric Helmet,plugin,Heavy,Heavy,Heavy,0.0,1600,15.0,Head; Hair; Body; Hands; Forearms; Amulet; Ring; Feet; Calves; Shield; Long Hair; Circlet; Ears,30; 31; 32; 33; 34; 35; 36; 37; 38; 39; 41; 42; 43,ArmorHeavy; ArmorMaterialDaedric; ArmorHelmet; VendorItemArmor,0x0006BBD2; 0x0006BBD4; 0x0006C0EE; 0x0008F959,ArmorMaterialDaedric,ArmorHelmet,VendorItemArmor,,,Armor\Daedric\DaedricHelmetGO.nif,
DoD,D:\Wabbajack\modlists\DoD,Diaries of Dibella - Lord's Vision,Lucien - Immersive Fully Voiced Male Follower,418,Lucien.esp,D:\Wabbajack\modlists\DoD\mods\Lucien - Immersive Fully Voiced Male Follower\Lucien.esp,0x05277B98,JRmihailimpbodydefCHARGEDSHOCK,Daedric Helmet,plugin,Heavy,Heavy,Heavy,0.0,1600,15.0,Head; Hair; Body; Hands; Forearms; Amulet; Ring; Feet; Calves; Shield; Long Hair; Circlet; Ears,30; 31; 32; 33; 34; 35; 36; 37; 38; 39; 41; 42; 43,ArmorHeavy; ArmorMaterialDaedric; ArmorHelmet; VendorItemArmor,0x0006BBD2; 0x0006BBD4; 0x0006C0EE; 0x0008F959,ArmorMaterialDaedric,ArmorHelmet,VendorItemArmor,,,Armor\Daedric\DaedricHelmetGO.nif,
DoD,D:\Wabbajack\modlists\DoD,Diaries of Dibella - Lord's Vision,Lucien - Immersive Fully Voiced Male Follower,418,Lucien.esp,D:\Wabbajack\modlists\DoD\mods\Lucien - Immersive Fully Voiced Male Follower\Lucien.esp,0x05277B99,JRmihailimpbodydefBOSSFIRE,Daedric Helmet,plugin,Heavy,Heavy,Heavy,0.0,1600,15.0,Head; Hair; Body; Hands; Forearms; Amulet; Ring; Feet; Calves; Shield; Long Hair; Circlet; Ears,30; 31; 32; 33; 34; 35; 36; 37; 38; 39; 41; 42; 43,ArmorHeavy; ArmorMaterialDaedric; ArmorHelmet; VendorItemArmor,0x0006BBD2; 0x0006BBD4; 0x0006C0EE; 0x0008F959,ArmorMaterialDaedric,ArmorHelmet,VendorItemArmor,,,Armor\Daedric\DaedricHelmetGO.nif,
DoD,D:\Wabbajack\modlists\DoD,Diaries of Dibella - Lord's Vision,Lucien - Immersive Fully Voiced Male Follower,418,Lucien.esp,D:\Wabbajack\modlists\DoD\mods\Lucien - Immersive Fully Voiced Male Follower\Lucien.esp,0x05277B9A,JRmihailimpbodydefBOSSSHOCK,Daedric Helmet,plugin,Heavy,Heavy,Heavy,0.0,1600,15.0,Head; Hair; Body; Hands; Forearms; Amulet; Ring; Feet; Calves; Shield; Long Hair; Circlet; Ears,30; 31; 32; 33; 34; 35; 36; 37; 38; 39; 41; 42; 43,ArmorHeavy; ArmorMaterialDaedric; ArmorHelmet; VendorItemArmor,0x0006BBD2; 0x0006BBD4; 0x0006C0EE; 0x0008F959,ArmorMaterialDaedric,ArmorHelmet,VendorItemArmor,,,Armor\Daedric\DaedricHelmetGO.nif,
DoD,D:\Wabbajack\modlists\DoD,Diaries of Dibella - Lord's Vision,Patch - Anniversary Edition 2.0e,478,MLU - AE.esp,D:\Wabbajack\modlists\DoD\mods\Patch - Anniversary Edition 2.0e\MLU - AE.esp,0x40000806,MLU_ArmorDaedricMailCuirass,Daedric Mail,plugin,Light,Light,Light,0.0,11955,13.0,Body,32,ArmorLight; ArmorCuirass; VendorItemArmor; Survival_ArmorWarm; ArmorMaterialDragonscale,0x0006BBD3; 0x0006C0EC; 0x0008F959; 0x01002ED9; 0x0006BBD6,ArmorMaterialDragonscale,ArmorCuirass,VendorItemArmor,,,CreationClub\BGSSSE051\Armor\DaedricMail\ArmorGND.nif,CreationClub\BGSSSE051\Armor\DaedricMail\ArmorGND.nif
DoD,D:\Wabbajack\modlists\DoD,Diaries of Dibella - Lord's Vision,Patch - Anniversary Edition 2.0e,478,MLU - AE.esp,D:\Wabbajack\modlists\DoD\mods\Patch - Anniversary Edition 2.0e\MLU - AE.esp,0x40000807,MLU_ArmorDaedricMailBoots,Daedric Mail Boots,plugin,Light,Light,Light,0.0,4650,5.5,Feet,37,ArmorLight; ArmorBoots; VendorItemArmor; Survival_ArmorWarm; ArmorMaterialDragonscale,0x0006BBD3; 0x0006C0ED; 0x0008F959; 0x01002ED9; 0x0006BBD6,ArmorMaterialDragonscale,ArmorBoots,VendorItemArmor,,,CreationClub\BGSSSE051\Armor\DaedricMail\BootsGND.nif,
DoD,D:\Wabbajack\modlists\DoD,Diaries of Dibella - Lord's Vision,Patch - Anniversary Edition 2.0e,478,MLU - AE.esp,D:\Wabbajack\modlists\DoD\mods\Patch - Anniversary Edition 2.0e\MLU - AE.esp,0x40000808,MLU_ArmorDaedricMailGauntlets,Daedric Mail Gauntlets,plugin,Light,Light,Light,0.0,4650,4.5,Hands,33,PerkFistsDaedric; ArmorLight; ArmorGauntlets; VendorItemArmor; Survival_ArmorWarm; ArmorMaterialDragonscale,0x0002C17B; 0x0006BBD3; 0x0006C0EF; 0x0008F959; 0x01002ED9; 0x0006BBD6,ArmorMaterialDragonscale,ArmorGauntlets,VendorItemArmor,,,CreationClub\BGSSSE051\Armor\DaedricMail\GauntletsGND.nif,
DoD,D:\Wabbajack\modlists\DoD,Diaries of Dibella - Lord's Vision,Patch - Anniversary Edition 2.0e,478,MLU - AE.esp,D:\Wabbajack\modlists\DoD\mods\Patch - Anniversary Edition 2.0e\MLU - AE.esp,0x4000AB71,MLU_ArmorDaedricPlateCuirass,Daedric Plate Armor,plugin,Heavy,Heavy,Heavy,0.0,12588,41.0,Body,32,ArmorHeavy; ArmorMaterialDaedric; ArmorCuirass; VendorItemArmor; Survival_ArmorWarm; SPIKEArmorFancyBlack,0x0006BBD2; 0x0006BBD4; 0x0006C0EC; 0x0008F959; 0x01002ED9; 0x01DA010D,ArmorMaterialDaedric,ArmorCuirass,VendorItemArmor,,,CreationClub\BGSSSE050\Armor\DaedricPlate\DaedricPlateBodyGO.nif,
DoD,D:\Wabbajack\modlists\DoD,Diaries of Dibella - Lord's Vision,Patch - Anniversary Edition 2.0e,478,MLU - AE.esp,D:\Wabbajack\modlists\DoD\mods\Patch - Anniversary Edition 2.0e\MLU - AE.esp,0x4000AB72,MLU_ArmorDaedricPlateHelmet,Daedric Plate Helmet,plugin,Heavy,Heavy,Heavy,0.0,7493,10.0,Head; Hair; Circlet; Ears,30; 31; 42; 43,ArmorHeavy; ArmorMaterialDaedric; ArmorHelmet; VendorItemArmor; Survival_ArmorWarm,0x0006BBD2; 0x0006BBD4; 0x0006C0EE; 0x0008F959; 0x01002ED9,ArmorMaterialDaedric,ArmorHelmet,VendorItemArmor,,,CreationClub\BGSSSE050\Armor\DaedricPlate\DaedricPlateHelmetGO.nif,
DoD,D:\Wabbajack\modlists\DoD,Diaries of Dibella - Lord's Vision,Patch - Anniversary Edition 2.0e,478,MLU - AE.esp,D:\Wabbajack\modlists\DoD\mods\Patch - Anniversary Edition 2.0e\MLU - AE.esp,0x0D000D62,ccBGSSSE020ArmorGrayCowl,Gray Cowl of Nocturnal,plugin,Light,Light,Light,0.0,1050,2.0,Hair; Long Hair; Circlet; Ears,31; 41; 42; 43,ArmorLight; ArmorHelmet; VendorItemArmor; MagicDisallowEnchanting; ArmorMaterialThievesGuild; ArmorMaterialThievesGuildLeader; ArmorMaterialDaedric,0x0006BBD3; 0x0006C0EE; 0x0008F959; 0x000C27BD; 0x010009BC; 0x010009BF; 0x0006BBD4,ArmorMaterialThievesGuild; ArmorMaterialThievesGuildLeader; ArmorMaterialDaedric,ArmorHelmet,VendorItemArmor,0x0D00080A,,CreationClub\BGSSSE020\Armor\GrayCowl\GreyCowl_GND.nif,
DoD,D:\Wabbajack\modlists\DoD,Diaries of Dibella - Lord's Vision,Patch - Anniversary Edition 2.0e,478,MLU - AE.esp,D:\Wabbajack\modlists\DoD\mods\Patch - Anniversary Edition 2.0e\MLU - AE.esp,0x2E000800,ccBGSSSE051_ArmorDaedricMailBoots,Leather Boots,plugin,Light,Light,Light,0.0,25,2.0,Feet,37,ArmorLight; ArmorMaterialLeather; ArmorBoots; VendorItemArmor,0x0006BBD3; 0x0006BBDB; 0x0006C0ED; 0x0008F959,ArmorMaterialLeather,ArmorBoots,VendorItemArmor,,,Armor\Studded\Male\boots_GO.nif,
DoD,D:\Wabbajack\modlists\DoD,Diaries of Dibella - Lord's Vision,Patch - Anniversary Edition 2.0e,478,MLU - AE.esp,D:\Wabbajack\modlists\DoD\mods\Patch - Anniversary Edition 2.0e\MLU - AE.esp,0x2E000801,ccBGSSSE051_ArmorDaedricMailCuirass,Leather Armor,plugin,Light,Light,Light,0.0,125,6.0,Body,32,ArmorLight; ArmorMaterialLeather; ArmorCuirass; VendorItemArmor,0x0006BBD3; 0x0006BBDB; 0x0006C0EC; 0x0008F959,ArmorMaterialLeather,ArmorCuirass,VendorItemArmor,,,Armor\Studded\Male\body_GO.nif,
DoD,D:\Wabbajack\modlists\DoD,Diaries of Dibella - Lord's Vision,Patch - Anniversary Edition 2.0e,478,MLU - AE.esp,D:\Wabbajack\modlists\DoD\mods\Patch - Anniversary Edition 2.0e\MLU - AE.esp,0x2E000802,ccBGSSSE051_ArmorDaedricMailGauntlets,Leather Bracers,plugin,Light,Light,Light,0.0,25,2.0,Hands,33,ArmorLight; ArmorMaterialLeather; ArmorGauntlets; VendorItemArmor,0x0006BBD3; 0x0006BBDB; 0x0006C0EF; 0x0008F959,ArmorMaterialLeather,ArmorGauntlets,VendorItemArmor,,,Armor\Studded\Male\gloves_GO.nif,
DoD,D:\Wabbajack\modlists\DoD,Diaries of Dibella - Lord's Vision,Patch - Anniversary Edition 2.0e,478,MLU - AE.esp,D:\Wabbajack\modlists\DoD\mods\Patch - Anniversary Edition 2.0e\MLU - AE.esp,0x3D000804,ccCBHSSE001_DaedricGlovesArmor,Brawler's Daedric Gauntlets,plugin,Heavy,Heavy,Heavy,0.0,5206,8.5,Hands,33,PerkFistsDaedric; ArmorHeavy; ArmorMaterialDaedric; ArmorGauntlets; VendorItemArmor; Survival_ArmorWarm,0x0002C17B; 0x0006BBD2; 0x0006BBD4; 0x0006C0EF; 0x0008F959; 0x01002ED9,ArmorMaterialDaedric,ArmorGauntlets,VendorItemArmor,0x3D00083A,0x3D00084E,CreationClub\CBHSSE001\Daedric\gauntletsgnd.nif,
DoD,D:\Wabbajack\modlists\DoD,Diaries of Dibella - Lord's Vision,Patch - Anniversary Edition 2.0e,478,MLU - AE.esp,D:\Wabbajack\modlists\DoD\mods\Patch - Anniversary Edition 2.0e\MLU - AE.esp,0x3D00084E,ccCBHSSE001_DaedricGlovesArmorUNENCHANTED,Brawler's Daedric Gauntlets,plugin,Heavy,Heavy,Heavy,0.0,5206,8.5,Hands,33,PerkFistsDaedric; ArmorHeavy; ArmorMaterialDaedric; ArmorGauntlets; VendorItemArmor; Survival_ArmorWarm,0x0002C17B; 0x0006BBD2; 0x0006BBD4; 0x0006C0EF; 0x0008F959; 0x01002ED9,ArmorMaterialDaedric,ArmorGauntlets,VendorItemArmor,,,CreationClub\CBHSSE001\Daedric\gauntletsgnd.nif,
DoD,D:\Wabbajack\modlists\DoD,Diaries of Dibella - Lord's Vision,MorrowLoot Ultimate,479,MLU.esp,D:\Wabbajack\modlists\DoD\mods\MorrowLoot Ultimate\MLU.esp,0x0001396A,ArmorDaedricBoots,Daedric Boots,plugin,Heavy,Heavy,Heavy,0.0,6195,9.0,Feet,37,ArmorHeavy; ArmorMaterialDaedric; ArmorBoots; VendorItemArmor; Survival_ArmorWarm,0x0006BBD2; 0x0006BBD4; 0x0006C0ED; 0x0008F959; 0x01002ED9,ArmorMaterialDaedric,ArmorBoots,VendorItemArmor,,,Armor\Daedric\DaedricBootsGO.nif,
DoD,D:\Wabbajack\modlists\DoD,Diaries of Dibella - Lord's Vision,MorrowLoot Ultimate,479,MLU.esp,D:\Wabbajack\modlists\DoD\mods\MorrowLoot Ultimate\MLU.esp,0x0001396B,ArmorDaedricCuirass,Daedric Armor,plugin,Heavy,Heavy,Heavy,0.0,12588,41.0,Body,32,ArmorHeavy; ArmorMaterialDaedric; ArmorCuirass; VendorItemArmor; SPIKEArmorFancyBlack; Survival_ArmorWarm,0x0006BBD2; 0x0006BBD4; 0x0006C0EC; 0x0008F959; 0x01DA010D; 0x01002ED9,ArmorMaterialDaedric,ArmorCuirass,VendorItemArmor,,,Armor\Daedric\DaedricCuirassGO.nif,
DoD,D:\Wabbajack\modlists\DoD,Diaries of Dibella - Lord's Vision,MorrowLoot Ultimate,479,MLU.esp,D:\Wabbajack\modlists\DoD\mods\MorrowLoot Ultimate\MLU.esp,0x0001396C,ArmorDaedricGauntlets,Daedric Gauntlets,plugin,Heavy,Heavy,Heavy,0.0,4756,7.0,Hands,33,PerkFistsDaedric; ArmorHeavy; ArmorMaterialDaedric; ArmorGauntlets; VendorItemArmor; Survival_ArmorWarm,0x0002C17B; 0x0006BBD2; 0x0006BBD4; 0x0006C0EF; 0x0008F959; 0x01002ED9,ArmorMaterialDaedric,ArmorGauntlets,VendorItemArmor,,,Armor\Daedric\DaedricGauntletsGO.nif,
DoD,D:\Wabbajack\modlists\DoD,Diaries of Dibella - Lord's Vision,MorrowLoot Ultimate,479,MLU.esp,D:\Wabbajack\modlists\DoD\mods\MorrowLoot Ultimate\MLU.esp,0x0001396D,ArmorDaedricHelmet,Daedric Helmet,plugin,Heavy,Heavy,Heavy,0.0,7493,10.0,Head; Hair; Circlet; Ears,30; 31; 42; 43,ArmorHeavy; ArmorMaterialDaedric; ArmorHelmet; VendorItemArmor; Survival_ArmorWarm,0x0006BBD2; 0x0006BBD4; 0x0006C0EE; 0x0008F959; 0x01002ED9,ArmorMaterialDaedric,ArmorHelmet,VendorItemArmor,,,Armor\Daedric\DaedricHelmetGO.nif,
DoD,D:\Wabbajack\modlists\DoD,Diaries of Dibella - Lord's Vision,MorrowLoot Ultimate,479,MLU.esp,D:\Wabbajack\modlists\DoD\mods\MorrowLoot Ultimate\MLU.esp,0x0001396E,ArmorDaedricShield,Daedric Shield,plugin,Heavy,Heavy,,0.0,9356,13.0,Shield,39,ArmorMaterialDaedric; VendorItemArmor; ArmorShield,0x0006BBD4; 0x0008F959; 0x000965B2,ArmorMaterialDaedric,ArmorShield,VendorItemArmor,,,Armor\Daedric\DaedricShield.nif,
DoD,D:\Wabbajack\modlists\DoD,Diaries of Dibella - Lord's Vision,MorrowLoot Ultimate,479,MLU.esp,D:\Wabbajack\modlists\DoD\mods\MorrowLoot Ultimate\MLU.esp,0x0002AC61,DA05SaviorsHide,Savior's Hide,plugin,Light,Light,Light,0.0,13102,6.0,Body,32,ArmorLight; ArmorMaterialScaled; ArmorCuirass; VendorItemDaedricArtifact; DaedricArtifact; MagicDisallowEnchanting; Survival_ArmorWarm; ArmorMaterialHide,0x0006BBD3; 0x0006BBDE; 0x0006C0EC; 0x000917E8; 0x000A8668; 0x000C27BD; 0x01002ED9; 0x0006BBDD,ArmorMaterialScaled; ArmorMaterialHide,ArmorCuirass,VendorItemDaedricArtifact,0x001097B7,,Armor\Savior'sHide\GO.nif,
DoD,D:\Wabbajack\modlists\DoD,Diaries of Dibella - Lord's Vision,MorrowLoot Ultimate,479,MLU.esp,D:\Wabbajack\modlists\DoD\mods\MorrowLoot Ultimate\MLU.esp,0x00045F96,DA13Spellbreaker,Spellbreaker,plugin,Heavy,Heavy,,0.0,13198,12.0,Shield,39,ArmorMaterialDwarven; VendorItemDaedricArtifact; ArmorShield; DaedricArtifact; MagicDisallowEnchanting,0x0006BBD7; 0x000917E8; 0x000965B2; 0x000A8668; 0x000C27BD,ArmorMaterialDwarven,ArmorShield,VendorItemDaedricArtifact,0x000C51F7,,Armor\Spellbreaker\Spellbreaker.nif,
DoD,D:\Wabbajack\modlists\DoD,Diaries of Dibella - Lord's Vision,MorrowLoot Ultimate,479,MLU.esp,D:\Wabbajack\modlists\DoD\mods\MorrowLoot Ultimate\MLU.esp,0x00052794,DA02Armor,Ebony Mail,plugin,Heavy,Heavy,Heavy,0.0,14802,30.0,Body,32,ArmorHeavy; ArmorMaterialEbony; ArmorCuirass; VendorItemDaedricArtifact; DaedricArtifact; MagicDisallowEnchanting; WAF_VisuallyDarkArmor; Survival_ArmorWarm; SPIKEArmorEbony; SPIKEArmorFancyBlack,0x0006BBD2; 0x0006BBD8; 0x0006C0EC; 0x000917E8; 0x000A8668; 0x000C27BD; 0x01AF0126; 0x01002ED9; 0x01DA010B; 0x01DA010D,ArmorMaterialEbony,ArmorCuirass,VendorItemDaedricArtifact,0x000F23C9,,Armor\EbonyMail\CuirassGND.nif,
DoD,D:\Wabbajack\modlists\DoD,Diaries of Dibella - Lord's Vision,MorrowLoot Ultimate,479,MLU.esp,D:\Wabbajack\modlists\DoD\mods\MorrowLoot Ultimate\MLU.esp,0x0005DB85,ArmorNightingaleBootsPlayer02,Nightingale Boots,plugin,Light,Light,Light,0.0,335,2.0,Feet,37,ArmorLight; ArmorBoots; MagicDisallowEnchanting; VendorNoSale; ArmorMaterialNightingale; WAF_MaterialFaction; WAF_VisuallyDarkArmor; Survival_ArmorWarm; ArmorMaterialDaedric,0x0006BBD3; 0x0006C0ED; 0x000C27BD; 0x000FF9FB; 0x0010FD61; 0x01AF0109; 0x01AF0126; 0x01002ED9; 0x0006BBD4,ArmorMaterialNightingale; WAF_MaterialFaction; ArmorMaterialDaedric,ArmorBoots,,0x000FCC07,,Armor\Nightingale\M\BootsGND.nif,Armor\Nightingale\M\BootsGND.nif
DoD,D:\Wabbajack\modlists\DoD,Diaries of Dibella - Lord's Vision,MorrowLoot Ultimate,479,MLU.esp,D:\Wabbajack\modlists\DoD\mods\MorrowLoot Ultimate\MLU.esp,0x0005DB86,ArmorNightingaleCuirassPlayer01,Nightingale Armor,plugin,Light,Light,Light,0.0,1040,6.0,Body,32,ArmorLight; ArmorCuirass; MagicDisallowEnchanting; VendorNoSale; ArmorMaterialNightingale; WAF_MaterialFaction; WAF_VisuallyDarkArmor; Survival_ArmorWarm; ArmorMaterialDaedric,0x0006BBD3; 0x0006C0EC; 0x000C27BD; 0x000FF9FB; 0x0010FD61; 0x01AF0109; 0x01AF0126; 0x01002ED9; 0x0006BBD4,ArmorMaterialNightingale; WAF_MaterialFaction; ArmorMaterialDaedric,ArmorCuirass,,0x000FCC0A,,Armor\Nightingale\M\TorsoGND.nif,Armor\Nightingale\M\TorsoGND.nif
DoD,D:\Wabbajack\modlists\DoD,Diaries of Dibella - Lord's Vision,MorrowLoot Ultimate,479,MLU.esp,D:\Wabbajack\modlists\DoD\mods\MorrowLoot Ultimate\MLU.esp,0x0005DB87,ArmorNightingaleGauntletsPlayer01,Nightingale Gloves,plugin,Light,Light,Light,0.0,295,1.0,Hands,33,ArmorLight; ArmorGauntlets; MagicDisallowEnchanting; VendorNoSale; ArmorMaterialNightingale; WAF_MaterialFaction; WAF_FingerlessGauntletsBracers; WAF_VisuallyDarkArmor; WAF_PerkFists10; Survival_ArmorWarm; ArmorMaterialDaedric,0x0006BBD3; 0x0006C0EF; 0x000C27BD; 0x000FF9FB; 0x0010FD61; 0x01AF0109; 0x01AF0122; 0x01AF0126; 0x01AF0245; 0x01002ED9; 0x0006BBD4,ArmorMaterialNightingale; WAF_MaterialFaction; ArmorMaterialDaedric,ArmorGauntlets,,0x000FCC04,,Armor\Nightingale\M\GauntletsGND.nif,Armor\Nightingale\M\GauntletsGND.nif
DoD,D:\Wabbajack\modlists\DoD,Diaries of Dibella - Lord's Vision,MorrowLoot Ultimate,479,MLU.esp,D:\Wabbajack\modlists\DoD\mods\MorrowLoot Ultimate\MLU.esp,0x0005DB88,ArmorNightingaleHelmetPlayer01,Nightingale Hood,plugin,Light,Light,Light,0.0,560,2.0,Head; Hair; Circlet; Ears; Custom Slot (44),30; 31; 42; 43; 44,ArmorLight; ArmorHelmet; MagicDisallowEnchanting; VendorNoSale; ArmorMaterialNightingale; WAF_MaterialFaction; WAF_VisuallyDarkArmor; Survival_ArmorWarm; ArmorMaterialDaedric,0x0006BBD3; 0x0006C0EE; 0x000C27BD; 0x000FF9FB; 0x0010FD61; 0x01AF0109; 0x01AF0126; 0x01002ED9; 0x0006BBD4,ArmorMaterialNightingale; WAF_MaterialFaction; ArmorMaterialDaedric,ArmorHelmet,,0x000FCBFF,,Armor\Nightingale\M\CowlGND.nif,Armor\Nightingale\M\CowlGND.nif
DoD,D:\Wabbajack\modlists\DoD,Diaries of Dibella - Lord's Vision,MorrowLoot Ultimate,479,MLU.esp,D:\Wabbajack\modlists\DoD\mods\MorrowLoot Ultimate\MLU.esp,0x00061C8B,ArmorDragonPriestMaskMoonstoneHelmet,Morokei,plugin,Clothing,Clothing,Clothing,0.0,2991,2.0,Head; Hair; Circlet; Custom Slot (44),30; 31; 42; 44,ArmorClothing; VendorItemDaedricArtifact; MagicDisallowEnchanting; ClothingHead; WAF_ProtectiveClothingCCF_15; Survival_ArmorWarm,0x0006BBE8; 0x000917E8; 0x000C27BD; 0x0010CD11; 0x01AF0264; 0x01002ED9,,ClothingHead,VendorItemDaedricArtifact,0x0001729E,,Armor\DragonPriestHelms\Dragonhelm_Moonstone_GO.nif,
DoD,D:\Wabbajack\modlists\DoD,Diaries of Dibella - Lord's Vision,MorrowLoot Ultimate,479,MLU.esp,D:\Wabbajack\modlists\DoD\mods\MorrowLoot Ultimate\MLU.esp,0x00061CA5,ArmorDragonPriestMaskEbonyHelmet,Nahkriin,plugin,Heavy,Heavy,Heavy,0.0,4725,9.0,Head; Hair; Circlet; Custom Slot (44),30; 31; 42; 44,ArmorHeavy; ArmorMaterialEbony; ArmorHelmet; VendorItemDaedricArtifact; MagicDisallowEnchanting; Survival_ArmorWarm,0x0006BBD2; 0x0006BBD8; 0x0006C0EE; 0x000917E8; 0x000C27BD; 0x01002ED9,ArmorMaterialEbony,ArmorHelmet,VendorItemDaedricArtifact,0x000F8460,,Armor\DragonPriestHelms\Dragonhelm_Ebony_GO.nif,
DoD,D:\Wabbajack\modlists\DoD,Diaries of Dibella - Lord's Vision,MorrowLoot Ultimate,479,MLU.esp,D:\Wabbajack\modlists\DoD\mods\MorrowLoot Ultimate\MLU.esp,0x00061CAB,ArmorDragonPriestMaskCorondrumHelmet,Volsung,plugin,Light,Light,Light,0.0,3366,3.0,Head; Hair; Circlet; Custom Slot (44),30; 31; 42; 44,ArmorLight; ArmorMaterialScaled; ArmorHelmet; VendorItemDaedricArtifact; MagicDisallowEnchanting; Survival_ArmorWarm,0x0006BBD3; 0x0006BBDE; 0x0006C0EE; 0x000917E8; 0x000C27BD; 0x01002ED9,ArmorMaterialScaled,ArmorHelmet,VendorItemDaedricArtifact,0x000F8464,,Armor\DragonPriestHelms\Dragonhelm_Corondrum_GO.nif,
DoD,D:\Wabbajack\modlists\DoD,Diaries of Dibella - Lord's Vision,MorrowLoot Ultimate,479,MLU.esp,D:\Wabbajack\modlists\DoD\mods\MorrowLoot Ultimate\MLU.esp,0x00061CB9,ArmorDragonPriestMaskBronzeHelmet,Krosis,plugin,Light,Light,Light,0.0,3419,2.0,Head; Hair; Circlet; Custom Slot (44),30; 31; 42; 44,ArmorLight; ArmorMaterialMoonstone; ArmorHelmet; VendorItemDaedricArtifact; MagicDisallowEnchanting; Survival_ArmorWarm,0x0006BBD3; 0x0006BBD9; 0x0006C0EE; 0x000917E8; 0x000C27BD; 0x01002ED9,ArmorMaterialMoonstone,ArmorHelmet,VendorItemDaedricArtifact,0x000F9916,,Armor\DragonPriestHelms\Dragonhelm_Bronze_GO.nif,
DoD,D:\Wabbajack\modlists\DoD,Diaries of Dibella - Lord's Vision,MorrowLoot Ultimate,479,MLU.esp,D:\Wabbajack\modlists\DoD\mods\MorrowLoot Ultimate\MLU.esp,0x00061CC0,ArmorDragonPriestMaskOrichalumHelmet,Rahgot,plugin,Heavy,Heavy,Heavy,0.0,3312,8.0,Head; Hair; Circlet; Custom Slot (44),30; 31; 42; 44,ArmorHeavy; ArmorMaterialOrcish; ArmorHelmet; VendorItemDaedricArtifact; MagicDisallowEnchanting; Survival_ArmorWarm,0x0006BBD2; 0x0006BBE5; 0x0006C0EE; 0x000917E8; 0x000C27BD; 0x01002ED9,ArmorMaterialOrcish,ArmorHelmet,VendorItemDaedricArtifact,0x000BE023,,Armor\DragonPriestHelms\Dragonhelm_Greenstone_GO.nif,
DoD,D:\Wabbajack\modlists\DoD,Diaries of Dibella - Lord's Vision,MorrowLoot Ultimate,479,MLU.esp,D:\Wabbajack\modlists\DoD\mods\MorrowLoot Ultimate\MLU.esp,0x00061CC1,ArmorDragonPriestMaskIronHelmet,Hevnoraak,plugin,Heavy,Heavy,Heavy,0.0,3205,6.0,Head; Hair; Circlet; Custom Slot (44),30; 31; 42; 44,ArmorHeavy; ArmorMaterialIron; ArmorHelmet; VendorItemDaedricArtifact; MagicDisallowEnchanting; Survival_ArmorWarm,0x0006BBD2; 0x0006BBE3; 0x0006C0EE; 0x000917E8; 0x000C27BD; 0x01002ED9,ArmorMaterialIron,ArmorHelmet,VendorItemDaedricArtifact,0x0001729C,,Armor\DragonPriestHelms\Dragonhelm_Iron_GO.nif,
DoD,D:\Wabbajack\modlists\DoD,Diaries of Dibella - Lord's Vision,MorrowLoot Ultimate,479,MLU.esp,D:\Wabbajack\modlists\DoD\mods\MorrowLoot Ultimate\MLU.esp,0x00061CC2,ArmorDragonPriestMaskMarbleHelmet,Otar,plugin,Light,Light,Light,0.0,3954,4.0,Head; Hair; Circlet; Custom Slot (44),30; 31; 42; 44,ArmorLight; ArmorMaterialGlass; ArmorHelmet; VendorItemDaedricArtifact; MagicDisallowEnchanting; Survival_ArmorWarm,0x0006BBD3; 0x0006BBDC; 0x0006C0EE; 0x000917E8; 0x000C27BD; 0x01002ED9,ArmorMaterialGlass,ArmorHelmet,VendorItemDaedricArtifact,0x000F8462,,Armor\DragonPriestHelms\Dragonhelm_Marble_GO.nif,
DoD,D:\Wabbajack\modlists\DoD,Diaries of Dibella - Lord's Vision,MorrowLoot Ultimate,479,MLU.esp,D:\Wabbajack\modlists\DoD\mods\MorrowLoot Ultimate\MLU.esp,0x00061CC9,ArmorDragonPriestMaskSteelHelmet,Vokun,plugin,Heavy,Heavy,Heavy,0.0,3366,7.0,Head; Hair; Circlet; Custom Slot (44),30; 31; 42; 44,ArmorHeavy; ArmorMaterialSteelPlate; ArmorHelmet; VendorItemDaedricArtifact; MagicDisallowEnchanting; Survival_ArmorWarm,0x0006BBD2; 0x0006BBE7; 0x0006C0EE; 0x000917E8; 0x000C27BD; 0x01002ED9,ArmorMaterialSteelPlate,ArmorHelmet,VendorItemDaedricArtifact,0x000F8463,,Armor\DragonPriestHelms\Dragonhelm_Steel_GO.nif,
DoD,D:\Wabbajack\modlists\DoD,Diaries of Dibella - Lord's Vision,MorrowLoot Ultimate,479,MLU.esp,D:\Wabbajack\modlists\DoD\mods\MorrowLoot Ultimate\MLU.esp,0x00061CD6,ArmorDragonPriestMaskUltraHelmet,Konahrik,plugin,Heavy,Heavy,Heavy,0.0,5131,10.0,Head; Hair; Circlet; Custom Slot (44),30; 31; 42; 44,ArmorHeavy; ArmorMaterialDragonplate; ArmorHelmet; VendorItemDaedricArtifact; MagicDisallowEnchanting; Survival_ArmorWarm,0x0006BBD2; 0x0006BBD5; 0x0006C0EE; 0x000917E8; 0x000C27BD; 0x01002ED9,ArmorMaterialDragonplate,ArmorHelmet,VendorItemDaedricArtifact,0x000F8461,,Armor\DragonPriestHelms\Dragonhelm_Ultra_GO.nif,
DoD,D:\Wabbajack\modlists\DoD,Diaries of Dibella - Lord's Vision,MorrowLoot Ultimate,479,MLU.esp,D:\Wabbajack\modlists\DoD\mods\MorrowLoot Ultimate\MLU.esp,0x000D2846,ClavicusVileMask,Masque of Clavicus Vile,plugin,Heavy,Heavy,Heavy,0.0,13203,9.0,Head; Hair; Circlet; Ears,30; 31; 42; 43,ArmorHeavy; ArmorMaterialDaedric; ArmorHelmet; VendorItemDaedricArtifact; DaedricArtifact; MagicDisallowEnchanting; Survival_ArmorWarm,0x0006BBD2; 0x0006BBD4; 0x0006C0EE; 0x000917E8; 0x000A8668; 0x000C27BD; 0x01002ED9,ArmorMaterialDaedric,ArmorHelmet,VendorItemDaedricArtifact,0x0010660A,,Clothes\ClavicusVileMask\ClavicusVileMaskGND.nif,Clothes\ClavicusVileMask\ClavicusVileMaskGND.nif
DoD,D:\Wabbajack\modlists\DoD,Diaries of Dibella - Lord's Vision,MorrowLoot Ultimate,479,MLU.esp,D:\Wabbajack\modlists\DoD\mods\MorrowLoot Ultimate\MLU.esp,0x000D7A88,EnchArmorDaedricBootsCarry04,Daedric Boots of Brawn,plugin,Heavy,Heavy,Heavy,0.0,6195,9.0,Feet,37,ArmorHeavy; ArmorMaterialDaedric; ArmorBoots; VendorItemArmor; Survival_ArmorWarm,0x0006BBD2; 0x0006BBD4; 0x0006C0ED; 0x0008F959; 0x01002ED9,ArmorMaterialDaedric,ArmorBoots,VendorItemArmor,0x000AD44E,0x0001396A,Armor\Daedric\DaedricBootsGO.nif,
DoD,D:\Wabbajack\modlists\DoD,Diaries of Dibella - Lord's Vision,MorrowLoot Ultimate,479,MLU.esp,D:\Wabbajack\modlists\DoD\mods\MorrowLoot Ultimate\MLU.esp,0x000D7A89,EnchArmorDaedricBootsCarry05,Daedric Boots of the Ox,plugin,Heavy,Heavy,Heavy,0.0,6195,9.0,Feet,37,ArmorHeavy; ArmorMaterialDaedric; ArmorBoots; VendorItemArmor; Survival_ArmorWarm,0x0006BBD2; 0x0006BBD4; 0x0006C0ED; 0x0008F959; 0x01002ED9,ArmorMaterialDaedric,ArmorBoots,VendorItemArmor,0x000AD44F,0x0001396A,Armor\Daedric\DaedricBootsGO.nif,
DoD,D:\Wabbajack\modlists\DoD,Diaries of Dibella - Lord's Vision,MorrowLoot Ultimate,479,MLU.esp,D:\Wabbajack\modlists\DoD\mods\MorrowLoot Ultimate\MLU.esp,0x000D7A8A,EnchArmorDaedricBootsCarry06,Daedric Boots of the Mammoth,plugin,Heavy,Heavy,Heavy,0.0,6195,9.0,Feet,37,ArmorHeavy; ArmorMaterialDaedric; ArmorBoots; VendorItemArmor; Survival_ArmorWarm,0x0006BBD2; 0x0006BBD4; 0x0006C0ED; 0x0008F959; 0x01002ED9,ArmorMaterialDaedric,ArmorBoots,VendorItemArmor,0x000AD450,0x0001396A,Armor\Daedric\DaedricBootsGO.nif,
DoD,D:\Wabbajack\modlists\DoD,Diaries of Dibella - Lord's Vision,MorrowLoot Ultimate,479,MLU.esp,D:\Wabbajack\modlists\DoD\mods\MorrowLoot Ultimate\MLU.esp,0x000D7A8B,EnchArmorDaedricBootsMuffle,Daedric Boots of Muffling,plugin,Heavy,Heavy,Heavy,0.0,6195,9.0,Feet,37,ArmorHeavy; ArmorMaterialDaedric; ArmorBoots; VendorItemArmor; Survival_ArmorWarm,0x0006BBD2; 0x0006BBD4; 0x0006C0ED; 0x0008F959; 0x01002ED9,ArmorMaterialDaedric,ArmorBoots,VendorItemArmor,0x00092A77,0x0001396A,Armor\Daedric\DaedricBootsGO.nif,
DoD,D:\Wabbajack\modlists\DoD,Diaries of Dibella - Lord's Vision,MorrowLoot Ultimate,479,MLU.esp,D:\Wabbajack\modlists\DoD\mods\MorrowLoot Ultimate\MLU.esp,0x000D7A8C,EnchArmorDaedricBootsResistFire04,Daedric Boots of Fire Suppression,plugin,Heavy,Heavy,Heavy,0.0,6195,9.0,Feet,37,ArmorHeavy; ArmorMaterialDaedric; ArmorBoots; VendorItemArmor; Survival_ArmorWarm,0x0006BBD2; 0x0006BBD4; 0x0006C0ED; 0x0008F959; 0x01002ED9,ArmorMaterialDaedric,ArmorBoots,VendorItemArmor,0x000BE028,0x0001396A,Armor\Daedric\DaedricBootsGO.nif,
DoD,D:\Wabbajack\modlists\DoD,Diaries of Dibella - Lord's Vision,MorrowLoot Ultimate,479,MLU.esp,D:\Wabbajack\modlists\DoD\mods\MorrowLoot Ultimate\MLU.esp,0x000D7A8D,EnchArmorDaedricBootsResistFire05,Daedric Boots of Fire Abatement,plugin,Heavy,Heavy,Heavy,0.0,6195,9.0,Feet,37,ArmorHeavy; ArmorMaterialDaedric; ArmorBoots; VendorItemArmor; Survival_ArmorWarm,0x0006BBD2; 0x0006BBD4; 0x0006C0ED; 0x0008F959; 0x01002ED9,ArmorMaterialDaedric,ArmorBoots,VendorItemArmor,0x000BE029,0x0001396A,Armor\Daedric\DaedricBootsGO.nif,
DoD,D:\Wabbajack\modlists\DoD,Diaries of Dibella - Lord's Vision,MorrowLoot Ultimate,479,MLU.esp,D:\Wabbajack\modlists\DoD\mods\MorrowLoot Ultimate\MLU.esp,0x000D7A8E,EnchArmorDaedricBootsResistFire06,Daedric Boots of the Firewalker,plugin,Heavy,Heavy,Heavy,0.0,6195,9.0,Feet,37,ArmorHeavy; ArmorMaterialDaedric; ArmorBoots; VendorItemArmor; Survival_ArmorWarm,0x0006BBD2; 0x0006BBD4; 0x0006C0ED; 0x0008F959; 0x01002ED9,ArmorMaterialDaedric,ArmorBoots,VendorItemArmor,0x000BE02A,0x0001396A,Armor\Daedric\DaedricBootsGO.nif,
DoD,D:\Wabbajack\modlists\DoD,Diaries of Dibella - Lord's Vision,MorrowLoot Ultimate,479,MLU.esp,D:\Wabbajack\modlists\DoD\mods\MorrowLoot Ultimate\MLU.esp,0x000D7A8F,EnchArmorDaedricBootsResistFrost04,Daedric Boots of Frost Suppression,plugin,Heavy,Heavy,Heavy,0.0,6195,9.0,Feet,37,ArmorHeavy; ArmorMaterialDaedric; ArmorBoots; VendorItemArmor; Survival_ArmorWarm,0x0006BBD2; 0x0006BBD4; 0x0006C0ED; 0x0008F959; 0x01002ED9,ArmorMaterialDaedric,ArmorBoots,VendorItemArmor,0x000BE02B,0x0001396A,Armor\Daedric\DaedricBootsGO.nif,
DoD,D:\Wabbajack\modlists\DoD,Diaries of Dibella - Lord's Vision,MorrowLoot Ultimate,479,MLU.esp,D:\Wabbajack\modlists\DoD\mods\MorrowLoot Ultimate\MLU.esp,0x000D7A90,EnchArmorDaedricBootsResistFrost05,Daedric Boots of Frost Abatement,plugin,Heavy,Heavy,Heavy,0.0,6195,9.0,Feet,37,ArmorHeavy; ArmorMaterialDaedric; ArmorBoots; VendorItemArmor; Survival_ArmorWarm,0x0006BBD2; 0x0006BBD4; 0x0006C0ED; 0x0008F959; 0x01002ED9,ArmorMaterialDaedric,ArmorBoots,VendorItemArmor,0x000BE02C,0x0001396A,Armor\Daedric\DaedricBootsGO.nif,
DoD,D:\Wabbajack\modlists\DoD,Diaries of Dibella - Lord's Vision,MorrowLoot Ultimate,479,MLU.esp,D:\Wabbajack\modlists\DoD\mods\MorrowLoot Ultimate\MLU.esp,0x000D7A91,EnchArmorDaedricBootsResistFrost06,Daedric Boots of Warmth,plugin,Heavy,Heavy,Heavy,0.0,6195,9.0,Feet,37,ArmorHeavy; ArmorMaterialDaedric; ArmorBoots; VendorItemArmor; Survival_ArmorWarm,0x0006BBD2; 0x0006BBD4; 0x0006C0ED; 0x0008F959; 0x01002ED9,ArmorMaterialDaedric,ArmorBoots,VendorItemArmor,0x000BE02D,0x0001396A,Armor\Daedric\DaedricBootsGO.nif,
DoD,D:\Wabbajack\modlists\DoD,Diaries of Dibella - Lord's Vision,MorrowLoot Ultimate,479,MLU.esp,D:\Wabbajack\modlists\DoD\mods\MorrowLoot Ultimate\MLU.esp,0x000D7A92,EnchArmorDaedricBootsResistShock04,Daedric Boots of Shock Suppression,plugin,Heavy,Heavy,Heavy,0.0,6195,9.0,Feet,37,ArmorHeavy; ArmorMaterialDaedric; ArmorBoots; VendorItemArmor; Survival_ArmorWarm,0x0006BBD2; 0x0006BBD4; 0x0006C0ED; 0x0008F959; 0x01002ED9,ArmorMaterialDaedric,ArmorBoots,VendorItemArmor,0x000BE02E,0x0001396A,Armor\Daedric\DaedricBootsGO.nif,
DoD,D:\Wabbajack\modlists\DoD,Diaries of Dibella - Lord's Vision,MorrowLoot Ultimate,479,MLU.esp,D:\Wabbajack\modlists\DoD\mods\MorrowLoot Ultimate\MLU.esp,0x000D7A93,EnchArmorDaedricBootsResistShock05,Daedric Boots of Shock Abatement,plugin,Heavy,Heavy,Heavy,0.0,6195,9.0,Feet,37,ArmorHeavy; ArmorMaterialDaedric; ArmorBoots; VendorItemArmor; Survival_ArmorWarm,0x0006BBD2; 0x0006BBD4; 0x0006C0ED; 0x0008F959; 0x01002ED9,ArmorMaterialDaedric,ArmorBoots,VendorItemArmor,0x000BE02F,0x0001396A,Armor\Daedric\DaedricBootsGO.nif,
DoD,D:\Wabbajack\modlists\DoD,Diaries of Dibella - Lord's Vision,MorrowLoot Ultimate,479,MLU.esp,D:\Wabbajack\modlists\DoD\mods\MorrowLoot Ultimate\MLU.esp,0x000D7A94,EnchArmorDaedricBootsResistShock06,Daedric Boots of Grounding,plugin,Heavy,Heavy,Heavy,0.0,6195,9.0,Feet,37,ArmorHeavy; ArmorMaterialDaedric; ArmorBoots; VendorItemArmor; Survival_ArmorWarm,0x0006BBD2; 0x0006BBD4; 0x0006C0ED; 0x0008F959; 0x01002ED9,ArmorMaterialDaedric,ArmorBoots,VendorItemArmor,0x000BE030,0x0001396A,Armor\Daedric\DaedricBootsGO.nif,
DoD,D:\Wabbajack\modlists\DoD,Diaries of Dibella - Lord's Vision,MorrowLoot Ultimate,479,MLU.esp,D:\Wabbajack\modlists\DoD\mods\MorrowLoot Ultimate\MLU.esp,0x000D7A98,EnchArmorDaedricCuirassHealth04,Daedric Armor of Eminent Health,plugin,Heavy,Heavy,Heavy,0.0,12588,41.0,Body,32,ArmorHeavy; ArmorMaterialDaedric; ArmorCuirass; VendorItemArmor; SPIKEArmorFancyBlack; Survival_ArmorWarm,0x0006BBD2; 0x0006BBD4; 0x0006C0EC; 0x0008F959; 0x01DA010D; 0x01002ED9,ArmorMaterialDaedric,ArmorCuirass,VendorItemArmor,0x000BDFFC,0x0001396B,Armor\Daedric\DaedricCuirassGO.nif,
DoD,D:\Wabbajack\modlists\DoD,Diaries of Dibella - Lord's Vision,MorrowLoot Ultimate,479,MLU.esp,D:\Wabbajack\modlists\DoD\mods\MorrowLoot Ultimate\MLU.esp,0x000D7A99,EnchArmorDaedricCuirassHealth05,Daedric Armor of Extreme Health,plugin,Heavy,Heavy,Heavy,0.0,12588,41.0,Body,32,ArmorHeavy; ArmorMaterialDaedric; ArmorCuirass; VendorItemArmor; SPIKEArmorFancyBlack; Survival_ArmorWarm,0x0006BBD2; 0x0006BBD4; 0x0006C0EC; 0x0008F959; 0x01DA010D; 0x01002ED9,ArmorMaterialDaedric,ArmorCuirass,VendorItemArmor,0x000BDFFD,0x0001396B,Armor\Daedric\DaedricCuirassGO.nif,
DoD,D:\Wabbajack\modlists\DoD,Diaries of Dibella - Lord's Vision,MorrowLoot Ultimate,479,MLU.esp,D:\Wabbajack\modlists\DoD\mods\MorrowLoot Ultimate\MLU.esp,0x000D7A9A,EnchArmorDaedricCuirassHealth06,Daedric Armor of Peerless Health,plugin,Heavy,Heavy,Heavy,0.0,12588,41.0,Body,32,ArmorHeavy; ArmorMaterialDaedric; ArmorCuirass; VendorItemArmor; SPIKEArmorFancyBlack; Survival_ArmorWarm,0x0006BBD2; 0x0006BBD4; 0x0006C0EC; 0x0008F959; 0x01DA010D; 0x01002ED9,ArmorMaterialDaedric,ArmorCuirass,VendorItemArmor,0x000BDFFE,0x0001396B,Armor\Daedric\DaedricCuirassGO.nif,
DoD,D:\Wabbajack\modlists\DoD,Diaries of Dibella - Lord's Vision,MorrowLoot Ultimate,479,MLU.esp,D:\Wabbajack\modlists\DoD\mods\MorrowLoot Ultimate\MLU.esp,0x000D7A9B,EnchArmorDaedricCuirassHeavyArmor04,Daedric Armor of the Eminent Knight,plugin,Heavy,Heavy,Heavy,0.0,12588,41.0,Body,32,ArmorHeavy; ArmorMaterialDaedric; ArmorCuirass; VendorItemArmor; SPIKEArmorFancyBlack; Survival_ArmorWarm,0x0006BBD2; 0x0006BBD4; 0x0006C0EC; 0x0008F959; 0x01DA010D; 0x01002ED9,ArmorMaterialDaedric,ArmorCuirass,VendorItemArmor,0x000BDFFF,0x0001396B,Armor\Daedric\DaedricCuirassGO.nif,
DoD,D:\Wabbajack\modlists\DoD,Diaries of Dibella - Lord's Vision,MorrowLoot Ultimate,479,MLU.esp,D:\Wabbajack\modlists\DoD\mods\MorrowLoot Ultimate\MLU.esp,0x000D7A9C,EnchArmorDaedricCuirassHeavyArmor05,Daedric Armor of the Noble Knight,plugin,Heavy,Heavy,Heavy,0.0,12588,41.0,Body,32,ArmorHeavy; ArmorMaterialDaedric; ArmorCuirass; VendorItemArmor; SPIKEArmorFancyBlack; Survival_ArmorWarm,0x0006BBD2; 0x0006BBD4; 0x0006C0EC; 0x0008F959; 0x01DA010D; 0x01002ED9,ArmorMaterialDaedric,ArmorCuirass,VendorItemArmor,0x000BE000,0x0001396B,Armor\Daedric\DaedricCuirassGO.nif,
DoD,D:\Wabbajack\modlists\DoD,Diaries of Dibella - Lord's Vision,MorrowLoot Ultimate,479,MLU.esp,D:\Wabbajack\modlists\DoD\mods\MorrowLoot Ultimate\MLU.esp,0x000D7A9D,EnchArmorDaedricCuirassHeavyArmor06,Daedric Armor of the Peerless Knight,plugin,Heavy,Heavy,Heavy,0.0,12588,41.0,Body,32,ArmorHeavy; ArmorMaterialDaedric; ArmorCuirass; VendorItemArmor; SPIKEArmorFancyBlack; Survival_ArmorWarm,0x0006BBD2; 0x0006BBD4; 0x0006C0EC; 0x0008F959; 0x01DA010D; 0x01002ED9,ArmorMaterialDaedric,ArmorCuirass,VendorItemArmor,0x000BE001,0x0001396B,Armor\Daedric\DaedricCuirassGO.nif,
DoD,D:\Wabbajack\modlists\DoD,Diaries of Dibella - Lord's Vision,MorrowLoot Ultimate,479,MLU.esp,D:\Wabbajack\modlists\DoD\mods\MorrowLoot Ultimate\MLU.esp,0x000D7AAE,EnchArmorDaedricGauntletsAlchemy04,Daedric Gauntlets of Eminent Alchemy,plugin,Heavy,Heavy,Heavy,0.0,4756,7.0,Hands,33,PerkFistsDaedric; ArmorHeavy; ArmorMaterialDaedric; ArmorGauntlets; VendorItemArmor; Survival_ArmorWarm,0x0002C17B; 0x0006BBD2; 0x0006BBD4; 0x0006C0EF; 0x0008F959; 0x01002ED9,ArmorMaterialDaedric,ArmorGauntlets,VendorItemArmor,0x0008B65F,0x0001396C,Armor\Daedric\DaedricGauntletsGO.nif,
DoD,D:\Wabbajack\modlists\DoD,Diaries of Dibella - Lord's Vision,MorrowLoot Ultimate,479,MLU.esp,D:\Wabbajack\modlists\DoD\mods\MorrowLoot Ultimate\MLU.esp,0x000D7AAF,EnchArmorDaedricGauntletsAlchemy05,Daedric Gauntlets of Extreme Alchemy,plugin,Heavy,Heavy,Heavy,0.0,4756,7.0,Hands,33,PerkFistsDaedric; ArmorHeavy; ArmorMaterialDaedric; ArmorGauntlets; VendorItemArmor; Survival_ArmorWarm,0x0002C17B; 0x0006BBD2; 0x0006BBD4; 0x0006C0EF; 0x0008F959; 0x01002ED9,ArmorMaterialDaedric,ArmorGauntlets,VendorItemArmor,0x0008B660,0x0001396C,Armor\Daedric\DaedricGauntletsGO.nif,
DoD,D:\Wabbajack\modlists\DoD,Diaries of Dibella - Lord's Vision,MorrowLoot Ultimate,479,MLU.esp,D:\Wabbajack\modlists\DoD\mods\MorrowLoot Ultimate\MLU.esp,0x000D7AB0,EnchArmorDaedricGauntletsAlchemy06,Daedric Gauntlets of Peerless Alchemy,plugin,Heavy,Heavy,Heavy,0.0,4756,7.0,Hands,33,PerkFistsDaedric; ArmorHeavy; ArmorMaterialDaedric; ArmorGauntlets; VendorItemArmor; Survival_ArmorWarm,0x0002C17B; 0x0006BBD2; 0x0006BBD4; 0x0006C0EF; 0x0008F959; 0x01002ED9,ArmorMaterialDaedric,ArmorGauntlets,VendorItemArmor,0x0008B661,0x0001396C,Armor\Daedric\DaedricGauntletsGO.nif,
DoD,D:\Wabbajack\modlists\DoD,Diaries of Dibella - Lord's Vision,MorrowLoot Ultimate,479,MLU.esp,D:\Wabbajack\modlists\DoD\mods\MorrowLoot Ultimate\MLU.esp,0x000D7AC3,EnchArmorDaedricGauntletsMarksman04,Daedric Gauntlets of Eminent Archery,plugin,Heavy,Heavy,Heavy,0.0,4756,7.0,Hands,33,PerkFistsDaedric; ArmorHeavy; ArmorMaterialDaedric; ArmorGauntlets; VendorItemArmor; Survival_ArmorWarm,0x0002C17B; 0x0006BBD2; 0x0006BBD4; 0x0006C0EF; 0x0008F959; 0x01002ED9,ArmorMaterialDaedric,ArmorGauntlets,VendorItemArmor,0x000BE00C,0x0001396C,Armor\Daedric\DaedricGauntletsGO.nif,
DoD,D:\Wabbajack\modlists\DoD,Diaries of Dibella - Lord's Vision,MorrowLoot Ultimate,479,MLU.esp,D:\Wabbajack\modlists\DoD\mods\MorrowLoot Ultimate\MLU.esp,0x000D7AC4,EnchArmorDaedricGauntletsMarksman05,Daedric Gauntlets of Extreme Archery,plugin,Heavy,Heavy,Heavy,0.0,4756,7.0,Hands,33,PerkFistsDaedric; ArmorHeavy; ArmorMaterialDaedric; ArmorGauntlets; VendorItemArmor; Survival_ArmorWarm,0x0002C17B; 0x0006BBD2; 0x0006BBD4; 0x0006C0EF; 0x0008F959; 0x01002ED9,ArmorMaterialDaedric,ArmorGauntlets,VendorItemArmor,0x000BE00D,0x0001396C,Armor\Daedric\DaedricGauntletsGO.nif,
DoD,D:\Wabbajack\modlists\DoD,Diaries of Dibella - Lord's Vision,MorrowLoot Ultimate,479,MLU.esp,D:\Wabbajack\modlists\DoD\mods\MorrowLoot Ultimate\MLU.esp,0x000D7AC5,EnchArmorDaedricGauntletsMarksman06,Daedric Gauntlets of Peerless Archery,plugin,Heavy,Heavy,Heavy,0.0,4756,7.0,Hands,33,PerkFistsDaedric; ArmorHeavy; ArmorMaterialDaedric; ArmorGauntlets; VendorItemArmor; Survival_ArmorWarm,0x0002C17B; 0x0006BBD2; 0x0006BBD4; 0x0006C0EF; 0x0008F959; 0x01002ED9,ArmorMaterialDaedric,ArmorGauntlets,VendorItemArmor,0x000BE00E,0x0001396C,Armor\Daedric\DaedricGauntletsGO.nif,
DoD,D:\Wabbajack\modlists\DoD,Diaries of Dibella - Lord's Vision,MorrowLoot Ultimate,479,MLU.esp,D:\Wabbajack\modlists\DoD\mods\MorrowLoot Ultimate\MLU.esp,0x000D7AC6,EnchArmorDaedricGauntletsOneHanded04,Daedric Gauntlets of Eminent Wielding,plugin,Heavy,Heavy,Heavy,0.0,4756,7.0,Hands,33,PerkFistsDaedric; ArmorHeavy; ArmorMaterialDaedric; ArmorGauntlets; VendorItemArmor; Survival_ArmorWarm,0x0002C17B; 0x0006BBD2; 0x0006BBD4; 0x0006C0EF; 0x0008F959; 0x01002ED9,ArmorMaterialDaedric,ArmorGauntlets,VendorItemArmor,0x000BE00F,0x0001396C,Armor\Daedric\DaedricGauntletsGO.nif,
DoD,D:\Wabbajack\modlists\DoD,Diaries of Dibella - Lord's Vision,MorrowLoot Ultimate,479,MLU.esp,D:\Wabbajack\modlists\DoD\mods\MorrowLoot Ultimate\MLU.esp,0x000D7AC7,EnchArmorDaedricGauntletsOneHanded05,Daedric Gauntlets of Extreme Wielding,plugin,Heavy,Heavy,Heavy,0.0,4756,7.0,Hands,33,PerkFistsDaedric; ArmorHeavy; ArmorMaterialDaedric; ArmorGauntlets; VendorItemArmor; Survival_ArmorWarm,0x0002C17B; 0x0006BBD2; 0x0006BBD4; 0x0006C0EF; 0x0008F959; 0x01002ED9,ArmorMaterialDaedric,ArmorGauntlets,VendorItemArmor,0x000BE010,0x0001396C,Armor\Daedric\DaedricGauntletsGO.nif,
DoD,D:\Wabbajack\modlists\DoD,Diaries of Dibella - Lord's Vision,MorrowLoot Ultimate,479,MLU.esp,D:\Wabbajack\modlists\DoD\mods\MorrowLoot Ultimate\MLU.esp,0x000D7AC8,EnchArmorDaedricGauntletsOneHanded06,Daedric Gauntlets of Peerless Wielding,plugin,Heavy,Heavy,Heavy,0.0,4756,7.0,Hands,33,PerkFistsDaedric; ArmorHeavy; ArmorMaterialDaedric; ArmorGauntlets; VendorItemArmor; Survival_ArmorWarm,0x0002C17B; 0x0006BBD2; 0x0006BBD4; 0x0006C0EF; 0x0008F959; 0x01002ED9,ArmorMaterialDaedric,ArmorGauntlets,VendorItemArmor,0x000BE011,0x0001396C,Armor\Daedric\DaedricGauntletsGO.nif,
DoD,D:\Wabbajack\modlists\DoD,Diaries of Dibella - Lord's Vision,MorrowLoot Ultimate,479,MLU.esp,D:\Wabbajack\modlists\DoD\mods\MorrowLoot Ultimate\MLU.esp,0x000D7ACC,EnchArmorDaedricGauntletsSmithing04,Daedric Gauntlets of Eminent Smithing,plugin,Heavy,Heavy,Heavy,0.0,4756,7.0,Hands,33,PerkFistsDaedric; ArmorHeavy; ArmorMaterialDaedric; ArmorGauntlets; VendorItemArmor; Survival_ArmorWarm,0x0002C17B; 0x0006BBD2; 0x0006BBD4; 0x0006C0EF; 0x0008F959; 0x01002ED9,ArmorMaterialDaedric,ArmorGauntlets,VendorItemArmor,0x000BE018,0x0001396C,Armor\Daedric\DaedricGauntletsGO.nif,
DoD,D:\Wabbajack\modlists\DoD,Diaries of Dibella - Lord's Vision,MorrowLoot Ultimate,479,MLU.esp,D:\Wabbajack\modlists\DoD\mods\MorrowLoot Ultimate\MLU.esp,0x000D7ACD,EnchArmorDaedricGauntletsSmithing05,Daedric Gauntlets of Extreme Smithing,plugin,Heavy,Heavy,Heavy,0.0,4756,7.0,Hands,33,PerkFistsDaedric; ArmorHeavy; ArmorMaterialDaedric; ArmorGauntlets; VendorItemArmor; Survival_ArmorWarm,0x0002C17B; 0x0006BBD2; 0x0006BBD4; 0x0006C0EF; 0x0008F959; 0x01002ED9,ArmorMaterialDaedric,ArmorGauntlets,VendorItemArmor,0x000BE019,0x0001396C,Armor\Daedric\DaedricGauntletsGO.nif,
DoD,D:\Wabbajack\modlists\DoD,Diaries of Dibella - Lord's Vision,MorrowLoot Ultimate,479,MLU.esp,D:\Wabbajack\modlists\DoD\mods\MorrowLoot Ultimate\MLU.esp,0x000D7ACE,EnchArmorDaedricGauntletsSmithing06,Daedric Gauntlets of Peerless Smithing,plugin,Heavy,Heavy,Heavy,0.0,4756,7.0,Hands,33,PerkFistsDaedric; ArmorHeavy; ArmorMaterialDaedric; ArmorGauntlets; VendorItemArmor; Survival_ArmorWarm,0x0002C17B; 0x0006BBD2; 0x0006BBD4; 0x0006C0EF; 0x0008F959; 0x01002ED9,ArmorMaterialDaedric,ArmorGauntlets,VendorItemArmor,0x000BE01A,0x0001396C,Armor\Daedric\DaedricGauntletsGO.nif,
DoD,D:\Wabbajack\modlists\DoD,Diaries of Dibella - Lord's Vision,MorrowLoot Ultimate,479,MLU.esp,D:\Wabbajack\modlists\DoD\mods\MorrowLoot Ultimate\MLU.esp,0x000D7ACF,EnchArmorDaedricGauntletsTwoHanded04,Daedric Gauntlets of Eminent Sure Grip,plugin,Heavy,Heavy,Heavy,0.0,4756,7.0,Hands,33,PerkFistsDaedric; ArmorHeavy; ArmorMaterialDaedric; ArmorGauntlets; VendorItemArmor; Survival_ArmorWarm,0x0002C17B; 0x0006BBD2; 0x0006BBD4; 0x0006C0EF; 0x0008F959; 0x01002ED9,ArmorMaterialDaedric,ArmorGauntlets,VendorItemArmor,0x000BE025,0x0001396C,Armor\Daedric\DaedricGauntletsGO.nif,
DoD,D:\Wabbajack\modlists\DoD,Diaries of Dibella - Lord's Vision,MorrowLoot Ultimate,479,MLU.esp,D:\Wabbajack\modlists\DoD\mods\MorrowLoot Ultimate\MLU.esp,0x000D7AD0,EnchArmorDaedricGauntletsTwoHanded05,Daedric Gauntlets of Extreme Sure Grip,plugin,Heavy,Heavy,Heavy,0.0,4756,7.0,Hands,33,PerkFistsDaedric; ArmorHeavy; ArmorMaterialDaedric; ArmorGauntlets; VendorItemArmor; Survival_ArmorWarm,0x0002C17B; 0x0006BBD2; 0x0006BBD4; 0x0006C0EF; 0x0008F959; 0x01002ED9,ArmorMaterialDaedric,ArmorGauntlets,VendorItemArmor,0x000BE026,0x0001396C,Armor\Daedric\DaedricGauntletsGO.nif,
DoD,D:\Wabbajack\modlists\DoD,Diaries of Dibella - Lord's Vision,MorrowLoot Ultimate,479,MLU.esp,D:\Wabbajack\modlists\DoD\mods\MorrowLoot Ultimate\MLU.esp,0x000D7AD1,EnchArmorDaedricGauntletsTwoHanded06,Daedric Gauntlets of Peerless Sure Grip,plugin,Heavy,Heavy,Heavy,0.0,4756,7.0,Hands,33,PerkFistsDaedric; ArmorHeavy; ArmorMaterialDaedric; ArmorGauntlets; VendorItemArmor; Survival_ArmorWarm,0x0002C17B; 0x0006BBD2; 0x0006BBD4; 0x0006C0EF; 0x0008F959; 0x01002ED9,ArmorMaterialDaedric,ArmorGauntlets,VendorItemArmor,0x000BE027,0x0001396C,Armor\Daedric\DaedricGauntletsGO.nif,
DoD,D:\Wabbajack\modlists\DoD,Diaries of Dibella - Lord's Vision,MorrowLoot Ultimate,479,MLU.esp,D:\Wabbajack\modlists\DoD\mods\MorrowLoot Ultimate\MLU.esp,0x000D7AD2,EnchArmorDaedricHelmetAlchemy04,Daedric Helmet of Eminent Alchemy,plugin,Heavy,Heavy,Heavy,0.0,7493,10.0,Head; Hair; Circlet; Ears,30; 31; 42; 43,ArmorHeavy; ArmorMaterialDaedric; ArmorHelmet; VendorItemArmor; Survival_ArmorWarm,0x0006BBD2; 0x0006BBD4; 0x0006C0EE; 0x0008F959; 0x01002ED9,ArmorMaterialDaedric,ArmorHelmet,VendorItemArmor,0x0008B65F,0x0001396D,Armor\Daedric\DaedricHelmetGO.nif,
DoD,D:\Wabbajack\modlists\DoD,Diaries of Dibella - Lord's Vision,MorrowLoot Ultimate,479,MLU.esp,D:\Wabbajack\modlists\DoD\mods\MorrowLoot Ultimate\MLU.esp,0x000D7AD3,EnchArmorDaedricHelmetAlchemy05,Daedric Helmet of Extreme Alchemy,plugin,Heavy,Heavy,Heavy,0.0,7493,10.0,Head; Hair; Circlet; Ears,30; 31; 42; 43,ArmorHeavy; ArmorMaterialDaedric; ArmorHelmet; VendorItemArmor; Survival_ArmorWarm,0x0006BBD2; 0x0006BBD4; 0x0006C0EE; 0x0008F959; 0x01002ED9,ArmorMaterialDaedric,ArmorHelmet,VendorItemArmor,0x0008B660,0x0001396D,Armor\Daedric\DaedricHelmetGO.nif,
DoD,D:\Wabbajack\modlists\DoD,Diaries of Dibella - Lord's Vision,MorrowLoot Ultimate,479,MLU.esp,D:\Wabbajack\modlists\DoD\mods\MorrowLoot Ultimate\MLU.esp,0x000D7AD4,EnchArmorDaedricHelmetAlchemy06,Daedric Helmet of Peerless Alchemy,plugin,Heavy,Heavy,Heavy,0.0,7493,10.0,Head; Hair; Circlet; Ears,30; 31; 42; 43,ArmorHeavy; ArmorMaterialDaedric; ArmorHelmet; VendorItemArmor; Survival_ArmorWarm,0x0006BBD2; 0x0006BBD4; 0x0006C0EE; 0x0008F959; 0x01002ED9,ArmorMaterialDaedric,ArmorHelmet,VendorItemArmor,0x0008B661,0x0001396D,Armor\Daedric\DaedricHelmetGO.nif,
DoD,D:\Wabbajack\modlists\DoD,Diaries of Dibella - Lord's Vision,MorrowLoot Ultimate,479,MLU.esp,D:\Wabbajack\modlists\DoD\mods\MorrowLoot Ultimate\MLU.esp,0x000D7AD5,EnchArmorDaedricHelmetAlteration04,Daedric Helmet of Eminent Alteration,plugin,Heavy,Heavy,Heavy,0.0,7493,10.0,Head; Hair; Circlet; Ears,30; 31; 42; 43,ArmorHeavy; ArmorMaterialDaedric; ArmorHelmet; VendorItemArmor; Survival_ArmorWarm,0x0006BBD2; 0x0006BBD4; 0x0006C0EE; 0x0008F959; 0x01002ED9,ArmorMaterialDaedric,ArmorHelmet,VendorItemArmor,0x000BE037,0x0001396D,Armor\Daedric\DaedricHelmetGO.nif,
DoD,D:\Wabbajack\modlists\DoD,Diaries of Dibella - Lord's Vision,MorrowLoot Ultimate,479,MLU.esp,D:\Wabbajack\modlists\DoD\mods\MorrowLoot Ultimate\MLU.esp,0x000D7AD6,EnchArmorDaedricHelmetAlteration05,Daedric Helmet of Extreme Alteration,plugin,Heavy,Heavy,Heavy,0.0,7493,10.0,Head; Hair; Circlet; Ears,30; 31; 42; 43,ArmorHeavy; ArmorMaterialDaedric; ArmorHelmet; VendorItemArmor; Survival_ArmorWarm,0x0006BBD2; 0x0006BBD4; 0x0006C0EE; 0x0008F959; 0x01002ED9,ArmorMaterialDaedric,ArmorHelmet,VendorItemArmor,0x000BE038,0x0001396D,Armor\Daedric\DaedricHelmetGO.nif,
DoD,D:\Wabbajack\modlists\DoD,Diaries of Dibella - Lord's Vision,MorrowLoot Ultimate,479,MLU.esp,D:\Wabbajack\modlists\DoD\mods\MorrowLoot Ultimate\MLU.esp,0x000D7AD7,EnchArmorDaedricHelmetAlteration06,Daedric Helmet of Peerless Alteration,plugin,Heavy,Heavy,Heavy,0.0,7493,10.0,Head; Hair; Circlet; Ears,30; 31; 42; 43,ArmorHeavy; ArmorMaterialDaedric; ArmorHelmet; VendorItemArmor; Survival_ArmorWarm,0x0006BBD2; 0x0006BBD4; 0x0006C0EE; 0x0008F959; 0x01002ED9,ArmorMaterialDaedric,ArmorHelmet,VendorItemArmor,0x000BE039,0x0001396D,Armor\Daedric\DaedricHelmetGO.nif,
DoD,D:\Wabbajack\modlists\DoD,Diaries of Dibella - Lord's Vision,MorrowLoot Ultimate,479,MLU.esp,D:\Wabbajack\modlists\DoD\mods\MorrowLoot Ultimate\MLU.esp,0x000D7AD8,EnchArmorDaedricHelmetConjuration04,Daedric Helmet of Eminent Conjuring,plugin,Heavy,Heavy,Heavy,0.0,7493,10.0,Head; Hair; Circlet; Ears,30; 31; 42; 43,ArmorHeavy; ArmorMaterialDaedric; ArmorHelmet; VendorItemArmor; Survival_ArmorWarm,0x0006BBD2; 0x0006BBD4; 0x0006C0EE; 0x0008F959; 0x01002ED9,ArmorMaterialDaedric,ArmorHelmet,VendorItemArmor,0x000AD455,0x0001396D,Armor\Daedric\DaedricHelmetGO.nif,
DoD,D:\Wabbajack\modlists\DoD,Diaries of Dibella - Lord's Vision,MorrowLoot Ultimate,479,MLU.esp,D:\Wabbajack\modlists\DoD\mods\MorrowLoot Ultimate\MLU.esp,0x000D7AD9,EnchArmorDaedricHelmetConjuration05,Daedric Helmet of Extreme Conjuring,plugin,Heavy,Heavy,Heavy,0.0,7493,10.0,Head; Hair; Circlet; Ears,30; 31; 42; 43,ArmorHeavy; ArmorMaterialDaedric; ArmorHelmet; VendorItemArmor; Survival_ArmorWarm,0x0006BBD2; 0x0006BBD4; 0x0006C0EE; 0x0008F959; 0x01002ED9,ArmorMaterialDaedric,ArmorHelmet,VendorItemArmor,0x000AD456,0x0001396D,Armor\Daedric\DaedricHelmetGO.nif,
DoD,D:\Wabbajack\modlists\DoD,Diaries of Dibella - Lord's Vision,MorrowLoot Ultimate,479,MLU.esp,D:\Wabbajack\modlists\DoD\mods\MorrowLoot Ultimate\MLU.esp,0x000D7ADA,EnchArmorDaedricHelmetConjuration06,Daedric Helmet of Peerless Conjuring,plugin,Heavy,Heavy,Heavy,0.0,7493,10.0,Head; Hair; Circlet; Ears,30; 31; 42; 43,ArmorHeavy; ArmorMaterialDaedric; ArmorHelmet; VendorItemArmor; Survival_ArmorWarm,0x0006BBD2; 0x0006BBD4; 0x0006C0EE; 0x0008F959; 0x01002ED9,ArmorMaterialDaedric,ArmorHelmet,VendorItemArmor,0x000AD457,0x0001396D,Armor\Daedric\DaedricHelmetGO.nif,
DoD,D:\Wabbajack\modlists\DoD,Diaries of Dibella - Lord's Vision,MorrowLoot Ultimate,479,MLU.esp,D:\Wabbajack\modlists\DoD\mods\MorrowLoot Ultimate\MLU.esp,0x000D7ADB,EnchArmorDaedricHelmetDestruction04,Daedric Helmet of Eminent Destruction,plugin,Heavy,Heavy,Heavy,0.0,7493,10.0,Head; Hair; Circlet; Ears,30; 31; 42; 43,ArmorHeavy; ArmorMaterialDaedric; ArmorHelmet; VendorItemArmor; Survival_ArmorWarm,0x0006BBD2; 0x0006BBD4; 0x0006C0EE; 0x0008F959; 0x01002ED9,ArmorMaterialDaedric,ArmorHelmet,VendorItemArmor,0x000AD45A,0x0001396D,Armor\Daedric\DaedricHelmetGO.nif,
DoD,D:\Wabbajack\modlists\DoD,Diaries of Dibella - Lord's Vision,MorrowLoot Ultimate,479,MLU.esp,D:\Wabbajack\modlists\DoD\mods\MorrowLoot Ultimate\MLU.esp,0x000D7ADC,EnchArmorDaedricHelmetDestruction05,Daedric Helmet of Extreme Destruction,plugin,Heavy,Heavy,Heavy,0.0,7493,10.0,Head; Hair; Circlet; Ears,30; 31; 42; 43,ArmorHeavy; ArmorMaterialDaedric; ArmorHelmet; VendorItemArmor; Survival_ArmorWarm,0x0006BBD2; 0x0006BBD4; 0x0006C0EE; 0x0008F959; 0x01002ED9,ArmorMaterialDaedric,ArmorHelmet,VendorItemArmor,0x000AD45B,0x0001396D,Armor\Daedric\DaedricHelmetGO.nif,
DoD,D:\Wabbajack\modlists\DoD,Diaries of Dibella - Lord's Vision,MorrowLoot Ultimate,479,MLU.esp,D:\Wabbajack\modlists\DoD\mods\MorrowLoot Ultimate\MLU.esp,0x000D7ADD,EnchArmorDaedricHelmetDestruction06,Daedric Helmet of Peerless Destruction,plugin,Heavy,Heavy,Heavy,0.0,7493,10.0,Head; Hair; Circlet; Ears,30; 31; 42; 43,ArmorHeavy; ArmorMaterialDaedric; ArmorHelmet; VendorItemArmor; Survival_ArmorWarm,0x0006BBD2; 0x0006BBD4; 0x0006C0EE; 0x0008F959; 0x01002ED9,ArmorMaterialDaedric,ArmorHelmet,VendorItemArmor,0x000AD45C,0x0001396D,Armor\Daedric\DaedricHelmetGO.nif,
DoD,D:\Wabbajack\modlists\DoD,Diaries of Dibella - Lord's Vision,MorrowLoot Ultimate,479,MLU.esp,D:\Wabbajack\modlists\DoD\mods\MorrowLoot Ultimate\MLU.esp,0x000D7AE1,EnchArmorDaedricHelmetIllusion04,Daedric Helmet of Eminent Illusion,plugin,Heavy,Heavy,Heavy,0.0,7493,10.0,Head; Hair; Circlet; Ears,30; 31; 42; 43,ArmorHeavy; ArmorMaterialDaedric; ArmorHelmet; VendorItemArmor; Survival_ArmorWarm,0x0006BBD2; 0x0006BBD4; 0x0006C0EE; 0x0008F959; 0x01002ED9,ArmorMaterialDaedric,ArmorHelmet,VendorItemArmor,0x000BE002,0x0001396D,Armor\Daedric\DaedricHelmetGO.nif,
DoD,D:\Wabbajack\modlists\DoD,Diaries of Dibella - Lord's Vision,MorrowLoot Ultimate,479,MLU.esp,D:\Wabbajack\modlists\DoD\mods\MorrowLoot Ultimate\MLU.esp,0x000D7AE2,EnchArmorDaedricHelmetIllusion05,Daedric Helmet of Extreme Illusion,plugin,Heavy,Heavy,Heavy,0.0,7493,10.0,Head; Hair; Circlet; Ears,30; 31; 42; 43,ArmorHeavy; ArmorMaterialDaedric; ArmorHelmet; VendorItemArmor; Survival_ArmorWarm,0x0006BBD2; 0x0006BBD4; 0x0006C0EE; 0x0008F959; 0x01002ED9,ArmorMaterialDaedric,ArmorHelmet,VendorItemArmor,0x000BE003,0x0001396D,Armor\Daedric\DaedricHelmetGO.nif,
DoD,D:\Wabbajack\modlists\DoD,Diaries of Dibella - Lord's Vision,MorrowLoot Ultimate,479,MLU.esp,D:\Wabbajack\modlists\DoD\mods\MorrowLoot Ultimate\MLU.esp,0x000D7AE3,EnchArmorDaedricHelmetIllusion06,Daedric Helmet of Peerless Illusion,plugin,Heavy,Heavy,Heavy,0.0,7493,10.0,Head; Hair; Circlet; Ears,30; 31; 42; 43,ArmorHeavy; ArmorMaterialDaedric; ArmorHelmet; VendorItemArmor; Survival_ArmorWarm,0x0006BBD2; 0x0006BBD4; 0x0006C0EE; 0x0008F959; 0x01002ED9,ArmorMaterialDaedric,ArmorHelmet,VendorItemArmor,0x000BE004,0x0001396D,Armor\Daedric\DaedricHelmetGO.nif,
DoD,D:\Wabbajack\modlists\DoD,Diaries of Dibella - Lord's Vision,MorrowLoot Ultimate,479,MLU.esp,D:\Wabbajack\modlists\DoD\mods\MorrowLoot Ultimate\MLU.esp,0x000D7AE4,EnchArmorDaedricHelmetMagicka04,Daedric Helmet of Eminent Magicka,plugin,Heavy,Heavy,Heavy,0.0,7493,10.0,Head; Hair; Circlet; Ears,30; 31; 42; 43,ArmorHeavy; ArmorMaterialDaedric; ArmorHelmet; VendorItemArmor; Survival_ArmorWarm,0x0006BBD2; 0x0006BBD4; 0x0006C0EE; 0x0008F959; 0x01002ED9,ArmorMaterialDaedric,ArmorHelmet,VendorItemArmor,0x000B7A31,0x0001396D,Armor\Daedric\DaedricHelmetGO.nif,
DoD,D:\Wabbajack\modlists\DoD,Diaries of Dibella - Lord's Vision,MorrowLoot Ultimate,479,MLU.esp,D:\Wabbajack\modlists\DoD\mods\MorrowLoot Ultimate\MLU.esp,0x000D7AE5,EnchArmorDaedricHelmetMagicka05,Daedric Helmet of Extreme Magicka,plugin,Heavy,Heavy,Heavy,0.0,7493,10.0,Head; Hair; Circlet; Ears,30; 31; 42; 43,ArmorHeavy; ArmorMaterialDaedric; ArmorHelmet; VendorItemArmor; Survival_ArmorWarm,0x0006BBD2; 0x0006BBD4; 0x0006C0EE; 0x0008F959; 0x01002ED9,ArmorMaterialDaedric,ArmorHelmet,VendorItemArmor,0x000B7A32,0x0001396D,Armor\Daedric\DaedricHelmetGO.nif,
DoD,D:\Wabbajack\modlists\DoD,Diaries of Dibella - Lord's Vision,MorrowLoot Ultimate,479,MLU.esp,D:\Wabbajack\modlists\DoD\mods\MorrowLoot Ultimate\MLU.esp,0x000D7AE6,EnchArmorDaedricHelmetMagicka06,Daedric Helmet of Peerless Magicka,plugin,Heavy,Heavy,Heavy,0.0,7493,10.0,Head; Hair; Circlet; Ears,30; 31; 42; 43,ArmorHeavy; ArmorMaterialDaedric; ArmorHelmet; VendorItemArmor; Survival_ArmorWarm,0x0006BBD2; 0x0006BBD4; 0x0006C0EE; 0x0008F959; 0x01002ED9,ArmorMaterialDaedric,ArmorHelmet,VendorItemArmor,0x000B7A33,0x0001396D,Armor\Daedric\DaedricHelmetGO.nif,
DoD,D:\Wabbajack\modlists\DoD,Diaries of Dibella - Lord's Vision,MorrowLoot Ultimate,479,MLU.esp,D:\Wabbajack\modlists\DoD\mods\MorrowLoot Ultimate\MLU.esp,0x000D7AE7,EnchArmorDaedricHelmetMarksman04,Daedric Helmet of Eminent Archery,plugin,Heavy,Heavy,Heavy,0.0,7493,10.0,Head; Hair; Circlet; Ears,30; 31; 42; 43,ArmorHeavy; ArmorMaterialDaedric; ArmorHelmet; VendorItemArmor; Survival_ArmorWarm,0x0006BBD2; 0x0006BBD4; 0x0006C0EE; 0x0008F959; 0x01002ED9,ArmorMaterialDaedric,ArmorHelmet,VendorItemArmor,0x000BE00C,0x0001396D,Armor\Daedric\DaedricHelmetGO.nif,
DoD,D:\Wabbajack\modlists\DoD,Diaries of Dibella - Lord's Vision,MorrowLoot Ultimate,479,MLU.esp,D:\Wabbajack\modlists\DoD\mods\MorrowLoot Ultimate\MLU.esp,0x000D7AE8,EnchArmorDaedricHelmetMarksman05,Daedric Helmet of Extreme Archery,plugin,Heavy,Heavy,Heavy,0.0,7493,10.0,Head; Hair; Circlet; Ears,30; 31; 42; 43,ArmorHeavy; ArmorMaterialDaedric; ArmorHelmet; VendorItemArmor; Survival_ArmorWarm,0x0006BBD2; 0x0006BBD4; 0x0006C0EE; 0x0008F959; 0x01002ED9,ArmorMaterialDaedric,ArmorHelmet,VendorItemArmor,0x000BE00D,0x0001396D,Armor\Daedric\DaedricHelmetGO.nif,
DoD,D:\Wabbajack\modlists\DoD,Diaries of Dibella - Lord's Vision,MorrowLoot Ultimate,479,MLU.esp,D:\Wabbajack\modlists\DoD\mods\MorrowLoot Ultimate\MLU.esp,0x000D7AE9,EnchArmorDaedricHelmetMarksman06,Daedric Helmet of Peerless Archery,plugin,Heavy,Heavy,Heavy,0.0,7493,10.0,Head; Hair; Circlet; Ears,30; 31; 42; 43,ArmorHeavy; ArmorMaterialDaedric; ArmorHelmet; VendorItemArmor; Survival_ArmorWarm,0x0006BBD2; 0x0006BBD4; 0x0006C0EE; 0x0008F959; 0x01002ED9,ArmorMaterialDaedric,ArmorHelmet,VendorItemArmor,0x000BE00E,0x0001396D,Armor\Daedric\DaedricHelmetGO.nif,
DoD,D:\Wabbajack\modlists\DoD,Diaries of Dibella - Lord's Vision,MorrowLoot Ultimate,479,MLU.esp,D:\Wabbajack\modlists\DoD\mods\MorrowLoot Ultimate\MLU.esp,0x000D7AEA,EnchArmorDaedricHelmetRestoration04,Daedric Helmet of Eminent Restoration,plugin,Heavy,Heavy,Heavy,0.0,7493,10.0,Head; Hair; Circlet; Ears,30; 31; 42; 43,ArmorHeavy; ArmorMaterialDaedric; ArmorHelmet; VendorItemArmor; Survival_ArmorWarm,0x0006BBD2; 0x0006BBD4; 0x0006C0EE; 0x0008F959; 0x01002ED9,ArmorMaterialDaedric,ArmorHelmet,VendorItemArmor,0x000BE015,0x0001396D,Armor\Daedric\DaedricHelmetGO.nif,
DoD,D:\Wabbajack\modlists\DoD,Diaries of Dibella - Lord's Vision,MorrowLoot Ultimate,479,MLU.esp,D:\Wabbajack\modlists\DoD\mods\MorrowLoot Ultimate\MLU.esp,0x000D7AEB,EnchArmorDaedricHelmetRestoration05,Daedric Helmet of Extreme Restoration,plugin,Heavy,Heavy,Heavy,0.0,7493,10.0,Head; Hair; Circlet; Ears,30; 31; 42; 43,ArmorHeavy; ArmorMaterialDaedric; ArmorHelmet; VendorItemArmor; Survival_ArmorWarm,0x0006BBD2; 0x0006BBD4; 0x0006C0EE; 0x0008F959; 0x01002ED9,ArmorMaterialDaedric,ArmorHelmet,VendorItemArmor,0x000BE016,0x0001396D,Armor\Daedric\DaedricHelmetGO.nif,
DoD,D:\Wabbajack\modlists\DoD,Diaries of Dibella - Lord's Vision,MorrowLoot Ultimate,479,MLU.esp,D:\Wabbajack\modlists\DoD\mods\MorrowLoot Ultimate\MLU.esp,0x000D7AEC,EnchArmorDaedricHelmetRestoration06,Daedric Helmet of Peerless Restoration,plugin,Heavy,Heavy,Heavy,0.0,7493,10.0,Head; Hair; Circlet; Ears,30; 31; 42; 43,ArmorHeavy; ArmorMaterialDaedric; ArmorHelmet; VendorItemArmor; Survival_ArmorWarm,0x0006BBD2; 0x0006BBD4; 0x0006C0EE; 0x0008F959; 0x01002ED9,ArmorMaterialDaedric,ArmorHelmet,VendorItemArmor,0x000BE017,0x0001396D,Armor\Daedric\DaedricHelmetGO.nif,
DoD,D:\Wabbajack\modlists\DoD,Diaries of Dibella - Lord's Vision,MorrowLoot Ultimate,479,MLU.esp,D:\Wabbajack\modlists\DoD\mods\MorrowLoot Ultimate\MLU.esp,0x000D7AED,EnchArmorDaedricHelmetWaterbreathing,Daedric Helmet of Waterbreathing,plugin,Heavy,Heavy,Heavy,0.0,7493,10.0,Head; Hair; Circlet; Ears,30; 31; 42; 43,ArmorHeavy; ArmorMaterialDaedric; ArmorHelmet; VendorItemArmor; Survival_ArmorWarm,0x0006BBD2; 0x0006BBD4; 0x0006C0EE; 0x0008F959; 0x01002ED9,ArmorMaterialDaedric,ArmorHelmet,VendorItemArmor,0x00092A76,0x0001396D,Armor\Daedric\DaedricHelmetGO.nif,
DoD,D:\Wabbajack\modlists\DoD,Diaries of Dibella - Lord's Vision,MorrowLoot Ultimate,479,MLU.esp,D:\Wabbajack\modlists\DoD\mods\MorrowLoot Ultimate\MLU.esp,0x000D7AEE,EnchArmorDaedricShieldBlock04,Daedric Shield of Eminent Blocking,plugin,Heavy,Heavy,,0.0,9356,13.0,Shield,39,ArmorMaterialDaedric; VendorItemArmor; ArmorShield,0x0006BBD4; 0x0008F959; 0x000965B2,ArmorMaterialDaedric,ArmorShield,VendorItemArmor,0x000BE034,0x0001396E,Armor\Daedric\DaedricShield.nif,
DoD,D:\Wabbajack\modlists\DoD,Diaries of Dibella - Lord's Vision,MorrowLoot Ultimate,479,MLU.esp,D:\Wabbajack\modlists\DoD\mods\MorrowLoot Ultimate\MLU.esp,0x000D7AEF,EnchArmorDaedricShieldBlock05,Daedric Shield of Extreme Blocking,plugin,Heavy,Heavy,,0.0,9356,13.0,Shield,39,ArmorMaterialDaedric; VendorItemArmor; ArmorShield,0x0006BBD4; 0x0008F959; 0x000965B2,ArmorMaterialDaedric,ArmorShield,VendorItemArmor,0x000BE035,0x0001396E,Armor\Daedric\DaedricShield.nif,
DoD,D:\Wabbajack\modlists\DoD,Diaries of Dibella - Lord's Vision,MorrowLoot Ultimate,479,MLU.esp,D:\Wabbajack\modlists\DoD\mods\MorrowLoot Ultimate\MLU.esp,0x000D7AF0,EnchArmorDaedricShieldBlock06,Daedric Shield of Peerless Blocking,plugin,Heavy,Heavy,,0.0,9356,13.0,Shield,39,ArmorMaterialDaedric; VendorItemArmor; ArmorShield,0x0006BBD4; 0x0008F959; 0x000965B2,ArmorMaterialDaedric,ArmorShield,VendorItemArmor,0x000BE036,0x0001396E,Armor\Daedric\DaedricShield.nif,
DoD,D:\Wabbajack\modlists\DoD,Diaries of Dibella - Lord's Vision,MorrowLoot Ultimate,479,MLU.esp,D:\Wabbajack\modlists\DoD\mods\MorrowLoot Ultimate\MLU.esp,0x000D7AF1,EnchArmorDaedricShieldResistFire04,Daedric Shield of Fire Suppression,plugin,Heavy,Heavy,,0.0,9356,13.0,Shield,39,ArmorMaterialDaedric; VendorItemArmor; ArmorShield,0x0006BBD4; 0x0008F959; 0x000965B2,ArmorMaterialDaedric,ArmorShield,VendorItemArmor,0x000BE028,0x0001396E,Armor\Daedric\DaedricShield.nif,
DoD,D:\Wabbajack\modlists\DoD,Diaries of Dibella - Lord's Vision,MorrowLoot Ultimate,479,MLU.esp,D:\Wabbajack\modlists\DoD\mods\MorrowLoot Ultimate\MLU.esp,0x000D7AF2,EnchArmorDaedricShieldResistFire05,Daedric Shield of Fire Abatement,plugin,Heavy,Heavy,,0.0,9356,13.0,Shield,39,ArmorMaterialDaedric; VendorItemArmor; ArmorShield,0x0006BBD4; 0x0008F959; 0x000965B2,ArmorMaterialDaedric,ArmorShield,VendorItemArmor,0x000BE029,0x0001396E,Armor\Daedric\DaedricShield.nif,
DoD,D:\Wabbajack\modlists\DoD,Diaries of Dibella - Lord's Vision,MorrowLoot Ultimate,479,MLU.esp,D:\Wabbajack\modlists\DoD\mods\MorrowLoot Ultimate\MLU.esp,0x000D7AF3,EnchArmorDaedricShieldResistFire06,Daedric Shield of the Firewalker,plugin,Heavy,Heavy,,0.0,9356,13.0,Shield,39,ArmorMaterialDaedric; VendorItemArmor; ArmorShield,0x0006BBD4; 0x0008F959; 0x000965B2,ArmorMaterialDaedric,ArmorShield,VendorItemArmor,0x000BE02A,0x0001396E,Armor\Daedric\DaedricShield.nif,
DoD,D:\Wabbajack\modlists\DoD,Diaries of Dibella - Lord's Vision,MorrowLoot Ultimate,479,MLU.esp,D:\Wabbajack\modlists\DoD\mods\MorrowLoot Ultimate\MLU.esp,0x000D7AF4,EnchArmorDaedricShieldResistFrost04,Daedric Shield of Frost Suppression,plugin,Heavy,Heavy,,0.0,9356,13.0,Shield,39,ArmorMaterialDaedric; VendorItemArmor; ArmorShield,0x0006BBD4; 0x0008F959; 0x000965B2,ArmorMaterialDaedric,ArmorShield,VendorItemArmor,0x000BE02B,0x0001396E,Armor\Daedric\DaedricShield.nif,
DoD,D:\Wabbajack\modlists\DoD,Diaries of Dibella - Lord's Vision,MorrowLoot Ultimate,479,MLU.esp,D:\Wabbajack\modlists\DoD\mods\MorrowLoot Ultimate\MLU.esp,0x000D7AF5,EnchArmorDaedricShieldResistFrost05,Daedric Shield of Frost Abatement,plugin,Heavy,Heavy,,0.0,9356,13.0,Shield,39,ArmorMaterialDaedric; VendorItemArmor; ArmorShield,0x0006BBD4; 0x0008F959; 0x000965B2,ArmorMaterialDaedric,ArmorShield,VendorItemArmor,0x000BE02C,0x0001396E,Armor\Daedric\DaedricShield.nif,
DoD,D:\Wabbajack\modlists\DoD,Diaries of Dibella - Lord's Vision,MorrowLoot Ultimate,479,MLU.esp,D:\Wabbajack\modlists\DoD\mods\MorrowLoot Ultimate\MLU.esp,0x000D7AF6,EnchArmorDaedricShieldResistFrost06,Daedric Shield of Warmth,plugin,Heavy,Heavy,,0.0,9356,13.0,Shield,39,ArmorMaterialDaedric; VendorItemArmor; ArmorShield,0x0006BBD4; 0x0008F959; 0x000965B2,ArmorMaterialDaedric,ArmorShield,VendorItemArmor,0x000BE02D,0x0001396E,Armor\Daedric\DaedricShield.nif,
DoD,D:\Wabbajack\modlists\DoD,Diaries of Dibella - Lord's Vision,MorrowLoot Ultimate,479,MLU.esp,D:\Wabbajack\modlists\DoD\mods\MorrowLoot Ultimate\MLU.esp,0x000D7AF7,EnchArmorDaedricShieldResistShock04,Daedric Shield of Shock Suppression,plugin,Heavy,Heavy,,0.0,9356,13.0,Shield,39,ArmorMaterialDaedric; VendorItemArmor; ArmorShield,0x0006BBD4; 0x0008F959; 0x000965B2,ArmorMaterialDaedric,ArmorShield,VendorItemArmor,0x000BE02E,0x0001396E,Armor\Daedric\DaedricShield.nif,
DoD,D:\Wabbajack\modlists\DoD,Diaries of Dibella - Lord's Vision,MorrowLoot Ultimate,479,MLU.esp,D:\Wabbajack\modlists\DoD\mods\MorrowLoot Ultimate\MLU.esp,0x000D7AF8,EnchArmorDaedricShieldResistShock05,Daedric Shield of Shock Abatement,plugin,Heavy,Heavy,,0.0,9356,13.0,Shield,39,ArmorMaterialDaedric; VendorItemArmor; ArmorShield,0x0006BBD4; 0x0008F959; 0x000965B2,ArmorMaterialDaedric,ArmorShield,VendorItemArmor,0x000BE02F,0x0001396E,Armor\Daedric\DaedricShield.nif,
DoD,D:\Wabbajack\modlists\DoD,Diaries of Dibella - Lord's Vision,MorrowLoot Ultimate,479,MLU.esp,D:\Wabbajack\modlists\DoD\mods\MorrowLoot Ultimate\MLU.esp,0x000D7AF9,EnchArmorDaedricShieldResistShock06,Daedric Shield of Grounding,plugin,Heavy,Heavy,,0.0,9356,13.0,Shield,39,ArmorMaterialDaedric; VendorItemArmor; ArmorShield,0x0006BBD4; 0x0008F959; 0x000965B2,ArmorMaterialDaedric,ArmorShield,VendorItemArmor,0x000BE030,0x0001396E,Armor\Daedric\DaedricShield.nif,
DoD,D:\Wabbajack\modlists\DoD,Diaries of Dibella - Lord's Vision,MorrowLoot Ultimate,479,MLU.esp,D:\Wabbajack\modlists\DoD\mods\MorrowLoot Ultimate\MLU.esp,0x000FE2FB,EnchArmorDaedricCuirassStaminaRate04,Daedric Armor of Rejuvenation,plugin,Heavy,Heavy,Heavy,0.0,12588,41.0,Body,32,ArmorHeavy; ArmorMaterialDaedric; ArmorCuirass; VendorItemArmor; SPIKEArmorFancyBlack; Survival_ArmorWarm,0x0006BBD2; 0x0006BBD4; 0x0006C0EC; 0x0008F959; 0x01DA010D; 0x01002ED9,ArmorMaterialDaedric,ArmorCuirass,VendorItemArmor,0x0007A11A,0x0001396B,Armor\Daedric\DaedricCuirassGO.nif,
DoD,D:\Wabbajack\modlists\DoD,Diaries of Dibella - Lord's Vision,MorrowLoot Ultimate,479,MLU.esp,D:\Wabbajack\modlists\DoD\mods\MorrowLoot Ultimate\MLU.esp,0x000FE2FC,EnchArmorDaedricCuirassStaminaRate05,Daedric Armor of Invigoration,plugin,Heavy,Heavy,Heavy,0.0,12588,41.0,Body,32,ArmorHeavy; ArmorMaterialDaedric; ArmorCuirass; VendorItemArmor; SPIKEArmorFancyBlack; Survival_ArmorWarm,0x0006BBD2; 0x0006BBD4; 0x0006C0EC; 0x0008F959; 0x01DA010D; 0x01002ED9,ArmorMaterialDaedric,ArmorCuirass,VendorItemArmor,0x000AD47F,0x0001396B,Armor\Daedric\DaedricCuirassGO.nif,
DoD,D:\Wabbajack\modlists\DoD,Diaries of Dibella - Lord's Vision,MorrowLoot Ultimate,479,MLU.esp,D:\Wabbajack\modlists\DoD\mods\MorrowLoot Ultimate\MLU.esp,0x000FE2FD,EnchArmorDaedricCuirassStaminaRate06,Daedric Armor of Renewal,plugin,Heavy,Heavy,Heavy,0.0,12588,41.0,Body,32,ArmorHeavy; ArmorMaterialDaedric; ArmorCuirass; VendorItemArmor; SPIKEArmorFancyBlack; Survival_ArmorWarm,0x0006BBD2; 0x0006BBD4; 0x0006C0EC; 0x0008F959; 0x01DA010D; 0x01002ED9,ArmorMaterialDaedric,ArmorCuirass,VendorItemArmor,0x000BE024,0x0001396B,Armor\Daedric\DaedricCuirassGO.nif,
DoD,D:\Wabbajack\modlists\DoD,Diaries of Dibella - Lord's Vision,MorrowLoot Ultimate,479,MLU.esp,D:\Wabbajack\modlists\DoD\mods\MorrowLoot Ultimate\MLU.esp,0x000FE2FE,EnchArmorDaedricCuirassHealRate04,Daedric Armor of Mending,plugin,Heavy,Heavy,Heavy,0.0,12588,41.0,Body,32,ArmorHeavy; ArmorMaterialDaedric; ArmorCuirass; VendorItemArmor; SPIKEArmorFancyBlack; Survival_ArmorWarm,0x0006BBD2; 0x0006BBD4; 0x0006C0EC; 0x0008F959; 0x01DA010D; 0x01002ED9,ArmorMaterialDaedric,ArmorCuirass,VendorItemArmor,0x0007A10D,0x0001396B,Armor\Daedric\DaedricCuirassGO.nif,
DoD,D:\Wabbajack\modlists\DoD,Diaries of Dibella - Lord's Vision,MorrowLoot Ultimate,479,MLU.esp,D:\Wabbajack\modlists\DoD\mods\MorrowLoot Ultimate\MLU.esp,0x000FE2FF,EnchArmorDaedricCuirassHealRate05,Daedric Armor of Regeneration,plugin,Heavy,Heavy,Heavy,0.0,12588,41.0,Body,32,ArmorHeavy; ArmorMaterialDaedric; ArmorCuirass; VendorItemArmor; SPIKEArmorFancyBlack; Survival_ArmorWarm,0x0006BBD2; 0x0006BBD4; 0x0006C0EC; 0x0008F959; 0x01DA010D; 0x01002ED9,ArmorMaterialDaedric,ArmorCuirass,VendorItemArmor,0x000AD45F,0x0001396B,Armor\Daedric\DaedricCuirassGO.nif,
DoD,D:\Wabbajack\modlists\DoD,Diaries of Dibella - Lord's Vision,MorrowLoot Ultimate,479,MLU.esp,D:\Wabbajack\modlists\DoD\mods\MorrowLoot Ultimate\MLU.esp,0x000FE300,EnchArmorDaedricCuirassHealRate06,Daedric Armor of Revival,plugin,Heavy,Heavy,Heavy,0.0,12588,41.0,Body,32,ArmorHeavy; ArmorMaterialDaedric; ArmorCuirass; VendorItemArmor; SPIKEArmorFancyBlack; Survival_ArmorWarm,0x0006BBD2; 0x0006BBD4; 0x0006C0EC; 0x0008F959; 0x01DA010D; 0x01002ED9,ArmorMaterialDaedric,ArmorCuirass,VendorItemArmor,0x000AD493,0x0001396B,Armor\Daedric\DaedricCuirassGO.nif,
DoD,D:\Wabbajack\modlists\DoD,Diaries of Dibella - Lord's Vision,MorrowLoot Ultimate,479,MLU.esp,D:\Wabbajack\modlists\DoD\mods\MorrowLoot Ultimate\MLU.esp,0x000FE301,EnchArmorDaedricHelmetMagickaRate04,Daedric Helmet of Replenishing,plugin,Heavy,Heavy,Heavy,0.0,7493,10.0,Head; Hair; Circlet; Ears,30; 31; 42; 43,ArmorHeavy; ArmorMaterialDaedric; ArmorHelmet; VendorItemArmor; Survival_ArmorWarm,0x0006BBD2; 0x0006BBD4; 0x0006C0EE; 0x0008F959; 0x01002ED9,ArmorMaterialDaedric,ArmorHelmet,VendorItemArmor,0x0007A112,0x0001396D,Armor\Daedric\DaedricHelmetGO.nif,
DoD,D:\Wabbajack\modlists\DoD,Diaries of Dibella - Lord's Vision,MorrowLoot Ultimate,479,MLU.esp,D:\Wabbajack\modlists\DoD\mods\MorrowLoot Ultimate\MLU.esp,0x000FE302,EnchArmorDaedricHelmetMagickaRate05,Daedric Helmet of Resurgence,plugin,Heavy,Heavy,Heavy,0.0,7493,10.0,Head; Hair; Circlet; Ears,30; 31; 42; 43,ArmorHeavy; ArmorMaterialDaedric; ArmorHelmet; VendorItemArmor; Survival_ArmorWarm,0x0006BBD2; 0x0006BBD4; 0x0006C0EE; 0x0008F959; 0x01002ED9,ArmorMaterialDaedric,ArmorHelmet,VendorItemArmor,0x000AD46D,0x0001396D,Armor\Daedric\DaedricHelmetGO.nif,
DoD,D:\Wabbajack\modlists\DoD,Diaries of Dibella - Lord's Vision,MorrowLoot Ultimate,479,MLU.esp,D:\Wabbajack\modlists\DoD\mods\MorrowLoot Ultimate\MLU.esp,0x000FE303,EnchArmorDaedricHelmetMagickaRate06,Daedric Helmet of Recovery,plugin,Heavy,Heavy,Heavy,0.0,7493,10.0,Head; Hair; Circlet; Ears,30; 31; 42; 43,ArmorHeavy; ArmorMaterialDaedric; ArmorHelmet; VendorItemArmor; Survival_ArmorWarm,0x0006BBD2; 0x0006BBD4; 0x0006C0EE; 0x0008F959; 0x01002ED9,ArmorMaterialDaedric,ArmorHelmet,VendorItemArmor,0x000BE00B,0x0001396D,Armor\Daedric\DaedricHelmetGO.nif,
DoD,D:\Wabbajack\modlists\DoD,Diaries of Dibella - Lord's Vision,MorrowLoot Ultimate,479,MLU.esp,D:\Wabbajack\modlists\DoD\mods\MorrowLoot Ultimate\MLU.esp,0x0010CF30,EnchArmorDaedricCuirassAlteration04,Daedric Armor of Eminent Alteration,plugin,Heavy,Heavy,Heavy,0.0,12588,41.0,Body,32,ArmorHeavy; ArmorMaterialDaedric; ArmorCuirass; VendorItemArmor; SPIKEArmorFancyBlack; Survival_ArmorWarm,0x0006BBD2; 0x0006BBD4; 0x0006C0EC; 0x0008F959; 0x01DA010D; 0x01002ED9,ArmorMaterialDaedric,ArmorCuirass,VendorItemArmor,0x000BE037,0x0001396B,Armor\Daedric\DaedricCuirassGO.nif,
DoD,D:\Wabbajack\modlists\DoD,Diaries of Dibella - Lord's Vision,MorrowLoot Ultimate,479,MLU.esp,D:\Wabbajack\modlists\DoD\mods\MorrowLoot Ultimate\MLU.esp,0x0010CF31,EnchArmorDaedricCuirassAlteration05,Daedric Armor of Extreme Alteration,plugin,Heavy,Heavy,Heavy,0.0,12588,41.0,Body,32,ArmorHeavy; ArmorMaterialDaedric; ArmorCuirass; VendorItemArmor; SPIKEArmorFancyBlack; Survival_ArmorWarm,0x0006BBD2; 0x0006BBD4; 0x0006C0EC; 0x0008F959; 0x01DA010D; 0x01002ED9,ArmorMaterialDaedric,ArmorCuirass,VendorItemArmor,0x000BE038,0x0001396B,Armor\Daedric\DaedricCuirassGO.nif,
DoD,D:\Wabbajack\modlists\DoD,Diaries of Dibella - Lord's Vision,MorrowLoot Ultimate,479,MLU.esp,D:\Wabbajack\modlists\DoD\mods\MorrowLoot Ultimate\MLU.esp,0x0010CF32,EnchArmorDaedricCuirassAlteration06,Daedric Armor of Peerless Alteration,plugin,Heavy,Heavy,Heavy,0.0,12588,41.0,Body,32,ArmorHeavy; ArmorMaterialDaedric; ArmorCuirass; VendorItemArmor; SPIKEArmorFancyBlack; Survival_ArmorWarm,0x0006BBD2; 0x0006BBD4; 0x0006C0EC; 0x0008F959; 0x01DA010D; 0x01002ED9,ArmorMaterialDaedric,ArmorCuirass,VendorItemArmor,0x000BE039,0x0001396B,Armor\Daedric\DaedricCuirassGO.nif,
DoD,D:\Wabbajack\modlists\DoD,Diaries of Dibella - Lord's Vision,MorrowLoot Ultimate,479,MLU.esp,D:\Wabbajack\modlists\DoD\mods\MorrowLoot Ultimate\MLU.esp,0x0010CF33,EnchArmorDaedricCuirassConjuration04,Daedric Armor of Eminent Conjuring,plugin,Heavy,Heavy,Heavy,0.0,12588,41.0,Body,32,ArmorHeavy; ArmorMaterialDaedric; ArmorCuirass; VendorItemArmor; SPIKEArmorFancyBlack; Survival_ArmorWarm,0x0006BBD2; 0x0006BBD4; 0x0006C0EC; 0x0008F959; 0x01DA010D; 0x01002ED9,ArmorMaterialDaedric,ArmorCuirass,VendorItemArmor,0x000AD455,0x0001396B,Armor\Daedric\DaedricCuirassGO.nif,
DoD,D:\Wabbajack\modlists\DoD,Diaries of Dibella - Lord's Vision,MorrowLoot Ultimate,479,MLU.esp,D:\Wabbajack\modlists\DoD\mods\MorrowLoot Ultimate\MLU.esp,0x0010CF34,EnchArmorDaedricCuirassConjuration05,Daedric Armor of Extreme Conjuring,plugin,Heavy,Heavy,Heavy,0.0,12588,41.0,Body,32,ArmorHeavy; ArmorMaterialDaedric; ArmorCuirass; VendorItemArmor; SPIKEArmorFancyBlack; Survival_ArmorWarm,0x0006BBD2; 0x0006BBD4; 0x0006C0EC; 0x0008F959; 0x01DA010D; 0x01002ED9,ArmorMaterialDaedric,ArmorCuirass,VendorItemArmor,0x000AD456,0x0001396B,Armor\Daedric\DaedricCuirassGO.nif,
DoD,D:\Wabbajack\modlists\DoD,Diaries of Dibella - Lord's Vision,MorrowLoot Ultimate,479,MLU.esp,D:\Wabbajack\modlists\DoD\mods\MorrowLoot Ultimate\MLU.esp,0x0010CF35,EnchArmorDaedricCuirassConjuration06,Daedric Armor of Peerless Conjuring,plugin,Heavy,Heavy,Heavy,0.0,12588,41.0,Body,32,ArmorHeavy; ArmorMaterialDaedric; ArmorCuirass; VendorItemArmor; SPIKEArmorFancyBlack; Survival_ArmorWarm,0x0006BBD2; 0x0006BBD4; 0x0006C0EC; 0x0008F959; 0x01DA010D; 0x01002ED9,ArmorMaterialDaedric,ArmorCuirass,VendorItemArmor,0x000AD457,0x0001396B,Armor\Daedric\DaedricCuirassGO.nif,
DoD,D:\Wabbajack\modlists\DoD,Diaries of Dibella - Lord's Vision,MorrowLoot Ultimate,479,MLU.esp,D:\Wabbajack\modlists\DoD\mods\MorrowLoot Ultimate\MLU.esp,0x0010CF36,EnchArmorDaedricCuirassDestruction04,Daedric Armor of Eminent Destruction,plugin,Heavy,Heavy,Heavy,0.0,12588,41.0,Body,32,ArmorHeavy; ArmorMaterialDaedric; ArmorCuirass; VendorItemArmor; SPIKEArmorFancyBlack; Survival_ArmorWarm,0x0006BBD2; 0x0006BBD4; 0x0006C0EC; 0x0008F959; 0x01DA010D; 0x01002ED9,ArmorMaterialDaedric,ArmorCuirass,VendorItemArmor,0x000AD45A,0x0001396B,Armor\Daedric\DaedricCuirassGO.nif,
DoD,D:\Wabbajack\modlists\DoD,Diaries of Dibella - Lord's Vision,MorrowLoot Ultimate,479,MLU.esp,D:\Wabbajack\modlists\DoD\mods\MorrowLoot Ultimate\MLU.esp,0x0010CF37,EnchArmorDaedricCuirassDestruction05,Daedric Armor of Extreme Destruction,plugin,Heavy,Heavy,Heavy,0.0,12588,41.0,Body,32,ArmorHeavy; ArmorMaterialDaedric; ArmorCuirass; VendorItemArmor; SPIKEArmorFancyBlack; Survival_ArmorWarm,0x0006BBD2; 0x0006BBD4; 0x0006C0EC; 0x0008F959; 0x01DA010D; 0x01002ED9,ArmorMaterialDaedric,ArmorCuirass,VendorItemArmor,0x000AD45B,0x0001396B,Armor\Daedric\DaedricCuirassGO.nif,
DoD,D:\Wabbajack\modlists\DoD,Diaries of Dibella - Lord's Vision,MorrowLoot Ultimate,479,MLU.esp,D:\Wabbajack\modlists\DoD\mods\MorrowLoot Ultimate\MLU.esp,0x0010CF38,EnchArmorDaedricCuirassDestruction06,Daedric Armor of Peerless Destruction,plugin,Heavy,Heavy,Heavy,0.0,12588,41.0,Body,32,ArmorHeavy; ArmorMaterialDaedric; ArmorCuirass; VendorItemArmor; SPIKEArmorFancyBlack; Survival_ArmorWarm,0x0006BBD2; 0x0006BBD4; 0x0006C0EC; 0x0008F959; 0x01DA010D; 0x01002ED9,ArmorMaterialDaedric,ArmorCuirass,VendorItemArmor,0x000AD45C,0x0001396B,Armor\Daedric\DaedricCuirassGO.nif,
DoD,D:\Wabbajack\modlists\DoD,Diaries of Dibella - Lord's Vision,MorrowLoot Ultimate,479,MLU.esp,D:\Wabbajack\modlists\DoD\mods\MorrowLoot Ultimate\MLU.esp,0x0010CF39,EnchArmorDaedricCuirassIllusion04,Daedric Armor of Eminent Illusion,plugin,Heavy,Heavy,Heavy,0.0,12588,41.0,Body,32,ArmorHeavy; ArmorMaterialDaedric; ArmorCuirass; VendorItemArmor; SPIKEArmorFancyBlack; Survival_ArmorWarm,0x0006BBD2; 0x0006BBD4; 0x0006C0EC; 0x0008F959; 0x01DA010D; 0x01002ED9,ArmorMaterialDaedric,ArmorCuirass,VendorItemArmor,0x000BE002,0x0001396B,Armor\Daedric\DaedricCuirassGO.nif,
DoD,D:\Wabbajack\modlists\DoD,Diaries of Dibella - Lord's Vision,MorrowLoot Ultimate,479,MLU.esp,D:\Wabbajack\modlists\DoD\mods\MorrowLoot Ultimate\MLU.esp,0x0010CF3A,EnchArmorDaedricCuirassIllusion05,Daedric Armor of Extreme Illusion,plugin,Heavy,Heavy,Heavy,0.0,12588,41.0,Body,32,ArmorHeavy; ArmorMaterialDaedric; ArmorCuirass; VendorItemArmor; SPIKEArmorFancyBlack; Survival_ArmorWarm,0x0006BBD2; 0x0006BBD4; 0x0006C0EC; 0x0008F959; 0x01DA010D; 0x01002ED9,ArmorMaterialDaedric,ArmorCuirass,VendorItemArmor,0x000BE003,0x0001396B,Armor\Daedric\DaedricCuirassGO.nif,
DoD,D:\Wabbajack\modlists\DoD,Diaries of Dibella - Lord's Vision,MorrowLoot Ultimate,479,MLU.esp,D:\Wabbajack\modlists\DoD\mods\MorrowLoot Ultimate\MLU.esp,0x0010CF3B,EnchArmorDaedricCuirassIllusion06,Daedric Armor of Peerless Illusion,plugin,Heavy,Heavy,Heavy,0.0,12588,41.0,Body,32,ArmorHeavy; ArmorMaterialDaedric; ArmorCuirass; VendorItemArmor; SPIKEArmorFancyBlack; Survival_ArmorWarm,0x0006BBD2; 0x0006BBD4; 0x0006C0EC; 0x0008F959; 0x01DA010D; 0x01002ED9,ArmorMaterialDaedric,ArmorCuirass,VendorItemArmor,0x000BE004,0x0001396B,Armor\Daedric\DaedricCuirassGO.nif,
DoD,D:\Wabbajack\modlists\DoD,Diaries of Dibella - Lord's Vision,MorrowLoot Ultimate,479,MLU.esp,D:\Wabbajack\modlists\DoD\mods\MorrowLoot Ultimate\MLU.esp,0x0010CF3C,EnchArmorDaedricCuirassRestoration04,Daedric Armor of Eminent Restoration,plugin,Heavy,Heavy,Heavy,0.0,12588,41.0,Body,32,ArmorHeavy; ArmorMaterialDaedric; ArmorCuirass; VendorItemArmor; SPIKEArmorFancyBlack; Survival_ArmorWarm,0x0006BBD2; 0x0006BBD4; 0x0006C0EC; 0x0008F959; 0x01DA010D; 0x01002ED9,ArmorMaterialDaedric,ArmorCuirass,VendorItemArmor,0x000BE015,0x0001396B,Armor\Daedric\DaedricCuirassGO.nif,
DoD,D:\Wabbajack\modlists\DoD,Diaries of Dibella - Lord's Vision,MorrowLoot Ultimate,479,MLU.esp,D:\Wabbajack\modlists\DoD\mods\MorrowLoot Ultimate\MLU.esp,0x0010CF3D,EnchArmorDaedricCuirassRestoration05,Daedric Armor of Extreme Restoration,plugin,Heavy,Heavy,Heavy,0.0,12588,41.0,Body,32,ArmorHeavy; ArmorMaterialDaedric; ArmorCuirass; VendorItemArmor; SPIKEArmorFancyBlack; Survival_ArmorWarm,0x0006BBD2; 0x0006BBD4; 0x0006C0EC; 0x0008F959; 0x01DA010D; 0x01002ED9,ArmorMaterialDaedric,ArmorCuirass,VendorItemArmor,0x000BE016,0x0001396B,Armor\Daedric\DaedricCuirassGO.nif,
DoD,D:\Wabbajack\modlists\DoD,Diaries of Dibella - Lord's Vision,MorrowLoot Ultimate,479,MLU.esp,D:\Wabbajack\modlists\DoD\mods\MorrowLoot Ultimate\MLU.esp,0x0010CF3E,EnchArmorDaedricCuirassRestoration06,Daedric Armor of Peerless Restoration,plugin,Heavy,Heavy,Heavy,0.0,12588,41.0,Body,32,ArmorHeavy; ArmorMaterialDaedric; ArmorCuirass; VendorItemArmor; SPIKEArmorFancyBlack; Survival_ArmorWarm,0x0006BBD2; 0x0006BBD4; 0x0006C0EC; 0x0008F959; 0x01DA010D; 0x01002ED9,ArmorMaterialDaedric,ArmorCuirass,VendorItemArmor,0x000BE017,0x0001396B,Armor\Daedric\DaedricCuirassGO.nif,
DoD,D:\Wabbajack\modlists\DoD,Diaries of Dibella - Lord's Vision,MorrowLoot Ultimate,479,MLU.esp,D:\Wabbajack\modlists\DoD\mods\MorrowLoot Ultimate\MLU.esp,0x0010DF77,EnchArmorDaedricBootsStamina04,Daedric Boots of Eminent Stamina,plugin,Heavy,Heavy,Heavy,0.0,6195,9.0,Feet,37,ArmorHeavy; ArmorMaterialDaedric; ArmorBoots; VendorItemArmor; Survival_ArmorWarm,0x0006BBD2; 0x0006BBD4; 0x0006C0ED; 0x0008F959; 0x01002ED9,ArmorMaterialDaedric,ArmorBoots,VendorItemArmor,0x000BE021,0x0001396A,Armor\Daedric\DaedricBootsGO.nif,
DoD,D:\Wabbajack\modlists\DoD,Diaries of Dibella - Lord's Vision,MorrowLoot Ultimate,479,MLU.esp,D:\Wabbajack\modlists\DoD\mods\MorrowLoot Ultimate\MLU.esp,0x0010DF78,EnchArmorDaedricBootsStamina05,Daedric Boots of Extreme Stamina,plugin,Heavy,Heavy,Heavy,0.0,6195,9.0,Feet,37,ArmorHeavy; ArmorMaterialDaedric; ArmorBoots; VendorItemArmor; Survival_ArmorWarm,0x0006BBD2; 0x0006BBD4; 0x0006C0ED; 0x0008F959; 0x01002ED9,ArmorMaterialDaedric,ArmorBoots,VendorItemArmor,0x000BE022,0x0001396A,Armor\Daedric\DaedricBootsGO.nif,
DoD,D:\Wabbajack\modlists\DoD,Diaries of Dibella - Lord's Vision,MorrowLoot Ultimate,479,MLU.esp,D:\Wabbajack\modlists\DoD\mods\MorrowLoot Ultimate\MLU.esp,0x0010DF79,EnchArmorDaedricBootsStamina06,Daedric Boots of Peerless Stamina,plugin,Heavy,Heavy,Heavy,0.0,6195,9.0,Feet,37,ArmorHeavy; ArmorMaterialDaedric; ArmorBoots; VendorItemArmor; Survival_ArmorWarm,0x0006BBD2; 0x0006BBD4; 0x0006C0ED; 0x0008F959; 0x01002ED9,ArmorMaterialDaedric,ArmorBoots,VendorItemArmor,0x000BE023,0x0001396A,Armor\Daedric\DaedricBootsGO.nif,
DoD,D:\Wabbajack\modlists\DoD,Diaries of Dibella - Lord's Vision,MorrowLoot Ultimate,479,MLU.esp,D:\Wabbajack\modlists\DoD\mods\MorrowLoot Ultimate\MLU.esp,0x0010DFA1,EnchArmorDaedricShieldResistMagic04,Daedric Shield of Magic Suppression,plugin,Heavy,Heavy,,0.0,9356,13.0,Shield,39,ArmorMaterialDaedric; VendorItemArmor; ArmorShield,0x0006BBD4; 0x0008F959; 0x000965B2,ArmorMaterialDaedric,ArmorShield,VendorItemArmor,0x000FC05E,0x0001396E,Armor\Daedric\DaedricShield.nif,
DoD,D:\Wabbajack\modlists\DoD,Diaries of Dibella - Lord's Vision,MorrowLoot Ultimate,479,MLU.esp,D:\Wabbajack\modlists\DoD\mods\MorrowLoot Ultimate\MLU.esp,0x0010DFA2,EnchArmorDaedricShieldResistMagic05,Daedric Shield of Magic Abatement,plugin,Heavy,Heavy,,0.0,9356,13.0,Shield,39,ArmorMaterialDaedric; VendorItemArmor; ArmorShield,0x0006BBD4; 0x0008F959; 0x000965B2,ArmorMaterialDaedric,ArmorShield,VendorItemArmor,0x000FC05F,0x0001396E,Armor\Daedric\DaedricShield.nif,
DoD,D:\Wabbajack\modlists\DoD,Diaries of Dibella - Lord's Vision,MorrowLoot Ultimate,479,MLU.esp,D:\Wabbajack\modlists\DoD\mods\MorrowLoot Ultimate\MLU.esp,0x0010DFA3,EnchArmorDaedricShieldResistMagic06,Daedric Shield of Nullification,plugin,Heavy,Heavy,,0.0,9356,13.0,Shield,39,ArmorMaterialDaedric; VendorItemArmor; ArmorShield,0x0006BBD4; 0x0008F959; 0x000965B2,ArmorMaterialDaedric,ArmorShield,VendorItemArmor,0x000FC060,0x0001396E,Armor\Daedric\DaedricShield.nif,
DoD,D:\Wabbajack\modlists\DoD,Diaries of Dibella - Lord's Vision,MorrowLoot Ultimate,479,MLU.esp,D:\Wabbajack\modlists\DoD\mods\MorrowLoot Ultimate\MLU.esp,0x0200284D,DLC1ArmorAurielsShield,Auriel's Shield,plugin,Heavy,Heavy,,0.0,12317,14.0,Shield,39,ArmorMaterialMoonstone; VendorItemDaedricArtifact; ArmorShield; MagicDisallowEnchanting; ArmorMaterialQuicksilver,0x0006BBD9; 0x000917E8; 0x000965B2; 0x000C27BD; 0x0006BBDA,ArmorMaterialMoonstone; ArmorMaterialQuicksilver,ArmorShield,VendorItemDaedricArtifact,0x0200488B,,DLC01\Armor\Auriel\aurielsshield.nif,
DoD,D:\Wabbajack\modlists\DoD,Diaries of Dibella - Lord's Vision,MorrowLoot Ultimate,479,MLU.esp,D:\Wabbajack\modlists\DoD\mods\MorrowLoot Ultimate\MLU.esp,0x04024037,DLC2ArmorAcolyteMaskShock,Zahkriisos,plugin,Heavy,Heavy,Heavy,0.0,4275,8.0,Head; Hair; Circlet; Custom Slot (44),30; 31; 42; 44,ArmorHeavy; ArmorMaterialEbony; ArmorHelmet; VendorItemDaedricArtifact; MagicDisallowEnchanting; Survival_ArmorWarm,0x0006BBD2; 0x0006BBD8; 0x0006C0EE; 0x000917E8; 0x000C27BD; 0x01002ED9,ArmorMaterialEbony,ArmorHelmet,VendorItemDaedricArtifact,0x040250E3,,DLC02\Armor\AcolyteMasks\AcolyteMask_GND.nif,DLC02\Armor\AcolyteMasks\AcolyteMask_GND.nif
DoD,D:\Wabbajack\modlists\DoD,Diaries of Dibella - Lord's Vision,MorrowLoot Ultimate,479,MLU.esp,D:\Wabbajack\modlists\DoD\mods\MorrowLoot Ultimate\MLU.esp,0x040240FE,DLC2ArmorAcolyteMaskFire,Ahzidal,plugin,Heavy,Heavy,Heavy,0.0,3633,5.0,Head; Hair; Circlet; Custom Slot (44),30; 31; 42; 44,ArmorHeavy; ArmorHelmet; MagicDisallowEnchanting; WeapMaterialDraugrHoned; WAF_ArmorMaterialDraugr; DLC2dunKolbjornAhzidalItem; Survival_ArmorWarm; VendorItemDaedricArtifact,0x0006BBD2; 0x0006C0EE; 0x000C27BD; 0x000C5C02; 0x01AF0135; 0x040270E7; 0x01002ED9; 0x000917E8,WeapMaterialDraugrHoned; WAF_ArmorMaterialDraugr,ArmorHelmet,VendorItemDaedricArtifact,0x040250E1,,DLC02\Armor\AcolyteMasks\AcolyteMask_GND.nif,DLC02\Armor\AcolyteMasks\AcolyteMask_GND.nif
DoD,D:\Wabbajack\modlists\DoD,Diaries of Dibella - Lord's Vision,MorrowLoot Ultimate,479,MLU.esp,D:\Wabbajack\modlists\DoD\mods\MorrowLoot Ultimate\MLU.esp,0x040240FF,DLC2ArmorAcolyteMaskFrost,Dukaan,plugin,Light,Light,Light,0.0,4061,5.0,Head; Hair; Circlet; Custom Slot (44),30; 31; 42; 44,ArmorLight; ArmorHelmet; VendorItemDaedricArtifact; MagicDisallowEnchanting; DLC2ArmorMaterialStalhrimLight; Survival_ArmorWarm,0x0006BBD3; 0x0006C0EE; 0x000917E8; 0x000C27BD; 0x04024107; 0x01002ED9,DLC2ArmorMaterialStalhrimLight,ArmorHelmet,VendorItemDaedricArtifact,0x040250E2,,DLC02\Armor\AcolyteMasks\AcolyteMask_GND.nif,DLC02\Armor\AcolyteMasks\AcolyteMask_GND.nif
DoD,D:\Wabbajack\modlists\DoD,Diaries of Dibella - Lord's Vision,MorrowLoot Ultimate,479,MLU.esp,D:\Wabbajack\modlists\DoD\mods\MorrowLoot Ultimate\MLU.esp,0x04039D2B,DLC2MKMiraakMask1L,Miraak,plugin,Light,Light,Light,0.0,3804,6.0,Head; Hair; Circlet,30; 31; 42,ArmorLight; ArmorMaterialDragonscale; ArmorHelmet; VendorItemDaedricArtifact; MagicDisallowEnchanting; Survival_ArmorWarm,0x0006BBD3; 0x0006BBD6; 0x0006C0EE; 0x000917E8; 0x000C27BD; 0x01002ED9,ArmorMaterialDragonscale,ArmorHelmet,VendorItemDaedricArtifact,0x000B7A33,,DLC02\Clothes\MiraakRobes\MiraakHelm_GND.nif,DLC02\Clothes\MiraakRobes\MiraakHelm_GND.nif
DoD,D:\Wabbajack\modlists\DoD,Diaries of Dibella - Lord's Vision,MorrowLoot Ultimate,479,MLU.esp,D:\Wabbajack\modlists\DoD\mods\MorrowLoot Ultimate\MLU.esp,0x04039D2E,DLC2MKMiraakMask2L,Miraak,plugin,Light,Light,Light,0.0,3804,6.0,Head; Hair; Circlet,30; 31; 42,ArmorLight; ArmorMaterialDragonscale; ArmorHelmet; VendorItemDaedricArtifact; MagicDisallowEnchanting; Survival_ArmorWarm,0x0006BBD3; 0x0006BBD6; 0x0006C0EE; 0x000917E8; 0x000C27BD; 0x01002ED9,ArmorMaterialDragonscale,ArmorHelmet,VendorItemDaedricArtifact,0x000B7A33,,DLC02\Clothes\MiraakRobes\MiraakHelm_GND.nif,DLC02\Clothes\MiraakRobes\MiraakHelm_GND.nif
DoD,D:\Wabbajack\modlists\DoD,Diaries of Dibella - Lord's Vision,MorrowLoot Ultimate,479,MLU.esp,D:\Wabbajack\modlists\DoD\mods\MorrowLoot Ultimate\MLU.esp,0x04039D2F,DLC2MKMiraakMask3L,Miraak,plugin,Light,Light,Light,0.0,3804,6.0,Head; Hair; Circlet,30; 31; 42,ArmorLight; ArmorMaterialDragonscale; ArmorHelmet; VendorItemDaedricArtifact; MagicDisallowEnchanting; Survival_ArmorWarm,0x0006BBD3; 0x0006BBD6; 0x0006C0EE; 0x000917E8; 0x000C27BD; 0x01002ED9,ArmorMaterialDragonscale,ArmorHelmet,VendorItemDaedricArtifact,0x000B7A33,,DLC02\Clothes\MiraakRobes\MiraakHelm_GND.nif,DLC02\Clothes\MiraakRobes\MiraakHelm_GND.nif
DoD,D:\Wabbajack\modlists\DoD,Diaries of Dibella - Lord's Vision,MorrowLoot Ultimate,479,MLU.esp,D:\Wabbajack\modlists\DoD\mods\MorrowLoot Ultimate\MLU.esp,0x04039FA1,DLC2MKMiraakMask1H,Miraak,plugin,Heavy,Heavy,Heavy,0.0,3804,9.0,Head; Hair; Circlet,30; 31; 42,ArmorHeavy; ArmorMaterialDragonplate; ArmorHelmet; VendorItemDaedricArtifact; MagicDisallowEnchanting; Survival_ArmorWarm,0x0006BBD2; 0x0006BBD5; 0x0006C0EE; 0x000917E8; 0x000C27BD; 0x01002ED9,ArmorMaterialDragonplate,ArmorHelmet,VendorItemDaedricArtifact,0x000B7A33,,DLC02\Clothes\MiraakRobes\MiraakHelm_GND.nif,DLC02\Clothes\MiraakRobes\MiraakHelm_GND.nif
DoD,D:\Wabbajack\modlists\DoD,Diaries of Dibella - Lord's Vision,MorrowLoot Ultimate,479,MLU.esp,D:\Wabbajack\modlists\DoD\mods\MorrowLoot Ultimate\MLU.esp,0x04039FA2,DLC2MKMiraakMask2H,Miraak,plugin,Heavy,Heavy,Heavy,0.0,3804,9.0,Head; Hair; Circlet,30; 31; 42,ArmorHeavy; ArmorMaterialDragonplate; ArmorHelmet; VendorItemDaedricArtifact; MagicDisallowEnchanting; Survival_ArmorWarm,0x0006BBD2; 0x0006BBD5; 0x0006C0EE; 0x000917E8; 0x000C27BD; 0x01002ED9,ArmorMaterialDragonplate,ArmorHelmet,VendorItemDaedricArtifact,0x000B7A33,,DLC02\Clothes\MiraakRobes\MiraakHelm_GND.nif,DLC02\Clothes\MiraakRobes\MiraakHelm_GND.nif
DoD,D:\Wabbajack\modlists\DoD,Diaries of Dibella - Lord's Vision,MorrowLoot Ultimate,479,MLU.esp,D:\Wabbajack\modlists\DoD\mods\MorrowLoot Ultimate\MLU.esp,0x04039FA3,DLC2MKMiraakMask3H,Miraak,plugin,Heavy,Heavy,Heavy,0.0,3804,9.0,Head; Hair; Circlet,30; 31; 42,ArmorHeavy; ArmorMaterialDragonplate; ArmorHelmet; VendorItemDaedricArtifact; MagicDisallowEnchanting; Survival_ArmorWarm,0x0006BBD2; 0x0006BBD5; 0x0006C0EE; 0x000917E8; 0x000C27BD; 0x01002ED9,ArmorMaterialDragonplate,ArmorHelmet,VendorItemDaedricArtifact,0x000B7A33,,DLC02\Clothes\MiraakRobes\MiraakHelm_GND.nif,DLC02\Clothes\MiraakRobes\MiraakHelm_GND.nif
DoD,D:\Wabbajack\modlists\DoD,Diaries of Dibella - Lord's Vision,MorrowLoot Ultimate,479,MLU.esp,D:\Wabbajack\modlists\DoD\mods\MorrowLoot Ultimate\MLU.esp,0x0A05C823,_mwl_eilodon,Eleidon's Ward,plugin,Heavy,Heavy,,0.0,1600,15.0,Shield,39,ArmorMaterialDaedric; VendorItemArmor; ArmorShield; MagicDisallowEnchanting,0x0006BBD4; 0x0008F959; 0x000965B2; 0x000C27BD,ArmorMaterialDaedric,ArmorShield,VendorItemArmor,0x0A05C869,,Armor\nobleartifacts\Eleidon\eleidon.nif,
DoD,D:\Wabbajack\modlists\DoD,Diaries of Dibella - Lord's Vision,MorrowLoot Ultimate,479,MLU.esp,D:\Wabbajack\modlists\DoD\mods\MorrowLoot Ultimate\MLU.esp,0x0A05CA2D,_mwl_loot2,Running Man's Folly,plugin,Heavy,Heavy,Heavy,0.0,25,5.0,Feet,37,ArmorHeavy; ArmorMaterialDaedric; ArmorBoots; VendorItemArmor,0x0006BBD2; 0x0006BBD4; 0x0006C0ED; 0x0008F959,ArmorMaterialDaedric,ArmorBoots,VendorItemArmor,0x000AD44C,,Armor\Draugr\DraugrBootsMale_GO.nif,Armor\Draugr\DraugrBootsFemale_GO.nif
DoD,D:\Wabbajack\modlists\DoD,Diaries of Dibella - Lord's Vision,MorrowLoot Ultimate,479,MLU.esp,D:\Wabbajack\modlists\DoD\mods\MorrowLoot Ultimate\MLU.esp,0x0A1FF2A8,MLU_DremoraDaedricBoots2,Daedric Boots,plugin,Heavy,Heavy,Heavy,0.0,625,10.0,Feet,37,ArmorHeavy; ArmorMaterialDaedric; ArmorBoots; VendorItemArmor; Survival_ArmorWarm,0x0006BBD2; 0x0006BBD4; 0x0006C0ED; 0x0008F959; 0x01002ED9,ArmorMaterialDaedric,ArmorBoots,VendorItemArmor,0x0A1FF2AF,,Armor\Daedric\DaedricBootsGO.nif,
DoD,D:\Wabbajack\modlists\DoD,Diaries of Dibella - Lord's Vision,MorrowLoot Ultimate,479,MLU.esp,D:\Wabbajack\modlists\DoD\mods\MorrowLoot Ultimate\MLU.esp,0x0A3392B9,MLU_DremoraDaedricBoots3,Daedric Boots,plugin,Heavy,Heavy,Heavy,0.0,625,10.0,Feet,37,ArmorHeavy; ArmorMaterialDaedric; ArmorBoots; VendorItemArmor; Survival_ArmorWarm,0x0006BBD2; 0x0006BBD4; 0x0006C0ED; 0x0008F959; 0x01002ED9,ArmorMaterialDaedric,ArmorBoots,VendorItemArmor,0x0A3392B8,,Armor\Daedric\DaedricBootsGO.nif,
DoD,D:\Wabbajack\modlists\DoD,Diaries of Dibella - Lord's Vision,MorrowLoot Ultimate,479,MLU.esp,D:\Wabbajack\modlists\DoD\mods\MorrowLoot Ultimate\MLU.esp,0x0A3392C2,MLU_ArmorDremoraShieldNP,Daedric Shield,plugin,Heavy,Heavy,,0.0,9356,13.0,Shield,39,ArmorMaterialDaedric; VendorItemArmor; ArmorShield,0x0006BBD4; 0x0008F959; 0x000965B2,ArmorMaterialDaedric,ArmorShield,VendorItemArmor,,,Armor\Daedric\DaedricShield.nif,
DoD,D:\Wabbajack\modlists\DoD,Diaries of Dibella - Lord's Vision,MorrowLoot Ultimate,479,MLU.esp,D:\Wabbajack\modlists\DoD\mods\MorrowLoot Ultimate\MLU.esp,0x0A3392C6,MLU_DremoraDaedricCuirass,Daedric Armor,plugin,Heavy,Heavy,Heavy,0.0,640,38.0,Body,32,ArmorHeavy; ArmorMaterialDaedric; ArmorCuirass; VendorItemArmor,0x0006BBD2; 0x0006BBD4; 0x0006C0EC; 0x0008F959,ArmorMaterialDaedric,ArmorCuirass,VendorItemArmor,,,Armor\Daedric\DaedricCuirassGO.nif,
DoD,D:\Wabbajack\modlists\DoD,Diaries of Dibella - Lord's Vision,MorrowLoot Ultimate,479,MLU.esp,D:\Wabbajack\modlists\DoD\mods\MorrowLoot Ultimate\MLU.esp,0x0A3392C7,MLU_DremoraDaedricGauntlets,Daedric Gauntlets,plugin,Heavy,Heavy,Heavy,0.0,125,9.0,Hands,33,PerkFistsDaedric; ArmorHeavy; ArmorMaterialDaedric; ArmorGauntlets; VendorItemArmor,0x0002C17B; 0x0006BBD2; 0x0006BBD4; 0x0006C0EF; 0x0008F959,ArmorMaterialDaedric,ArmorGauntlets,VendorItemArmor,,,Armor\Daedric\DaedricGauntletsGO.nif,
DoD,D:\Wabbajack\modlists\DoD,Diaries of Dibella - Lord's Vision,MorrowLoot Ultimate,479,MLU.esp,D:\Wabbajack\modlists\DoD\mods\MorrowLoot Ultimate\MLU.esp,0x0A3392C8,MLU_DremoraDaedricHelmet,Daedric Helmet,plugin,Heavy,Heavy,Heavy,0.0,1600,15.0,Head; Hair; Circlet; Ears,30; 31; 42; 43,ArmorHeavy; ArmorMaterialDaedric; ArmorHelmet; VendorItemArmor,0x0006BBD2; 0x0006BBD4; 0x0006C0EE; 0x0008F959,ArmorMaterialDaedric,ArmorHelmet,VendorItemArmor,,,Armor\Daedric\DaedricHelmetGO.nif,
DoD,D:\Wabbajack\modlists\DoD,Diaries of Dibella - Lord's Vision,MorrowLoot Ultimate,479,MLU.esp,D:\Wabbajack\modlists\DoD\mods\MorrowLoot Ultimate\MLU.esp,0x0A3392C9,MLU_DremoraDaedricBoots,Daedric Boots,plugin,Heavy,Heavy,Heavy,0.0,125,9.0,Feet,37,ArmorHeavy; ArmorMaterialDaedric; ArmorBoots; VendorItemArmor,0x0006BBD2; 0x0006BBD4; 0x0006C0ED; 0x0008F959,ArmorMaterialDaedric,ArmorBoots,VendorItemArmor,,,Armor\Daedric\DaedricBootsGO.nif,
DoD,D:\Wabbajack\modlists\DoD,Diaries of Dibella - Lord's Vision,Bow Rapid Combo V3,511,BowRapidCombo.esp,D:\Wabbajack\modlists\DoD\mods\Bow Rapid Combo V3\BowRapidCombo.esp,0x05000881,SD_Daedric,Secondary Daedric Dagger,plugin,Clothing,Clothing,,0.0,500,6.0,Custom Slot (56),56,VendorItemJewelry; SecondaryDagger; SecondaryDaedric,0x0008F95A; 0x0500086E; 0x05000876,,,VendorItemJewelry,,,Weapon\Dagger\1stpersondaedricdagger.nif,
DoD,D:\Wabbajack\modlists\DoD,Diaries of Dibella - Lord's Vision,HDT-SMP Racemenu Hairs and Wigs,1026,Xing SMP Hairs and Wigs - Dint999.esp,D:\Wabbajack\modlists\DoD\mods\HDT-SMP Racemenu Hairs and Wigs\Xing SMP Hairs and Wigs - Dint999.esp,0x01000817,_Dint_SGMisaWigHDT,[SG] Misa,plugin,Heavy,Light,Heavy,0.0,200,0.0,Hair; Long Hair,31; 41,ArmorHeavy; ArmorMaterialDaedric; ArmorHelmet; VendorItemArmor,0x0006BBD2; 0x0006BBD4; 0x0006C0EE; 0x0008F959,ArmorMaterialDaedric,ArmorHelmet,VendorItemArmor,,,SGhairs\HDT_dint999\go\go.nif,
DoD,D:\Wabbajack\modlists\DoD,Diaries of Dibella - Lord's Vision,HDT-SMP Racemenu Hairs and Wigs,1026,Xing SMP Hairs and Wigs - Dint999.esp,D:\Wabbajack\modlists\DoD\mods\HDT-SMP Racemenu Hairs and Wigs\Xing SMP Hairs and Wigs - Dint999.esp,0x01000819,_Dint_SGMisa2WigHDT,[SG] Misa2,plugin,Heavy,Light,Heavy,0.0,200,0.0,Hair; Long Hair,31; 41,ArmorHeavy; ArmorMaterialDaedric; ArmorHelmet; VendorItemArmor,0x0006BBD2; 0x0006BBD4; 0x0006C0EE; 0x0008F959,ArmorMaterialDaedric,ArmorHelmet,VendorItemArmor,,,SGhairs\HDT_dint999\go\go.nif,
DoD,D:\Wabbajack\modlists\DoD,Diaries of Dibella - Lord's Vision,HDT-SMP Racemenu Hairs and Wigs,1026,Xing SMP Hairs and Wigs - Dint999.esp,D:\Wabbajack\modlists\DoD\mods\HDT-SMP Racemenu Hairs and Wigs\Xing SMP Hairs and Wigs - Dint999.esp,0x0100083C,_Dint_KS_ChainReaction_WigHDT,[KS] Chain Reaction,plugin,Heavy,Light,Heavy,0.0,200,0.0,Hair; Long Hair,31; 41,ArmorHeavy; ArmorMaterialDaedric; ArmorHelmet; VendorItemArmor,0x0006BBD2; 0x0006BBD4; 0x0006C0EE; 0x0008F959,ArmorMaterialDaedric,ArmorHelmet,VendorItemArmor,,,KS Hairdo's\HDT_dint999\go\go.nif,
DoD,D:\Wabbajack\modlists\DoD,Diaries of Dibella - Lord's Vision,HDT-SMP Racemenu Hairs and Wigs,1026,Xing SMP Hairs and Wigs - Dint999.esp,D:\Wabbajack\modlists\DoD\mods\HDT-SMP Racemenu Hairs and Wigs\Xing SMP Hairs and Wigs - Dint999.esp,0x01000840,_Dint_KS_Eden_WigHDT,[KS] Eden,plugin,Heavy,Light,Heavy,0.0,200,0.0,Hair; Long Hair,31; 41,ArmorHeavy; ArmorMaterialDaedric; ArmorHelmet; VendorItemArmor,0x0006BBD2; 0x0006BBD4; 0x0006C0EE; 0x0008F959,ArmorMaterialDaedric,ArmorHelmet,VendorItemArmor,,,KS Hairdo's\HDT_dint999\go\go.nif,
DoD,D:\Wabbajack\modlists\DoD,Diaries of Dibella - Lord's Vision,HDT-SMP Racemenu Hairs and Wigs,1026,Xing SMP Hairs and Wigs - Dint999.esp,D:\Wabbajack\modlists\DoD\mods\HDT-SMP Racemenu Hairs and Wigs\Xing SMP Hairs and Wigs - Dint999.esp,0x01000844,_Dint_KS_Renata_WigHDT,[KS] Renata,plugin,Heavy,Light,Heavy,0.0,200,0.0,Hair; Long Hair,31; 41,ArmorHeavy; ArmorMaterialDaedric; ArmorHelmet; VendorItemArmor,0x0006BBD2; 0x0006BBD4; 0x0006C0EE; 0x0008F959,ArmorMaterialDaedric,ArmorHelmet,VendorItemArmor,,,KS Hairdo's\HDT_dint999\go\go.nif,
DoD,D:\Wabbajack\modlists\DoD,Diaries of Dibella - Lord's Vision,HDT-SMP Racemenu Hairs and Wigs,1026,Xing SMP Hairs and Wigs - Dint999.esp,D:\Wabbajack\modlists\DoD\mods\HDT-SMP Racemenu Hairs and Wigs\Xing SMP Hairs and Wigs - Dint999.esp,0x0100084C,_Dint_KS_Somali_WigHDT,[KS] Somali,plugin,Heavy,Light,Heavy,0.0,200,0.0,Hair; Long Hair,31; 41,ArmorHeavy; ArmorMaterialDaedric; ArmorHelmet; VendorItemArmor,0x0006BBD2; 0x0006BBD4; 0x0006C0EE; 0x0008F959,ArmorMaterialDaedric,ArmorHelmet,VendorItemArmor,,,KS Hairdo's\HDT_dint999\go\go.nif,
DoD,D:\Wabbajack\modlists\DoD,Diaries of Dibella - Lord's Vision,HDT-SMP Racemenu Hairs and Wigs,1026,Xing SMP Hairs and Wigs - Dint999.esp,D:\Wabbajack\modlists\DoD\mods\HDT-SMP Racemenu Hairs and Wigs\Xing SMP Hairs and Wigs - Dint999.esp,0x0100085E,_Dint_KS_BlackBullet_WigHDT,[KS] BlackBullet,plugin,Heavy,Light,Heavy,0.0,200,0.0,Hair; Long Hair,31; 41,ArmorHeavy; ArmorMaterialDaedric; ArmorHelmet; VendorItemArmor,0x0006BBD2; 0x0006BBD4; 0x0006C0EE; 0x0008F959,ArmorMaterialDaedric,ArmorHelmet,VendorItemArmor,,,KS Hairdo's\HDT_dint999\go\go.nif,KS Hairdo's\HDT_dint999\go\go.nif
DoD,D:\Wabbajack\modlists\DoD,Diaries of Dibella - Lord's Vision,HDT-SMP Racemenu Hairs and Wigs,1026,Xing SMP Hairs and Wigs - Dint999.esp,D:\Wabbajack\modlists\DoD\mods\HDT-SMP Racemenu Hairs and Wigs\Xing SMP Hairs and Wigs - Dint999.esp,0x01000862,_Dint_KS_Shepherd_WigHDT,[KS] Shepherd,plugin,Heavy,Light,Heavy,0.0,200,0.0,Hair; Long Hair,31; 41,ArmorHeavy; ArmorMaterialDaedric; ArmorHelmet; VendorItemArmor,0x0006BBD2; 0x0006BBD4; 0x0006C0EE; 0x0008F959,ArmorMaterialDaedric,ArmorHelmet,VendorItemArmor,,,KS Hairdo's\HDT_dint999\go\go.nif,
DoD,D:\Wabbajack\modlists\DoD,Diaries of Dibella - Lord's Vision,HDT-SMP Racemenu Hairs and Wigs,1026,Xing SMP Hairs and Wigs - Dint999.esp,D:\Wabbajack\modlists\DoD\mods\HDT-SMP Racemenu Hairs and Wigs\Xing SMP Hairs and Wigs - Dint999.esp,0x01000866,_Dint_KS_Sunshine_WigHDT,[KS] Sunshine,plugin,Heavy,Light,Heavy,0.0,200,0.0,Hair; Long Hair,31; 41,ArmorHeavy; ArmorMaterialDaedric; ArmorHelmet; VendorItemArmor,0x0006BBD2; 0x0006BBD4; 0x0006C0EE; 0x0008F959,ArmorMaterialDaedric,ArmorHelmet,VendorItemArmor,,,KS Hairdo's\HDT_dint999\go\go.nif,
DoD,D:\Wabbajack\modlists\DoD,Diaries of Dibella - Lord's Vision,HDT-SMP Racemenu Hairs and Wigs,1026,Xing SMP Hairs and Wigs - Dint999.esp,D:\Wabbajack\modlists\DoD\mods\HDT-SMP Racemenu Hairs and Wigs\Xing SMP Hairs and Wigs - Dint999.esp,0x0100086A,_Dint_KS_Venus_WigHDT,[KS] Venus,plugin,Heavy,Light,Heavy,0.0,200,0.0,Hair; Long Hair,31; 41,ArmorHeavy; ArmorMaterialDaedric; ArmorHelmet; VendorItemArmor,0x0006BBD2; 0x0006BBD4; 0x0006C0EE; 0x0008F959,ArmorMaterialDaedric,ArmorHelmet,VendorItemArmor,,,KS Hairdo's\HDT_dint999\go\go.nif,
DoD,D:\Wabbajack\modlists\DoD,Diaries of Dibella - Lord's Vision,HDT-SMP Racemenu Hairs and Wigs,1026,Xing SMP Hairs and Wigs - Dint999.esp,D:\Wabbajack\modlists\DoD\mods\HDT-SMP Racemenu Hairs and Wigs\Xing SMP Hairs and Wigs - Dint999.esp,0x01000877,_Dint_KS_Sparks_WigHDT,[KS] Sparks,plugin,Heavy,Light,Heavy,0.0,200,0.0,Hair; Long Hair,31; 41,ArmorHeavy; ArmorMaterialDaedric; ArmorHelmet; VendorItemArmor,0x0006BBD2; 0x0006BBD4; 0x0006C0EE; 0x0008F959,ArmorMaterialDaedric,ArmorHelmet,VendorItemArmor,,,KS Hairdo's\HDT_dint999\go\go.nif,
DoD,D:\Wabbajack\modlists\DoD,Diaries of Dibella - Lord's Vision,HDT-SMP Racemenu Hairs and Wigs,1026,Xing SMP Hairs and Wigs - Dint999.esp,D:\Wabbajack\modlists\DoD\mods\HDT-SMP Racemenu Hairs and Wigs\Xing SMP Hairs and Wigs - Dint999.esp,0x01000880,_Dint_KS_haircoolsims89_WigHDT,[SG] Haircoolsims89,plugin,Heavy,Light,Heavy,0.0,200,0.0,Hair; Long Hair,31; 41,ArmorHeavy; ArmorMaterialDaedric; ArmorHelmet; VendorItemArmor,0x0006BBD2; 0x0006BBD4; 0x0006C0EE; 0x0008F959,ArmorMaterialDaedric,ArmorHelmet,VendorItemArmor,,,SGhairs\HDT_dint999\go\go.nif,
DoD,D:\Wabbajack\modlists\DoD,Diaries of Dibella - Lord's Vision,HDT-SMP Racemenu Hairs and Wigs,1026,Xing SMP Hairs and Wigs - Dint999.esp,D:\Wabbajack\modlists\DoD\mods\HDT-SMP Racemenu Hairs and Wigs\Xing SMP Hairs and Wigs - Dint999.esp,0x01000884,_Dint_KS_Sky084_WigHDT,[KS] Sky084,plugin,Heavy,Light,Heavy,0.0,200,0.0,Hair; Long Hair,31; 41,ArmorHeavy; ArmorMaterialDaedric; ArmorHelmet; VendorItemArmor,0x0006BBD2; 0x0006BBD4; 0x0006C0EE; 0x0008F959,ArmorMaterialDaedric,ArmorHelmet,VendorItemArmor,,,KS Hairdo's\HDT_dint999\go\go.nif,
DoD,D:\Wabbajack\modlists\DoD,Diaries of Dibella - Lord's Vision,HDT-SMP Racemenu Hairs and Wigs,1026,Xing SMP Hairs and Wigs - Dint999.esp,D:\Wabbajack\modlists\DoD\mods\HDT-SMP Racemenu Hairs and Wigs\Xing SMP Hairs and Wigs - Dint999.esp,0x01000888,_Dint_KS_Butterfly098_WigHDT,[KS] Butterfly098,plugin,Heavy,Light,Heavy,0.0,200,0.0,Hair; Long Hair,31; 41,ArmorHeavy; ArmorMaterialDaedric; ArmorHelmet; VendorItemArmor,0x0006BBD2; 0x0006BBD4; 0x0006C0EE; 0x0008F959,ArmorMaterialDaedric,ArmorHelmet,VendorItemArmor,,,KS Hairdo's\HDT_dint999\go\go.nif,
DoD,D:\Wabbajack\modlists\DoD,Diaries of Dibella - Lord's Vision,HDT-SMP Racemenu Hairs and Wigs,1026,Xing SMP Hairs and Wigs - Dint999.esp,D:\Wabbajack\modlists\DoD\mods\HDT-SMP Racemenu Hairs and Wigs\Xing SMP Hairs and Wigs - Dint999.esp,0x01000893,_Dint_KS_Dawn_WigHDT,[KS] Dawn,plugin,Heavy,Light,Heavy,0.0,200,0.0,Hair; Long Hair,31; 41,ArmorHeavy; ArmorMaterialDaedric; ArmorHelmet; VendorItemArmor,0x0006BBD2; 0x0006BBD4; 0x0006C0EE; 0x0008F959,ArmorMaterialDaedric,ArmorHelmet,VendorItemArmor,,,KS Hairdo's\HDT_dint999\go\go.nif,
DoD,D:\Wabbajack\modlists\DoD,Diaries of Dibella - Lord's Vision,HDT-SMP Racemenu Hairs and Wigs,1026,Xing SMP Hairs and Wigs - Dint999.esp,D:\Wabbajack\modlists\DoD\mods\HDT-SMP Racemenu Hairs and Wigs\Xing SMP Hairs and Wigs - Dint999.esp,0x0100089A,_Dint_KS_SailAway_WigHDT,[KS] SailAway,plugin,Heavy,Light,Heavy,0.0,200,0.0,Hair; Long Hair,31; 41,ArmorHeavy; ArmorMaterialDaedric; ArmorHelmet; VendorItemArmor,0x0006BBD2; 0x0006BBD4; 0x0006C0EE; 0x0008F959,ArmorMaterialDaedric,ArmorHelmet,VendorItemArmor,,,KS Hairdo's\HDT_dint999\go\go.nif,
DoD,D:\Wabbajack\modlists\DoD,Diaries of Dibella - Lord's Vision,HDT-SMP Racemenu Hairs and Wigs,1026,Xing SMP Hairs and Wigs - Dint999.esp,D:\Wabbajack\modlists\DoD\mods\HDT-SMP Racemenu Hairs and Wigs\Xing SMP Hairs and Wigs - Dint999.esp,0x0100089F,_Dint_SGhairginko02WigHDT,[SG] Ginko02,plugin,Heavy,Light,Heavy,0.0,200,0.0,Hair; Long Hair,31; 41,ArmorHeavy; ArmorMaterialDaedric; ArmorHelmet; VendorItemArmor,0x0006BBD2; 0x0006BBD4; 0x0006C0EE; 0x0008F959,ArmorMaterialDaedric,ArmorHelmet,VendorItemArmor,,,SGhairs\HDT_dint999\go\go.nif,
DoD,D:\Wabbajack\modlists\DoD,Diaries of Dibella - Lord's Vision,HDT-SMP Racemenu Hairs and Wigs,1026,Xing SMP Hairs and Wigs - Dint999.esp,D:\Wabbajack\modlists\DoD\mods\HDT-SMP Racemenu Hairs and Wigs\Xing SMP Hairs and Wigs - Dint999.esp,0x010008A8,_Dint_KS_Kaysa_WigHDT,[KS] Kaysa,plugin,Heavy,Light,Heavy,0.0,200,0.0,Hair; Long Hair,31; 41,ArmorHeavy; ArmorMaterialDaedric; ArmorHelmet; VendorItemArmor,0x0006BBD2; 0x0006BBD4; 0x0006C0EE; 0x0008F959,ArmorMaterialDaedric,ArmorHelmet,VendorItemArmor,,,KS Hairdo's\HDT_dint999\go\go.nif,
DoD,D:\Wabbajack\modlists\DoD,Diaries of Dibella - Lord's Vision,HDT-SMP Racemenu Hairs and Wigs,1026,Xing SMP Hairs and Wigs - Dint999.esp,D:\Wabbajack\modlists\DoD\mods\HDT-SMP Racemenu Hairs and Wigs\Xing SMP Hairs and Wigs - Dint999.esp,0x010008AF,_Dint_KS_BlossomStory_WigHDT,[KS] Blossom Story,plugin,Heavy,Light,Heavy,0.0,200,0.0,Hair; Long Hair,31; 41,ArmorHeavy; ArmorMaterialDaedric; ArmorHelmet; VendorItemArmor,0x0006BBD2; 0x0006BBD4; 0x0006C0EE; 0x0008F959,ArmorMaterialDaedric,ArmorHelmet,VendorItemArmor,,,KS Hairdo's\HDT_dint999\go\go.nif,
DoD,D:\Wabbajack\modlists\DoD,Diaries of Dibella - Lord's Vision,HDT-SMP Racemenu Hairs and Wigs,1026,Xing SMP Hairs and Wigs - Dint999.esp,D:\Wabbajack\modlists\DoD\mods\HDT-SMP Racemenu Hairs and Wigs\Xing SMP Hairs and Wigs - Dint999.esp,0x010008B6,_Dint_KS_SirenForest_WigHDT,[KS] Siren Forest,plugin,Heavy,Light,Heavy,0.0,200,0.0,Hair; Long Hair,31; 41,ArmorHeavy; ArmorMaterialDaedric; ArmorHelmet; VendorItemArmor,0x0006BBD2; 0x0006BBD4; 0x0006C0EE; 0x0008F959,ArmorMaterialDaedric,ArmorHelmet,VendorItemArmor,,,KS Hairdo's\HDT_dint999\go\go.nif,
DoD,D:\Wabbajack\modlists\DoD,Diaries of Dibella - Lord's Vision,HDT-SMP Racemenu Hairs and Wigs,1026,Xing SMP Hairs and Wigs - Dint999.esp,D:\Wabbajack\modlists\DoD\mods\HDT-SMP Racemenu Hairs and Wigs\Xing SMP Hairs and Wigs - Dint999.esp,0x010008BD,_Dint_KS_Steammist_WigHDT,[KS] Steammist,plugin,Heavy,Light,Heavy,0.0,200,0.0,Hair; Long Hair,31; 41,ArmorHeavy; ArmorMaterialDaedric; ArmorHelmet; VendorItemArmor,0x0006BBD2; 0x0006BBD4; 0x0006C0EE; 0x0008F959,ArmorMaterialDaedric,ArmorHelmet,VendorItemArmor,,,KS Hairdo's\HDT_dint999\go\go.nif,
DoD,D:\Wabbajack\modlists\DoD,Diaries of Dibella - Lord's Vision,HDT-SMP Racemenu Hairs and Wigs,1026,Xing SMP Hairs and Wigs - Dint999.esp,D:\Wabbajack\modlists\DoD\mods\HDT-SMP Racemenu Hairs and Wigs\Xing SMP Hairs and Wigs - Dint999.esp,0x010008C4,_Dint_KS_Dreamgirl_WigHDT,[KS] Dreamgirl,plugin,Heavy,Light,Heavy,0.0,200,0.0,Hair; Long Hair,31; 41,ArmorHeavy; ArmorMaterialDaedric; ArmorHelmet; VendorItemArmor,0x0006BBD2; 0x0006BBD4; 0x0006C0EE; 0x0008F959,ArmorMaterialDaedric,ArmorHelmet,VendorItemArmor,,,KS Hairdo's\HDT_dint999\go\go.nif,
DoD,D:\Wabbajack\modlists\DoD,Diaries of Dibella - Lord's Vision,HDT-SMP Racemenu Hairs and Wigs,1026,Xing SMP Hairs and Wigs - Dint999.esp,D:\Wabbajack\modlists\DoD\mods\HDT-SMP Racemenu Hairs and Wigs\Xing SMP Hairs and Wigs - Dint999.esp,0x010008CB,_Dint_KS_Anchor_WigHDT,[KS] Anchor,plugin,Heavy,Light,Heavy,0.0,200,0.0,Hair; Long Hair,31; 41,ArmorHeavy; ArmorMaterialDaedric; ArmorHelmet; VendorItemArmor,0x0006BBD2; 0x0006BBD4; 0x0006C0EE; 0x0008F959,ArmorMaterialDaedric,ArmorHelmet,VendorItemArmor,,,KS Hairdo's\HDT_dint999\go\go.nif,
DoD,D:\Wabbajack\modlists\DoD,Diaries of Dibella - Lord's Vision,HDT-SMP Racemenu Hairs and Wigs,1026,Xing SMP Hairs and Wigs - Dint999.esp,D:\Wabbajack\modlists\DoD\mods\HDT-SMP Racemenu Hairs and Wigs\Xing SMP Hairs and Wigs - Dint999.esp,0x010008D2,_Dint_KS_Aquaria_WigHDT,[KS] Aquaria,plugin,Heavy,Light,Heavy,0.0,200,0.0,Hair; Long Hair,31; 41,ArmorHeavy; ArmorMaterialDaedric; ArmorHelmet; VendorItemArmor,0x0006BBD2; 0x0006BBD4; 0x0006C0EE; 0x0008F959,ArmorMaterialDaedric,ArmorHelmet,VendorItemArmor,,,KS Hairdo's\HDT_dint999\go\go.nif,
DoD,D:\Wabbajack\modlists\DoD,Diaries of Dibella - Lord's Vision,HDT-SMP Racemenu Hairs and Wigs,1026,Xing SMP Hairs and Wigs - Dint999.esp,D:\Wabbajack\modlists\DoD\mods\HDT-SMP Racemenu Hairs and Wigs\Xing SMP Hairs and Wigs - Dint999.esp,0x010008DA,_Dint_KS_Mhysa_WigHDT,[KS] Mhysa,plugin,Heavy,Light,Heavy,0.0,200,0.0,Hair; Long Hair,31; 41,ArmorHeavy; ArmorMaterialDaedric; ArmorHelmet; VendorItemArmor,0x0006BBD2; 0x0006BBD4; 0x0006C0EE; 0x0008F959,ArmorMaterialDaedric,ArmorHelmet,VendorItemArmor,,,KS Hairdo's\HDT_dint999\go\go.nif,
DoD,D:\Wabbajack\modlists\DoD,Diaries of Dibella - Lord's Vision,HDT-SMP Racemenu Hairs and Wigs,1026,Xing SMP Hairs and Wigs - Dint999.esp,D:\Wabbajack\modlists\DoD\mods\HDT-SMP Racemenu Hairs and Wigs\Xing SMP Hairs and Wigs - Dint999.esp,0x010008E1,_Dint_KS_Dracarys_WigHDT,[KS] Dracarys,plugin,Heavy,Light,Heavy,0.0,200,0.0,Hair; Long Hair,31; 41,ArmorHeavy; ArmorMaterialDaedric; ArmorHelmet; VendorItemArmor,0x0006BBD2; 0x0006BBD4; 0x0006C0EE; 0x0008F959,ArmorMaterialDaedric,ArmorHelmet,VendorItemArmor,,,KS Hairdo's\HDT_dint999\go\go.nif,
DoD,D:\Wabbajack\modlists\DoD,Diaries of Dibella - Lord's Vision,HDT-SMP Racemenu Hairs and Wigs,1026,Xing SMP Hairs and Wigs - Dint999.esp,D:\Wabbajack\modlists\DoD\mods\HDT-SMP Racemenu Hairs and Wigs\Xing SMP Hairs and Wigs - Dint999.esp,0x010008E8,_Dint_KS_Cambrian_WigHDT,[KS] Cambrian,plugin,Heavy,Light,Heavy,0.0,200,0.0,Hair; Long Hair,31; 41,ArmorHeavy; ArmorMaterialDaedric; ArmorHelmet; VendorItemArmor,0x0006BBD2; 0x0006BBD4; 0x0006C0EE; 0x0008F959,ArmorMaterialDaedric,ArmorHelmet,VendorItemArmor,,,KS Hairdo's\HDT_dint999\go\go.nif,
DoD,D:\Wabbajack\modlists\DoD,Diaries of Dibella - Lord's Vision,HDT-SMP Racemenu Hairs and Wigs,1026,Xing SMP Hairs and Wigs - Dint999.esp,D:\Wabbajack\modlists\DoD\mods\HDT-SMP Racemenu Hairs and Wigs\Xing SMP Hairs and Wigs - Dint999.esp,0x010008EF,_Dint_KS_Daydream_WigHDT,[KS] Daydream,plugin,Heavy,Light,Heavy,0.0,200,0.0,Hair; Long Hair,31; 41,ArmorHeavy; ArmorMaterialDaedric; ArmorHelmet; VendorItemArmor,0x0006BBD2; 0x0006BBD4; 0x0006C0EE; 0x0008F959,ArmorMaterialDaedric,ArmorHelmet,VendorItemArmor,,,KS Hairdo's\HDT_dint999\go\go.nif,
DoD,D:\Wabbajack\modlists\DoD,Diaries of Dibella - Lord's Vision,HDT-SMP Racemenu Hairs and Wigs,1026,Xing SMP Hairs and Wigs - Dint999.esp,D:\Wabbajack\modlists\DoD\mods\HDT-SMP Racemenu Hairs and Wigs\Xing SMP Hairs and Wigs - Dint999.esp,0x010008F6,_Dint_KS_Clover_WigHDT,[KS] Clover,plugin,Heavy,Light,Heavy,0.0,200,0.0,Hair; Long Hair,31; 41,ArmorHeavy; ArmorMaterialDaedric; ArmorHelmet; VendorItemArmor,0x0006BBD2; 0x0006BBD4; 0x0006C0EE; 0x0008F959,ArmorMaterialDaedric,ArmorHelmet,VendorItemArmor,,,KS Hairdo's\HDT_dint999\go\go.nif,
DoD,D:\Wabbajack\modlists\DoD,Diaries of Dibella - Lord's Vision,HDT-SMP Racemenu Hairs and Wigs,1026,Xing SMP Hairs and Wigs - Dint999.esp,D:\Wabbajack\modlists\DoD\mods\HDT-SMP Racemenu Hairs and Wigs\Xing SMP Hairs and Wigs - Dint999.esp,0x010008FD,_Dint_KS_Galactic_WigHDT,[KS] Galactic,plugin,Heavy,Light,Heavy,0.0,200,0.0,Hair; Long Hair,31; 41,ArmorHeavy; ArmorMaterialDaedric; ArmorHelmet; VendorItemArmor,0x0006BBD2; 0x0006BBD4; 0x0006C0EE; 0x0008F959,ArmorMaterialDaedric,ArmorHelmet,VendorItemArmor,,,KS Hairdo's\HDT_dint999\go\go.nif,
DoD,D:\Wabbajack\modlists\DoD,Diaries of Dibella - Lord's Vision,HDT-SMP Racemenu Hairs and Wigs,1026,Xing SMP Hairs and Wigs - Dint999.esp,D:\Wabbajack\modlists\DoD\mods\HDT-SMP Racemenu Hairs and Wigs\Xing SMP Hairs and Wigs - Dint999.esp,0x01000904,_Dint_KS_Soundwave_WigHDT,[KS] Soundwave,plugin,Heavy,Light,Heavy,0.0,200,0.0,Hair; Long Hair,31; 41,ArmorHeavy; ArmorMaterialDaedric; ArmorHelmet; VendorItemArmor,0x0006BBD2; 0x0006BBD4; 0x0006C0EE; 0x0008F959,ArmorMaterialDaedric,ArmorHelmet,VendorItemArmor,,,KS Hairdo's\HDT_dint999\go\go.nif,
DoD,D:\Wabbajack\modlists\DoD,Diaries of Dibella - Lord's Vision,HDT-SMP Racemenu Hairs and Wigs,1026,Xing SMP Hairs and Wigs - Dint999.esp,D:\Wabbajack\modlists\DoD\mods\HDT-SMP Racemenu Hairs and Wigs\Xing SMP Hairs and Wigs - Dint999.esp,0x0100090C,_Dint_KS_Temptress_WigHDT,[KS] Temptress,plugin,Heavy,Light,Heavy,0.0,200,0.0,Hair; Long Hair,31; 41,ArmorHeavy; ArmorMaterialDaedric; ArmorHelmet; VendorItemArmor,0x0006BBD2; 0x0006BBD4; 0x0006C0EE; 0x0008F959,ArmorMaterialDaedric,ArmorHelmet,VendorItemArmor,,,KS Hairdo's\HDT_dint999\go\go.nif,
DoD,D:\Wabbajack\modlists\DoD,Diaries of Dibella - Lord's Vision,HDT-SMP Racemenu Hairs and Wigs,1026,Xing SMP Hairs and Wigs - Dint999.esp,D:\Wabbajack\modlists\DoD\mods\HDT-SMP Racemenu Hairs and Wigs\Xing SMP Hairs and Wigs - Dint999.esp,0x0100090E,_Dint_KS_Spectrum_WigHDT,[KS] Spectrum,plugin,Heavy,Light,Heavy,0.0,200,0.0,Hair; Long Hair,31; 41,ArmorHeavy; ArmorMaterialDaedric; ArmorHelmet; VendorItemArmor,0x0006BBD2; 0x0006BBD4; 0x0006C0EE; 0x0008F959,ArmorMaterialDaedric,ArmorHelmet,VendorItemArmor,,,KS Hairdo's\HDT_dint999\go\go.nif,
DoD,D:\Wabbajack\modlists\DoD,Diaries of Dibella - Lord's Vision,HDT-SMP Racemenu Hairs and Wigs,1026,Xing SMP Hairs and Wigs - Dint999.esp,D:\Wabbajack\modlists\DoD\mods\HDT-SMP Racemenu Hairs and Wigs\Xing SMP Hairs and Wigs - Dint999.esp,0x01000919,_Dint_KS_Firenze_WigHDT,[KS] Firenze,plugin,Heavy,Light,Heavy,0.0,200,0.0,Hair; Long Hair,31; 41,ArmorHeavy; ArmorMaterialDaedric; ArmorHelmet; VendorItemArmor,0x0006BBD2; 0x0006BBD4; 0x0006C0EE; 0x0008F959,ArmorMaterialDaedric,ArmorHelmet,VendorItemArmor,,,KS Hairdo's\HDT_dint999\go\go.nif,
DoD,D:\Wabbajack\modlists\DoD,Diaries of Dibella - Lord's Vision,HDT-SMP Racemenu Hairs and Wigs,1026,Xing SMP Hairs and Wigs - Dint999.esp,D:\Wabbajack\modlists\DoD\mods\HDT-SMP Racemenu Hairs and Wigs\Xing SMP Hairs and Wigs - Dint999.esp,0x01000920,_Dint_KS_Hourglass_WigHDT,[KS] Hourglass,plugin,Heavy,Light,Heavy,0.0,200,0.0,Hair; Long Hair,31; 41,ArmorHeavy; ArmorMaterialDaedric; ArmorHelmet; VendorItemArmor,0x0006BBD2; 0x0006BBD4; 0x0006C0EE; 0x0008F959,ArmorMaterialDaedric,ArmorHelmet,VendorItemArmor,,,KS Hairdo's\HDT_dint999\go\go.nif,
DoD,D:\Wabbajack\modlists\DoD,Diaries of Dibella - Lord's Vision,HDT-SMP Racemenu Hairs and Wigs,1026,Xing SMP Hairs and Wigs - Dint999.esp,D:\Wabbajack\modlists\DoD\mods\HDT-SMP Racemenu Hairs and Wigs\Xing SMP Hairs and Wigs - Dint999.esp,0x01000927,_Dint_KS_Equanimity_WigHDT,[KS] Equanimity,plugin,Heavy,Light,Heavy,0.0,200,0.0,Hair; Long Hair,31; 41,ArmorHeavy; ArmorMaterialDaedric; ArmorHelmet; VendorItemArmor,0x0006BBD2; 0x0006BBD4; 0x0006C0EE; 0x0008F959,ArmorMaterialDaedric,ArmorHelmet,VendorItemArmor,,,KS Hairdo's\HDT_dint999\go\go.nif,KS Hairdo's\HDT_dint999\go\go.nif
DoD,D:\Wabbajack\modlists\DoD,Diaries of Dibella - Lord's Vision,HDT-SMP Racemenu Hairs and Wigs,1026,Xing SMP Hairs and Wigs - Dint999.esp,D:\Wabbajack\modlists\DoD\mods\HDT-SMP Racemenu Hairs and Wigs\Xing SMP Hairs and Wigs - Dint999.esp,0x0100092E,_Dint_KS_Gem_WigHDT,[KS] Gem,plugin,Heavy,Light,Heavy,0.0,200,0.0,Hair; Long Hair,31; 41,ArmorHeavy; ArmorMaterialDaedric; ArmorHelmet; VendorItemArmor,0x0006BBD2; 0x0006BBD4; 0x0006C0EE; 0x0008F959,ArmorMaterialDaedric,ArmorHelmet,VendorItemArmor,,,KS Hairdo's\HDT_dint999\go\go.nif,
DoD,D:\Wabbajack\modlists\DoD,Diaries of Dibella - Lord's Vision,HDT-SMP Racemenu Hairs and Wigs,1026,Xing SMP Hairs and Wigs - Dint999.esp,D:\Wabbajack\modlists\DoD\mods\HDT-SMP Racemenu Hairs and Wigs\Xing SMP Hairs and Wigs - Dint999.esp,0x01000935,_Dint_KS_Veneris_WigHDT,[KS] Veneris,plugin,Heavy,Light,Heavy,0.0,200,0.0,Hair; Long Hair,31; 41,ArmorHeavy; ArmorMaterialDaedric; ArmorHelmet; VendorItemArmor,0x0006BBD2; 0x0006BBD4; 0x0006C0EE; 0x0008F959,ArmorMaterialDaedric,ArmorHelmet,VendorItemArmor,,,KS Hairdo's\HDT_dint999\go\go.nif,
DoD,D:\Wabbajack\modlists\DoD,Diaries of Dibella - Lord's Vision,HDT-SMP Racemenu Hairs and Wigs,1026,Xing SMP Hairs and Wigs - Dint999.esp,D:\Wabbajack\modlists\DoD\mods\HDT-SMP Racemenu Hairs and Wigs\Xing SMP Hairs and Wigs - Dint999.esp,0x0100093C,_Dint_SGhairsidebraidsWigHDT,[SG] Sidebraids,plugin,Heavy,Light,Heavy,0.0,200,0.0,Hair; Long Hair,31; 41,ArmorHeavy; ArmorMaterialDaedric; ArmorHelmet; VendorItemArmor,0x0006BBD2; 0x0006BBD4; 0x0006C0EE; 0x0008F959,ArmorMaterialDaedric,ArmorHelmet,VendorItemArmor,,,SGhairs\HDT_dint999\go\go.nif,
DoD,D:\Wabbajack\modlists\DoD,Diaries of Dibella - Lord's Vision,HDT-SMP Racemenu Hairs and Wigs,1026,Xing SMP Hairs and Wigs - Dint999.esp,D:\Wabbajack\modlists\DoD\mods\HDT-SMP Racemenu Hairs and Wigs\Xing SMP Hairs and Wigs - Dint999.esp,0x01000944,_Dint_KS_Shieldmaiden_WigHDT,[KS] Shieldmaiden,plugin,Heavy,Light,Heavy,0.0,200,0.0,Hair; Long Hair,31; 41,ArmorHeavy; ArmorMaterialDaedric; ArmorHelmet; VendorItemArmor,0x0006BBD2; 0x0006BBD4; 0x0006C0EE; 0x0008F959,ArmorMaterialDaedric,ArmorHelmet,VendorItemArmor,,,KS Hairdo's\HDT_dint999\go\go.nif,
DoD,D:\Wabbajack\modlists\DoD,Diaries of Dibella - Lord's Vision,HDT-SMP Racemenu Hairs and Wigs,1026,Xing SMP Hairs and Wigs - Dint999.esp,D:\Wabbajack\modlists\DoD\mods\HDT-SMP Racemenu Hairs and Wigs\Xing SMP Hairs and Wigs - Dint999.esp,0x01000948,_Dint_KS_Sky207_WigHDT,[KS] Sky207,plugin,Heavy,Light,Heavy,0.0,200,0.0,Hair; Long Hair,31; 41,ArmorHeavy; ArmorMaterialDaedric; ArmorHelmet; VendorItemArmor,0x0006BBD2; 0x0006BBD4; 0x0006C0EE; 0x0008F959,ArmorMaterialDaedric,ArmorHelmet,VendorItemArmor,,,KS Hairdo's\HDT_dint999\go\go.nif,
DoD,D:\Wabbajack\modlists\DoD,Diaries of Dibella - Lord's Vision,HDT-SMP Racemenu Hairs and Wigs,1026,Xing SMP Hairs and Wigs - Dint999.esp,D:\Wabbajack\modlists\DoD\mods\HDT-SMP Racemenu Hairs and Wigs\Xing SMP Hairs and Wigs - Dint999.esp,0x01000951,_Dint_KS_DragonStone_WigHDT,[KS] DragonStone,plugin,Heavy,Light,Heavy,0.0,200,0.0,Hair; Long Hair,31; 41,ArmorHeavy; ArmorMaterialDaedric; ArmorHelmet; VendorItemArmor,0x0006BBD2; 0x0006BBD4; 0x0006C0EE; 0x0008F959,ArmorMaterialDaedric,ArmorHelmet,VendorItemArmor,,,KS Hairdo's\HDT_dint999\go\go.nif,
DoD,D:\Wabbajack\modlists\DoD,Diaries of Dibella - Lord's Vision,HDT-SMP Racemenu Hairs and Wigs,1026,Xing SMP Hairs and Wigs - Dint999.esp,D:\Wabbajack\modlists\DoD\mods\HDT-SMP Racemenu Hairs and Wigs\Xing SMP Hairs and Wigs - Dint999.esp,0x01000801,_Dint_KSAmberLWigHDT,[KS] Amber Lights,plugin,Heavy,Light,Heavy,0.0,200,0.0,Hair; Long Hair,31; 41,ArmorHeavy; ArmorMaterialDaedric; ArmorHelmet; VendorItemArmor,0x0006BBD2; 0x0006BBD4; 0x0006C0EE; 0x0008F959,ArmorMaterialDaedric,ArmorHelmet,VendorItemArmor,,,KS Hairdo's\HDT_dint999\go\go.nif,
DoD,D:\Wabbajack\modlists\DoD,Diaries of Dibella - Lord's Vision,HDT-SMP Racemenu Hairs and Wigs,1026,Xing SMP Hairs and Wigs - Dint999.esp,D:\Wabbajack\modlists\DoD\mods\HDT-SMP Racemenu Hairs and Wigs\Xing SMP Hairs and Wigs - Dint999.esp,0x01000814,_Dint_KSHelloWigHDT,[KS] Hello,plugin,Heavy,Light,Heavy,0.0,200,0.0,Hair; Long Hair,31; 41,ArmorHeavy; ArmorMaterialDaedric; ArmorHelmet; VendorItemArmor,0x0006BBD2; 0x0006BBD4; 0x0006C0EE; 0x0008F959,ArmorMaterialDaedric,ArmorHelmet,VendorItemArmor,,,KS Hairdo's\HDT_dint999\go\go.nif,
DoD,D:\Wabbajack\modlists\DoD,Diaries of Dibella - Lord's Vision,HDT-SMP Racemenu Hairs and Wigs,1026,Xing SMP Hairs and Wigs - Dint999.esp,D:\Wabbajack\modlists\DoD\mods\HDT-SMP Racemenu Hairs and Wigs\Xing SMP Hairs and Wigs - Dint999.esp,0x01000969,_Dint_HG_Wen_WigHDT,[HG] Wen,plugin,Heavy,Light,Heavy,0.0,200,0.0,Hair; Long Hair,31; 41,ArmorHeavy; ArmorMaterialDaedric; ArmorHelmet; VendorItemArmor,0x0006BBD2; 0x0006BBD4; 0x0006C0EE; 0x0008F959,ArmorMaterialDaedric,ArmorHelmet,VendorItemArmor,,,KS Hairdo's\HDT_dint999\go\go.nif,
DoD,D:\Wabbajack\modlists\DoD,Diaries of Dibella - Lord's Vision,HDT-SMP Racemenu Hairs and Wigs,1026,Xing SMP Hairs and Wigs - Dint999.esp,D:\Wabbajack\modlists\DoD\mods\HDT-SMP Racemenu Hairs and Wigs\Xing SMP Hairs and Wigs - Dint999.esp,0x0100096D,_Dint_KS_Fragile_WigHDT,[KS] Fragile,plugin,Heavy,Light,Heavy,0.0,200,0.0,Hair; Long Hair,31; 41,ArmorHeavy; ArmorMaterialDaedric; ArmorHelmet; VendorItemArmor,0x0006BBD2; 0x0006BBD4; 0x0006C0EE; 0x0008F959,ArmorMaterialDaedric,ArmorHelmet,VendorItemArmor,,,KS Hairdo's\HDT_dint999\go\go.nif,
DoD,D:\Wabbajack\modlists\DoD,Diaries of Dibella - Lord's Vision,HDT-SMP Racemenu Hairs and Wigs,1026,Xing SMP Hairs and Wigs - Dint999.esp,D:\Wabbajack\modlists\DoD\mods\HDT-SMP Racemenu Hairs and Wigs\Xing SMP Hairs and Wigs - Dint999.esp,0x01000976,_Dint_SGhairlovelutionWigHDT,[SG] Lovelution,plugin,Heavy,Light,Heavy,0.0,200,0.0,Hair; Long Hair,31; 41,ArmorHeavy; ArmorMaterialDaedric; ArmorHelmet; VendorItemArmor,0x0006BBD2; 0x0006BBD4; 0x0006C0EE; 0x0008F959,ArmorMaterialDaedric,ArmorHelmet,VendorItemArmor,,,SGhairs\HDT_dint999\go\go.nif,
DoD,D:\Wabbajack\modlists\DoD,Diaries of Dibella - Lord's Vision,HDT-SMP Racemenu Hairs and Wigs,1026,Xing SMP Hairs and Wigs - Dint999.esp,D:\Wabbajack\modlists\DoD\mods\HDT-SMP Racemenu Hairs and Wigs\Xing SMP Hairs and Wigs - Dint999.esp,0x01000980,_Dint_HG_Wing614_WigHDT,[HG] Wing614,plugin,Heavy,Light,Heavy,0.0,200,0.0,Hair; Long Hair,31; 41,ArmorHeavy; ArmorMaterialDaedric; ArmorHelmet; VendorItemArmor,0x0006BBD2; 0x0006BBD4; 0x0006C0EE; 0x0008F959,ArmorMaterialDaedric,ArmorHelmet,VendorItemArmor,,,KS Hairdo's\HDT_dint999\go\go.nif,
DoD,D:\Wabbajack\modlists\DoD,Diaries of Dibella - Lord's Vision,HDT-SMP Racemenu Hairs and Wigs,1026,Xing SMP Hairs and Wigs - Dint999.esp,D:\Wabbajack\modlists\DoD\mods\HDT-SMP Racemenu Hairs and Wigs\Xing SMP Hairs and Wigs - Dint999.esp,0x01000984,_Dint_HG_LetsFrompiNu_WigHDT,[HG] Krissi,plugin,Heavy,Light,Heavy,0.0,200,0.0,Hair; Long Hair,31; 41,ArmorHeavy; ArmorMaterialDaedric; ArmorHelmet; VendorItemArmor,0x0006BBD2; 0x0006BBD4; 0x0006C0EE; 0x0008F959,ArmorMaterialDaedric,ArmorHelmet,VendorItemArmor,,,KS Hairdo's\HDT_dint999\go\go.nif,
DoD,D:\Wabbajack\modlists\DoD,Diaries of Dibella - Lord's Vision,HDT-SMP Racemenu Hairs and Wigs,1026,Xing SMP Hairs and Wigs - Dint999.esp,D:\Wabbajack\modlists\DoD\mods\HDT-SMP Racemenu Hairs and Wigs\Xing SMP Hairs and Wigs - Dint999.esp,0x0100098E,_Dint_SGhair25WigHDT,[SG] hair25,plugin,Heavy,Light,Heavy,0.0,200,0.0,Hair; Long Hair,31; 41,ArmorHeavy; ArmorMaterialDaedric; ArmorHelmet; VendorItemArmor,0x0006BBD2; 0x0006BBD4; 0x0006C0EE; 0x0008F959,ArmorMaterialDaedric,ArmorHelmet,VendorItemArmor,,,SGhairs\HDT_dint999\go\go.nif,
DoD,D:\Wabbajack\modlists\DoD,Diaries of Dibella - Lord's Vision,HDT-SMP Racemenu Hairs and Wigs,1026,Xing SMP Hairs and Wigs - Dint999.esp,D:\Wabbajack\modlists\DoD\mods\HDT-SMP Racemenu Hairs and Wigs\Xing SMP Hairs and Wigs - Dint999.esp,0x01000995,_Dint_KS_Sleeper_WigHDT,[KS] Sleeper,plugin,Heavy,Light,Heavy,0.0,200,0.0,Hair; Long Hair,31; 41,ArmorHeavy; ArmorMaterialDaedric; ArmorHelmet; VendorItemArmor,0x0006BBD2; 0x0006BBD4; 0x0006C0EE; 0x0008F959,ArmorMaterialDaedric,ArmorHelmet,VendorItemArmor,,,KS Hairdo's\HDT_dint999\go\go.nif,
DoD,D:\Wabbajack\modlists\DoD,Diaries of Dibella - Lord's Vision,HDT-SMP Racemenu Hairs and Wigs,1026,Xing SMP Hairs and Wigs - Dint999.esp,D:\Wabbajack\modlists\DoD\mods\HDT-SMP Racemenu Hairs and Wigs\Xing SMP Hairs and Wigs - Dint999.esp,0x0100099D,_Dint_SGhairWildsoulWigHDT,[SG] Wildsoul,plugin,Heavy,Light,Heavy,0.0,200,0.0,Hair; Long Hair,31; 41,ArmorHeavy; ArmorMaterialDaedric; ArmorHelmet; VendorItemArmor,0x0006BBD2; 0x0006BBD4; 0x0006C0EE; 0x0008F959,ArmorMaterialDaedric,ArmorHelmet,VendorItemArmor,,,SGhairs\HDT_dint999\go\go.nif,
DoD,D:\Wabbajack\modlists\DoD,Diaries of Dibella - Lord's Vision,HDT-SMP Racemenu Hairs and Wigs,1026,Xing SMP Hairs and Wigs - Dint999.esp,D:\Wabbajack\modlists\DoD\mods\HDT-SMP Racemenu Hairs and Wigs\Xing SMP Hairs and Wigs - Dint999.esp,0x010009A1,_Dint_KS_Heartquake_WigHDT,[KS] Heartquake,plugin,Heavy,Light,Heavy,0.0,200,0.0,Hair; Long Hair,31; 41,ArmorHeavy; ArmorMaterialDaedric; ArmorHelmet; VendorItemArmor,0x0006BBD2; 0x0006BBD4; 0x0006C0EE; 0x0008F959,ArmorMaterialDaedric,ArmorHelmet,VendorItemArmor,,,KS Hairdo's\HDT_dint999\go\go.nif,
DoD,D:\Wabbajack\modlists\DoD,Diaries of Dibella - Lord's Vision,HDT-SMP Racemenu Hairs and Wigs,1026,Xing SMP Hairs and Wigs - Dint999.esp,D:\Wabbajack\modlists\DoD\mods\HDT-SMP Racemenu Hairs and Wigs\Xing SMP Hairs and Wigs - Dint999.esp,0x010009AA,_Dint_HG_Vipress_WigHDT,[HG] Vipress,plugin,Heavy,Light,Heavy,0.0,200,0.0,Hair; Long Hair,31; 41,ArmorHeavy; ArmorMaterialDaedric; ArmorHelmet; VendorItemArmor,0x0006BBD2; 0x0006BBD4; 0x0006C0EE; 0x0008F959,ArmorMaterialDaedric,ArmorHelmet,VendorItemArmor,,,KS Hairdo's\HDT_dint999\go\go.nif,
DoD,D:\Wabbajack\modlists\DoD,Diaries of Dibella - Lord's Vision,HDT-SMP Racemenu Hairs and Wigs,1026,Xing SMP Hairs and Wigs - Dint999.esp,D:\Wabbajack\modlists\DoD\mods\HDT-SMP Racemenu Hairs and Wigs\Xing SMP Hairs and Wigs - Dint999.esp,0x010009AE,_Dint_HG_Vipress2_WigHDT,[HG] Vipress (no limits),plugin,Heavy,Light,Heavy,0.0,200,0.0,Hair; Long Hair,31; 41,ArmorHeavy; ArmorMaterialDaedric; ArmorHelmet; VendorItemArmor,0x0006BBD2; 0x0006BBD4; 0x0006C0EE; 0x0008F959,ArmorMaterialDaedric,ArmorHelmet,VendorItemArmor,,,KS Hairdo's\HDT_dint999\go\go.nif,
DoD,D:\Wabbajack\modlists\DoD,Diaries of Dibella - Lord's Vision,HDT-SMP Racemenu Hairs and Wigs,1026,Xing SMP Hairs and Wigs - Dint999.esp,D:\Wabbajack\modlists\DoD\mods\HDT-SMP Racemenu Hairs and Wigs\Xing SMP Hairs and Wigs - Dint999.esp,0x010009B7,_Dint_HG_Esmerald_WigHDT,[HG] Esmerald,plugin,Heavy,Light,Heavy,0.0,200,0.0,Hair; Long Hair,31; 41,ArmorHeavy; ArmorMaterialDaedric; ArmorHelmet; VendorItemArmor,0x0006BBD2; 0x0006BBD4; 0x0006C0EE; 0x0008F959,ArmorMaterialDaedric,ArmorHelmet,VendorItemArmor,,,KS Hairdo's\HDT_dint999\go\go.nif,
DoD,D:\Wabbajack\modlists\DoD,Diaries of Dibella - Lord's Vision,HDT-SMP Racemenu Hairs and Wigs,1026,Xing SMP Hairs and Wigs - Dint999.esp,D:\Wabbajack\modlists\DoD\mods\HDT-SMP Racemenu Hairs and Wigs\Xing SMP Hairs and Wigs - Dint999.esp,0x010009BE,_Dint_SGhairpg4385WigHDT,[SG] hairpg4385,plugin,Heavy,Light,Heavy,0.0,200,0.0,Hair; Long Hair,31; 41,ArmorHeavy; ArmorMaterialDaedric; ArmorHelmet; VendorItemArmor,0x0006BBD2; 0x0006BBD4; 0x0006C0EE; 0x0008F959,ArmorMaterialDaedric,ArmorHelmet,VendorItemArmor,,,SGhairs\HDT_dint999\go\go.nif,
DoD,D:\Wabbajack\modlists\DoD,Diaries of Dibella - Lord's Vision,HDT-SMP Racemenu Hairs and Wigs,1026,Xing SMP Hairs and Wigs - Dint999.esp,D:\Wabbajack\modlists\DoD\mods\HDT-SMP Racemenu Hairs and Wigs\Xing SMP Hairs and Wigs - Dint999.esp,0x010009CA,_Dint_HG_Lena_WigHDT,[HG] Lena,plugin,Heavy,Light,Heavy,0.0,200,0.0,Hair; Long Hair,31; 41,ArmorHeavy; ArmorMaterialDaedric; ArmorHelmet; VendorItemArmor,0x0006BBD2; 0x0006BBD4; 0x0006C0EE; 0x0008F959,ArmorMaterialDaedric,ArmorHelmet,VendorItemArmor,,,KS Hairdo's\HDT_dint999\go\go.nif,
DoD,D:\Wabbajack\modlists\DoD,Diaries of Dibella - Lord's Vision,HDT-SMP Racemenu Hairs and Wigs,1026,Xing SMP Hairs and Wigs - Dint999.esp,D:\Wabbajack\modlists\DoD\mods\HDT-SMP Racemenu Hairs and Wigs\Xing SMP Hairs and Wigs - Dint999.esp,0x010009CE,_Dint_HG_Gorum_WigHDT,[HG] Gorum,plugin,Heavy,Light,Heavy,0.0,200,0.0,Hair; Long Hair,31; 41,ArmorHeavy; ArmorMaterialDaedric; ArmorHelmet; VendorItemArmor,0x0006BBD2; 0x0006BBD4; 0x0006C0EE; 0x0008F959,ArmorMaterialDaedric,ArmorHelmet,VendorItemArmor,,,KS Hairdo's\HDT_dint999\go\go.nif,
DoD,D:\Wabbajack\modlists\DoD,Diaries of Dibella - Lord's Vision,HDT-SMP Racemenu Hairs and Wigs,1026,Xing SMP Hairs and Wigs - Dint999.esp,D:\Wabbajack\modlists\DoD\mods\HDT-SMP Racemenu Hairs and Wigs\Xing SMP Hairs and Wigs - Dint999.esp,0x010009D2,_Dint_KS_Tsugumi1_WigHDT,[KS] Tsugumi 1,plugin,Heavy,Light,Heavy,0.0,200,0.0,Hair; Long Hair,31; 41,ArmorHeavy; ArmorMaterialDaedric; ArmorHelmet; VendorItemArmor,0x0006BBD2; 0x0006BBD4; 0x0006C0EE; 0x0008F959,ArmorMaterialDaedric,ArmorHelmet,VendorItemArmor,,,KS Hairdo's\HDT_dint999\go\go.nif,
DoD,D:\Wabbajack\modlists\DoD,Diaries of Dibella - Lord's Vision,HDT-SMP Racemenu Hairs and Wigs,1026,Xing SMP Hairs and Wigs - Dint999.esp,D:\Wabbajack\modlists\DoD\mods\HDT-SMP Racemenu Hairs and Wigs\Xing SMP Hairs and Wigs - Dint999.esp,0x010009D6,_Dint_KS_Tsugumi2_WigHDT,[KS] Tsugumi 2,plugin,Heavy,Light,Heavy,0.0,200,0.0,Hair; Long Hair,31; 41,ArmorHeavy; ArmorMaterialDaedric; ArmorHelmet; VendorItemArmor,0x0006BBD2; 0x0006BBD4; 0x0006C0EE; 0x0008F959,ArmorMaterialDaedric,ArmorHelmet,VendorItemArmor,,,KS Hairdo's\HDT_dint999\go\go.nif,
DoD,D:\Wabbajack\modlists\DoD,Diaries of Dibella - Lord's Vision,HDT-SMP Racemenu Hairs and Wigs,1026,Xing SMP Hairs and Wigs - Dint999.esp,D:\Wabbajack\modlists\DoD\mods\HDT-SMP Racemenu Hairs and Wigs\Xing SMP Hairs and Wigs - Dint999.esp,0x010009DA,_Dint_KS_Tsugumi3_WigHDT,[KS] Tsugumi 3,plugin,Heavy,Light,Heavy,0.0,200,0.0,Hair; Long Hair,31; 41,ArmorHeavy; ArmorMaterialDaedric; ArmorHelmet; VendorItemArmor,0x0006BBD2; 0x0006BBD4; 0x0006C0EE; 0x0008F959,ArmorMaterialDaedric,ArmorHelmet,VendorItemArmor,,,KS Hairdo's\HDT_dint999\go\go.nif,
DoD,D:\Wabbajack\modlists\DoD,Diaries of Dibella - Lord's Vision,HDT-SMP Racemenu Hairs and Wigs,1026,Xing SMP Hairs and Wigs - Dint999.esp,D:\Wabbajack\modlists\DoD\mods\HDT-SMP Racemenu Hairs and Wigs\Xing SMP Hairs and Wigs - Dint999.esp,0x010009E9,_Dint_HG_Emori_WigHDT,[HG] Emori,plugin,Heavy,Light,Heavy,0.0,200,0.0,Hair; Long Hair,31; 41,ArmorHeavy; ArmorMaterialDaedric; ArmorHelmet; VendorItemArmor,0x0006BBD2; 0x0006BBD4; 0x0006C0EE; 0x0008F959,ArmorMaterialDaedric,ArmorHelmet,VendorItemArmor,,,KS Hairdo's\HDT_dint999\go\go.nif,
DoD,D:\Wabbajack\modlists\DoD,Diaries of Dibella - Lord's Vision,HDT-SMP Racemenu Hairs and Wigs,1026,Xing SMP Hairs and Wigs - Dint999.esp,D:\Wabbajack\modlists\DoD\mods\HDT-SMP Racemenu Hairs and Wigs\Xing SMP Hairs and Wigs - Dint999.esp,0x010009F0,_Dint_KS_Glow_WigHDT,[KS] Glow,plugin,Heavy,Light,Heavy,0.0,200,0.0,Hair; Long Hair,31; 41,ArmorHeavy; ArmorMaterialDaedric; ArmorHelmet; VendorItemArmor,0x0006BBD2; 0x0006BBD4; 0x0006C0EE; 0x0008F959,ArmorMaterialDaedric,ArmorHelmet,VendorItemArmor,,,KS Hairdo's\HDT_dint999\go\go.nif,
DoD,D:\Wabbajack\modlists\DoD,Diaries of Dibella - Lord's Vision,HDT-SMP Racemenu Hairs and Wigs,1026,Xing SMP Hairs and Wigs - Dint999.esp,D:\Wabbajack\modlists\DoD\mods\HDT-SMP Racemenu Hairs and Wigs\Xing SMP Hairs and Wigs - Dint999.esp,0x01000958,_Dint_HG_Lisa_WigHDT,[HG] Lisa,plugin,Heavy,Light,Heavy,0.0,200,0.0,Hair; Long Hair,31; 41,ArmorHeavy; ArmorMaterialDaedric; ArmorHelmet; VendorItemArmor,0x0006BBD2; 0x0006BBD4; 0x0006C0EE; 0x0008F959,ArmorMaterialDaedric,ArmorHelmet,VendorItemArmor,,,KS Hairdo's\HDT_dint999\go\go.nif,
DoD,D:\Wabbajack\modlists\DoD,Diaries of Dibella - Lord's Vision,HDT-SMP Racemenu Hairs and Wigs,1026,Xing SMP Hairs and Wigs - Dint999.esp,D:\Wabbajack\modlists\DoD\mods\HDT-SMP Racemenu Hairs and Wigs\Xing SMP Hairs and Wigs - Dint999.esp,0x01000961,_Dint_KS_Peppermint_WigHDT,[KS] Peppermint,plugin,Heavy,Light,Heavy,0.0,200,0.0,Hair; Long Hair,31; 41,ArmorHeavy; ArmorMaterialDaedric; ArmorHelmet; VendorItemArmor,0x0006BBD2; 0x0006BBD4; 0x0006C0EE; 0x0008F959,ArmorMaterialDaedric,ArmorHelmet,VendorItemArmor,,,KS Hairdo's\HDT_dint999\go\go.nif,
DoD,D:\Wabbajack\modlists\DoD,Diaries of Dibella - Lord's Vision,HDT-SMP Racemenu Hairs and Wigs,1026,Xing SMP Hairs and Wigs - Dint999.esp,D:\Wabbajack\modlists\DoD\mods\HDT-SMP Racemenu Hairs and Wigs\Xing SMP Hairs and Wigs - Dint999.esp,0x01000A03,_Dint_HG_Wing722_WigHDT,[HG] Wing722,plugin,Heavy,Light,Heavy,0.0,200,0.0,Hair; Long Hair,31; 41,ArmorHeavy; ArmorMaterialDaedric; ArmorHelmet; VendorItemArmor,0x0006BBD2; 0x0006BBD4; 0x0006C0EE; 0x0008F959,ArmorMaterialDaedric,ArmorHelmet,VendorItemArmor,,,KS Hairdo's\HDT_dint999\go\go.nif,
DoD,D:\Wabbajack\modlists\DoD,Diaries of Dibella - Lord's Vision,HDT-SMP Racemenu Hairs and Wigs,1026,Xing SMP Hairs and Wigs - Dint999.esp,D:\Wabbajack\modlists\DoD\mods\HDT-SMP Racemenu Hairs and Wigs\Xing SMP Hairs and Wigs - Dint999.esp,0x01000A0F,_Dint_HG_Wing1111_WigHDT,[HG] Wing1111,plugin,Heavy,Light,Heavy,0.0,200,0.0,Hair; Long Hair,31; 41,ArmorHeavy; ArmorMaterialDaedric; ArmorHelmet; VendorItemArmor,0x0006BBD2; 0x0006BBD4; 0x0006C0EE; 0x0008F959,ArmorMaterialDaedric,ArmorHelmet,VendorItemArmor,,,KS Hairdo's\HDT_dint999\go\go.nif,
DoD,D:\Wabbajack\modlists\DoD,Diaries of Dibella - Lord's Vision,HDT-SMP Racemenu Hairs and Wigs,1026,Xing SMP Hairs and Wigs - Dint999.esp,D:\Wabbajack\modlists\DoD\mods\HDT-SMP Racemenu Hairs and Wigs\Xing SMP Hairs and Wigs - Dint999.esp,0x01000A13,_Dint_HG_Focus2_WigHDT,[HG] Focus2,plugin,Heavy,Light,Heavy,0.0,200,0.0,Hair; Long Hair,31; 41,ArmorHeavy; ArmorMaterialDaedric; ArmorHelmet; VendorItemArmor,0x0006BBD2; 0x0006BBD4; 0x0006C0EE; 0x0008F959,ArmorMaterialDaedric,ArmorHelmet,VendorItemArmor,,,KS Hairdo's\HDT_dint999\go\go.nif,
DoD,D:\Wabbajack\modlists\DoD,Diaries of Dibella - Lord's Vision,HDT-SMP Racemenu Hairs and Wigs,1026,Xing SMP Hairs and Wigs - Dint999.esp,D:\Wabbajack\modlists\DoD\mods\HDT-SMP Racemenu Hairs and Wigs\Xing SMP Hairs and Wigs - Dint999.esp,0x01000A17,_Dint_HG_Focus_WigHDT,[HG] Focus,plugin,Heavy,Light,Heavy,0.0,200,0.0,Hair; Long Hair,31; 41,ArmorHeavy; ArmorMaterialDaedric; ArmorHelmet; VendorItemArmor,0x0006BBD2; 0x0006BBD4; 0x0006C0EE; 0x0008F959,ArmorMaterialDaedric,ArmorHelmet,VendorItemArmor,,,KS Hairdo's\HDT_dint999\go\go.nif,KS Hairdo's\HDT_dint999\go\go.nif
DoD,D:\Wabbajack\modlists\DoD,Diaries of Dibella - Lord's Vision,HDT-SMP Racemenu Hairs and Wigs,1026,Xing SMP Hairs and Wigs - Dint999.esp,D:\Wabbajack\modlists\DoD\mods\HDT-SMP Racemenu Hairs and Wigs\Xing SMP Hairs and Wigs - Dint999.esp,0x01000A24,_Dint_HG_Peach_WigHDT,[HG] Peach,plugin,Heavy,Light,Heavy,0.0,200,0.0,Hair; Long Hair,31; 41,ArmorHeavy; ArmorMaterialDaedric; ArmorHelmet; VendorItemArmor,0x0006BBD2; 0x0006BBD4; 0x0006C0EE; 0x0008F959,ArmorMaterialDaedric,ArmorHelmet,VendorItemArmor,,,KS Hairdo's\HDT_dint999\go\go.nif,
DoD,D:\Wabbajack\modlists\DoD,Diaries of Dibella - Lord's Vision,HDT-SMP Racemenu Hairs and Wigs,1026,Xing SMP Hairs and Wigs - Dint999.esp,D:\Wabbajack\modlists\DoD\mods\HDT-SMP Racemenu Hairs and Wigs\Xing SMP Hairs and Wigs - Dint999.esp,0x01000A28,_Dint_HG_GuineaPigBow_WigHDT,[HG] GuineaPigBow,plugin,Heavy,Light,Heavy,0.0,200,0.0,Hair; Long Hair,31; 41,ArmorHeavy; ArmorMaterialDaedric; ArmorHelmet; VendorItemArmor,0x0006BBD2; 0x0006BBD4; 0x0006C0EE; 0x0008F959,ArmorMaterialDaedric,ArmorHelmet,VendorItemArmor,,,KS Hairdo's\HDT_dint999\go\go.nif,
DoD,D:\Wabbajack\modlists\DoD,Diaries of Dibella - Lord's Vision,HDT-SMP Racemenu Hairs and Wigs,1026,Xing SMP Hairs and Wigs - Dint999.esp,D:\Wabbajack\modlists\DoD\mods\HDT-SMP Racemenu Hairs and Wigs\Xing SMP Hairs and Wigs - Dint999.esp,0x01000A2C,_Dint_HG_GuineaPig_WigHDT,[HG] GuineaPig,plugin,Heavy,Light,Heavy,0.0,200,0.0,Hair; Long Hair,31; 41,ArmorHeavy; ArmorMaterialDaedric; ArmorHelmet; VendorItemArmor,0x0006BBD2; 0x0006BBD4; 0x0006C0EE; 0x0008F959,ArmorMaterialDaedric,ArmorHelmet,VendorItemArmor,,,KS Hairdo's\HDT_dint999\go\go.nif,
DoD,D:\Wabbajack\modlists\DoD,Diaries of Dibella - Lord's Vision,HDT-SMP Racemenu Hairs and Wigs,1026,Xing SMP Hairs and Wigs - Dint999.esp,D:\Wabbajack\modlists\DoD\mods\HDT-SMP Racemenu Hairs and Wigs\Xing SMP Hairs and Wigs - Dint999.esp,0x01000A39,_Dint_HG_NoFrauds_WigHDT,[HG] NoFrauds,plugin,Heavy,Light,Heavy,0.0,200,0.0,Hair; Long Hair,31; 41,ArmorHeavy; ArmorMaterialDaedric; ArmorHelmet; VendorItemArmor,0x0006BBD2; 0x0006BBD4; 0x0006C0EE; 0x0008F959,ArmorMaterialDaedric,ArmorHelmet,VendorItemArmor,,,KS Hairdo's\HDT_dint999\go\go.nif,
DoD,D:\Wabbajack\modlists\DoD,Diaries of Dibella - Lord's Vision,HDT-SMP Racemenu Hairs and Wigs,1026,Xing SMP Hairs and Wigs - Dint999.esp,D:\Wabbajack\modlists\DoD\mods\HDT-SMP Racemenu Hairs and Wigs\Xing SMP Hairs and Wigs - Dint999.esp,0x01000A3D,_Dint_HG_Wing109_WigHDT,[HG] Wing109,plugin,Heavy,Light,Heavy,0.0,200,0.0,Hair; Long Hair,31; 41,ArmorHeavy; ArmorMaterialDaedric; ArmorHelmet; VendorItemArmor,0x0006BBD2; 0x0006BBD4; 0x0006C0EE; 0x0008F959,ArmorMaterialDaedric,ArmorHelmet,VendorItemArmor,,,KS Hairdo's\HDT_dint999\go\go.nif,
DoD,D:\Wabbajack\modlists\DoD,Diaries of Dibella - Lord's Vision,HDT-SMP Racemenu Hairs and Wigs,1026,Xing SMP Hairs and Wigs - Dint999.esp,D:\Wabbajack\modlists\DoD\mods\HDT-SMP Racemenu Hairs and Wigs\Xing SMP Hairs and Wigs - Dint999.esp,0x01000A41,_Dint_HG_Wing109_2_WigHDT,[HG] Wing109 2,plugin,Heavy,Light,Heavy,0.0,200,0.0,Hair; Long Hair,31; 41,ArmorHeavy; ArmorMaterialDaedric; ArmorHelmet; VendorItemArmor,0x0006BBD2; 0x0006BBD4; 0x0006C0EE; 0x0008F959,ArmorMaterialDaedric,ArmorHelmet,VendorItemArmor,,,KS Hairdo's\HDT_dint999\go\go.nif,
DoD,D:\Wabbajack\modlists\DoD,Diaries of Dibella - Lord's Vision,HDT-SMP Racemenu Hairs and Wigs,1026,Xing SMP Hairs and Wigs - Dint999.esp,D:\Wabbajack\modlists\DoD\mods\HDT-SMP Racemenu Hairs and Wigs\Xing SMP Hairs and Wigs - Dint999.esp,0x01000A45,_Dint_HG_ColdHeart_WigHDT,[HG] ColdHeart,plugin,Heavy,Light,Heavy,0.0,200,0.0,Hair; Long Hair,31; 41,ArmorHeavy; ArmorMaterialDaedric; ArmorHelmet; VendorItemArmor,0x0006BBD2; 0x0006BBD4; 0x0006C0EE; 0x0008F959,ArmorMaterialDaedric,ArmorHelmet,VendorItemArmor,,,KS Hairdo's\HDT_dint999\go\go.nif,
DoD,D:\Wabbajack\modlists\DoD,Diaries of Dibella - Lord's Vision,HDT-SMP Racemenu Hairs and Wigs,1026,Xing SMP Hairs and Wigs - Dint999.esp,D:\Wabbajack\modlists\DoD\mods\HDT-SMP Racemenu Hairs and Wigs\Xing SMP Hairs and Wigs - Dint999.esp,0x01000A49,_Dint_HG_ColdHeart2_WigHDT,[HG] ColdHeart2,plugin,Heavy,Light,Heavy,0.0,200,0.0,Hair; Long Hair,31; 41,ArmorHeavy; ArmorMaterialDaedric; ArmorHelmet; VendorItemArmor,0x0006BBD2; 0x0006BBD4; 0x0006C0EE; 0x0008F959,ArmorMaterialDaedric,ArmorHelmet,VendorItemArmor,,,KS Hairdo's\HDT_dint999\go\go.nif,
DoD,D:\Wabbajack\modlists\DoD,Diaries of Dibella - Lord's Vision,HDT-SMP Racemenu Hairs and Wigs,1026,Xing SMP Hairs and Wigs - Dint999.esp,D:\Wabbajack\modlists\DoD\mods\HDT-SMP Racemenu Hairs and Wigs\Xing SMP Hairs and Wigs - Dint999.esp,0x01000D64,_Dint_KSTitaniumWigHDT,[KS] Titanium,plugin,Heavy,Light,Heavy,0.0,200,0.0,Hair; Long Hair,31; 41,ArmorHeavy; ArmorMaterialDaedric; ArmorHelmet; VendorItemArmor,0x0006BBD2; 0x0006BBD4; 0x0006C0EE; 0x0008F959,ArmorMaterialDaedric,ArmorHelmet,VendorItemArmor,,,KS Hairdo's\HDT_dint999\go\go.nif,
DoD,D:\Wabbajack\modlists\DoD,Diaries of Dibella - Lord's Vision,HDT-SMP Racemenu Hairs and Wigs,1026,Xing SMP Hairs and Wigs - Dint999.esp,D:\Wabbajack\modlists\DoD\mods\HDT-SMP Racemenu Hairs and Wigs\Xing SMP Hairs and Wigs - Dint999.esp,0x01000D66,_Dint_KSRunawayWigHDT,[KS] Runaway,plugin,Heavy,Light,Heavy,0.0,200,0.0,Hair; Long Hair,31; 41,ArmorHeavy; ArmorMaterialDaedric; ArmorHelmet; VendorItemArmor,0x0006BBD2; 0x0006BBD4; 0x0006C0EE; 0x0008F959,ArmorMaterialDaedric,ArmorHelmet,VendorItemArmor,,,KS Hairdo's\HDT_dint999\go\go.nif,
DoD,D:\Wabbajack\modlists\DoD,Diaries of Dibella - Lord's Vision,HDT-SMP Racemenu Hairs and Wigs,1026,Xing SMP Hairs and Wigs - Dint999.esp,D:\Wabbajack\modlists\DoD\mods\HDT-SMP Racemenu Hairs and Wigs\Xing SMP Hairs and Wigs - Dint999.esp,0x0100080E,_Dint_KSCaramellaWigHDT,[KS] Caramella,plugin,Heavy,Light,Heavy,0.0,200,0.0,Hair; Long Hair,31; 41,ArmorHeavy; ArmorMaterialDaedric; ArmorHelmet; VendorItemArmor,0x0006BBD2; 0x0006BBD4; 0x0006C0EE; 0x0008F959,ArmorMaterialDaedric,ArmorHelmet,VendorItemArmor,,,KS Hairdo's\HDT_dint999\go\go.nif,
DoD,D:\Wabbajack\modlists\DoD,Diaries of Dibella - Lord's Vision,HDT-SMP Racemenu Hairs and Wigs,1026,Xing SMP Hairs and Wigs - Dint999.esp,D:\Wabbajack\modlists\DoD\mods\HDT-SMP Racemenu Hairs and Wigs\Xing SMP Hairs and Wigs - Dint999.esp,0x01000811,_Dint_KSCraxyLoveWigHDT,[KS] CraxyLove,plugin,Heavy,Light,Heavy,0.0,200,0.0,Hair; Long Hair,31; 41,ArmorHeavy; ArmorMaterialDaedric; ArmorHelmet; VendorItemArmor,0x0006BBD2; 0x0006BBD4; 0x0006C0EE; 0x0008F959,ArmorMaterialDaedric,ArmorHelmet,VendorItemArmor,,,KS Hairdo's\HDT_dint999\go\go.nif,
DoD,D:\Wabbajack\modlists\DoD,Diaries of Dibella - Lord's Vision,HDT-SMP Racemenu Hairs and Wigs,1026,Xing SMP Hairs and Wigs - Dint999.esp,D:\Wabbajack\modlists\DoD\mods\HDT-SMP Racemenu Hairs and Wigs\Xing SMP Hairs and Wigs - Dint999.esp,0x010009F7,_Dint_KS_Sky161_WigHDT,[KS] Sky161,plugin,Heavy,Light,Heavy,0.0,200,0.0,Hair; Long Hair,31; 41,ArmorHeavy; ArmorMaterialDaedric; ArmorHelmet; VendorItemArmor,0x0006BBD2; 0x0006BBD4; 0x0006C0EE; 0x0008F959,ArmorMaterialDaedric,ArmorHelmet,VendorItemArmor,,,KS Hairdo's\HDT_dint999\go\go.nif,
DoD,D:\Wabbajack\modlists\DoD,Diaries of Dibella - Lord's Vision,HDT-SMP Racemenu Hairs and Wigs,1026,Xing SMP Hairs and Wigs - Dint999.esp,D:\Wabbajack\modlists\DoD\mods\HDT-SMP Racemenu Hairs and Wigs\Xing SMP Hairs and Wigs - Dint999.esp,0x010009FF,_Dint_HG_FlyingMinaj_WigHDT,[HG] FlyingMinaj,plugin,Heavy,Light,Heavy,0.0,200,0.0,Hair; Long Hair,31; 41,ArmorHeavy; ArmorMaterialDaedric; ArmorHelmet; VendorItemArmor,0x0006BBD2; 0x0006BBD4; 0x0006C0EE; 0x0008F959,ArmorMaterialDaedric,ArmorHelmet,VendorItemArmor,,,KS Hairdo's\HDT_dint999\go\go.nif,
DoD,D:\Wabbajack\modlists\DoD,Diaries of Dibella - Lord's Vision,HDT-SMP Racemenu Hairs and Wigs,1026,Xing SMP Hairs and Wigs - Fuse.esp,D:\Wabbajack\modlists\DoD\mods\HDT-SMP Racemenu Hairs and Wigs\Xing SMP Hairs and Wigs - Fuse.esp,0x01000807,_Fuse_AlessoCookieArmor,[Fuse] Alesso Cookie,plugin,Heavy,Clothing,Heavy,0.0,200,0.0,Hair; Long Hair,31; 41,ArmorHeavy; ArmorMaterialDaedric; ArmorHelmet; VendorItemArmor,0x0006BBD2; 0x0006BBD4; 0x0006C0EE; 0x0008F959,ArmorMaterialDaedric,ArmorHelmet,VendorItemArmor,,,Fuse00Hair\wig\GND\AlessoCookie.nif,
DoD,D:\Wabbajack\modlists\DoD,Diaries of Dibella - Lord's Vision,HDT-SMP Racemenu Hairs and Wigs,1026,Xing SMP Hairs and Wigs - Fuse.esp,D:\Wabbajack\modlists\DoD\mods\HDT-SMP Racemenu Hairs and Wigs\Xing SMP Hairs and Wigs - Fuse.esp,0x01000809,_Fuse_NightcrawlerArmor,[Fuse] Nightcrawler,plugin,Heavy,Clothing,Heavy,0.0,200,0.0,Hair; Long Hair,31; 41,ArmorHeavy; ArmorMaterialDaedric; ArmorHelmet; VendorItemArmor,0x0006BBD2; 0x0006BBD4; 0x0006C0EE; 0x0008F959,ArmorMaterialDaedric,ArmorHelmet,VendorItemArmor,,,Fuse00Hair\wig\GND\Nightcrawler.nif,
DoD,D:\Wabbajack\modlists\DoD,Diaries of Dibella - Lord's Vision,HDT-SMP Racemenu Hairs and Wigs,1026,Xing SMP Hairs and Wigs - Fuse.esp,D:\Wabbajack\modlists\DoD\mods\HDT-SMP Racemenu Hairs and Wigs\Xing SMP Hairs and Wigs - Fuse.esp,0x0100080A,_Fuse_NightcrawlerPuchArmor,[Fuse] Nightcrawler Puch,plugin,Heavy,Clothing,Heavy,0.0,200,0.0,Hair; Long Hair,31; 41,ArmorHeavy; ArmorMaterialDaedric; ArmorHelmet; VendorItemArmor,0x0006BBD2; 0x0006BBD4; 0x0006C0EE; 0x0008F959,ArmorMaterialDaedric,ArmorHelmet,VendorItemArmor,,,Fuse00Hair\wig\GND\NightcrawlerPuch.nif,
DoD,D:\Wabbajack\modlists\DoD,Diaries of Dibella - Lord's Vision,HDT-SMP Racemenu Hairs and Wigs,1026,Xing SMP Hairs and Wigs - Fuse.esp,D:\Wabbajack\modlists\DoD\mods\HDT-SMP Racemenu Hairs and Wigs\Xing SMP Hairs and Wigs - Fuse.esp,0x0100080B,_Fuse_NightcrawlerStraightArmor,[Fuse] Nightcrawler Straight,plugin,Heavy,Clothing,Heavy,0.0,200,0.0,Hair; Long Hair,31; 41,ArmorHeavy; ArmorMaterialDaedric; ArmorHelmet; VendorItemArmor,0x0006BBD2; 0x0006BBD4; 0x0006C0EE; 0x0008F959,ArmorMaterialDaedric,ArmorHelmet,VendorItemArmor,,,Fuse00Hair\wig\GND\NightcrawlerStraight.nif,
DoD,D:\Wabbajack\modlists\DoD,Diaries of Dibella - Lord's Vision,HDT-SMP Racemenu Hairs and Wigs,1026,Xing SMP Hairs and Wigs - Fuse.esp,D:\Wabbajack\modlists\DoD\mods\HDT-SMP Racemenu Hairs and Wigs\Xing SMP Hairs and Wigs - Fuse.esp,0x0100080C,_Fuse_SintikliaMRArmor,[Fuse] Sintiklia MR,plugin,Heavy,Clothing,Heavy,0.0,200,0.0,Hair; Long Hair,31; 41,ArmorHeavy; ArmorMaterialDaedric; ArmorHelmet; VendorItemArmor,0x0006BBD2; 0x0006BBD4; 0x0006C0EE; 0x0008F959,ArmorMaterialDaedric,ArmorHelmet,VendorItemArmor,,,Fuse00Hair\wig\GND\SintikliaMR.nif,
DoD,D:\Wabbajack\modlists\DoD,Diaries of Dibella - Lord's Vision,HDT-SMP Racemenu Hairs and Wigs,1026,Xing SMP Hairs and Wigs - Fuse.esp,D:\Wabbajack\modlists\DoD\mods\HDT-SMP Racemenu Hairs and Wigs\Xing SMP Hairs and Wigs - Fuse.esp,0x01000811,_Fuse_SG35Armor,[Fuse] SG35,plugin,Heavy,Clothing,Heavy,0.0,200,0.0,Hair; Long Hair,31; 41,ArmorHeavy; ArmorMaterialDaedric; ArmorHelmet; VendorItemArmor,0x0006BBD2; 0x0006BBD4; 0x0006C0EE; 0x0008F959,ArmorMaterialDaedric,ArmorHelmet,VendorItemArmor,,,Fuse00Hair\wig\GND\sg35.nif,
DoD,D:\Wabbajack\modlists\DoD,Diaries of Dibella - Lord's Vision,HDT-SMP Racemenu Hairs and Wigs,1026,Xing SMP Hairs and Wigs - HHairstyles.esp,D:\Wabbajack\modlists\DoD\mods\HDT-SMP Racemenu Hairs and Wigs\Xing SMP Hairs and Wigs - HHairstyles.esp,0x0100081B,_HH_ShortBob,[HH] Short Bob,plugin,Heavy,Clothing,Heavy,0.0,200,0.0,Hair,31,ArmorHeavy; ArmorMaterialDaedric; ArmorHelmet; VendorItemArmor,0x0006BBD2; 0x0006BBD4; 0x0006C0EE; 0x0008F959,ArmorMaterialDaedric,ArmorHelmet,VendorItemArmor,,,HHairstyles\GND\bob01.nif,
DoD,D:\Wabbajack\modlists\DoD,Diaries of Dibella - Lord's Vision,HDT-SMP Racemenu Hairs and Wigs,1026,Xing SMP Hairs and Wigs - HHairstyles.esp,D:\Wabbajack\modlists\DoD\mods\HDT-SMP Racemenu Hairs and Wigs\Xing SMP Hairs and Wigs - HHairstyles.esp,0x0100081C,_HH_ShortBobSideSwept,[HH] Short Bob Side Swept,plugin,Heavy,Clothing,Heavy,0.0,200,0.0,Hair,31,ArmorHeavy; ArmorMaterialDaedric; ArmorHelmet; VendorItemArmor,0x0006BBD2; 0x0006BBD4; 0x0006C0EE; 0x0008F959,ArmorMaterialDaedric,ArmorHelmet,VendorItemArmor,,,HHairstyles\GND\bob02.nif,
DoD,D:\Wabbajack\modlists\DoD,Diaries of Dibella - Lord's Vision,HDT-SMP Racemenu Hairs and Wigs,1026,Xing SMP Hairs and Wigs - HHairstyles.esp,D:\Wabbajack\modlists\DoD\mods\HDT-SMP Racemenu Hairs and Wigs\Xing SMP Hairs and Wigs - HHairstyles.esp,0x0100081D,_HH_ShortBobTucked,[HH] Short Bob Tucked,plugin,Heavy,Clothing,Heavy,0.0,200,0.0,Hair,31,ArmorHeavy; ArmorMaterialDaedric; ArmorHelmet; VendorItemArmor,0x0006BBD2; 0x0006BBD4; 0x0006C0EE; 0x0008F959,ArmorMaterialDaedric,ArmorHelmet,VendorItemArmor,,,HHairstyles\GND\bob03.nif,
DoD,D:\Wabbajack\modlists\DoD,Diaries of Dibella - Lord's Vision,HDT-SMP Racemenu Hairs and Wigs,1026,Xing SMP Hairs and Wigs - HHairstyles.esp,D:\Wabbajack\modlists\DoD\mods\HDT-SMP Racemenu Hairs and Wigs\Xing SMP Hairs and Wigs - HHairstyles.esp,0x0100081F,_HH_PonytailSideSwept,[HH] Ponytail Side Swept,plugin,Heavy,Clothing,Heavy,0.0,200,0.0,Hair; Circlet,31; 42,ArmorHeavy; ArmorMaterialDaedric; ArmorHelmet; VendorItemArmor,0x0006BBD2; 0x0006BBD4; 0x0006C0EE; 0x0008F959,ArmorMaterialDaedric,ArmorHelmet,VendorItemArmor,,,HHairstyles\GND\Ponytail02.nif,
DoD,D:\Wabbajack\modlists\DoD,Diaries of Dibella - Lord's Vision,HDT-SMP Racemenu Hairs and Wigs,1026,Xing SMP Hairs and Wigs - HHairstyles.esp,D:\Wabbajack\modlists\DoD\mods\HDT-SMP Racemenu Hairs and Wigs\Xing SMP Hairs and Wigs - HHairstyles.esp,0x01000800,_HH_PonytailArmor,[HH] Ponytail,plugin,Heavy,Clothing,Heavy,0.0,200,0.0,Hair; Long Hair,31; 41,ArmorHeavy; ArmorMaterialDaedric; ArmorHelmet; VendorItemArmor,0x0006BBD2; 0x0006BBD4; 0x0006C0EE; 0x0008F959,ArmorMaterialDaedric,ArmorHelmet,VendorItemArmor,,,HHairstyles\GND\Ponytail01.nif,
DoD,D:\Wabbajack\modlists\DoD,Diaries of Dibella - Lord's Vision,There Is No Umbra - Chapter III,1143,FloatingSwordFollower.esp,D:\Wabbajack\modlists\DoD\mods\There Is No Umbra - Chapter III\FloatingSwordFollower.esp,0x050008F7,bonemasterskin,Daedric Armor,plugin,Heavy,Heavy,Heavy,0.0,3200,50.0,Body,32,ArmorHeavy; ArmorMaterialDaedric; ArmorCuirass; VendorItemArmor,0x0006BBD2; 0x0006BBD4; 0x0006C0EC; 0x0008F959,ArmorMaterialDaedric,ArmorCuirass,VendorItemArmor,,,Armor\Daedric\DaedricCuirassGO.nif,
DoD,D:\Wabbajack\modlists\DoD,Diaries of Dibella - Lord's Vision,There Is No Umbra - Chapter III,1143,FloatingSwordFollower.esp,D:\Wabbajack\modlists\DoD\mods\There Is No Umbra - Chapter III\FloatingSwordFollower.esp,0x05000901,bonemasterskinFIRE,Daedric Armor,plugin,Heavy,Heavy,Heavy,0.0,3200,50.0,Body,32,ArmorHeavy; ArmorMaterialDaedric; ArmorCuirass; VendorItemArmor,0x0006BBD2; 0x0006BBD4; 0x0006C0EC; 0x0008F959,ArmorMaterialDaedric,ArmorCuirass,VendorItemArmor,,,Armor\Daedric\DaedricCuirassGO.nif,
DoD,D:\Wabbajack\modlists\DoD,Diaries of Dibella - Lord's Vision,There Is No Umbra - Chapter III,1143,FloatingSwordFollower.esp,D:\Wabbajack\modlists\DoD\mods\There Is No Umbra - Chapter III\FloatingSwordFollower.esp,0x05000902,bonemasterskinFIREblue,Daedric Armor,plugin,Heavy,Heavy,Heavy,0.0,3200,50.0,Body,32,ArmorHeavy; ArmorMaterialDaedric; ArmorCuirass; VendorItemArmor,0x0006BBD2; 0x0006BBD4; 0x0006C0EC; 0x0008F959,ArmorMaterialDaedric,ArmorCuirass,VendorItemArmor,,,Armor\Daedric\DaedricCuirassGO.nif,
DoD,D:\Wabbajack\modlists\DoD,Diaries of Dibella - Lord's Vision,There Is No Umbra - Chapter III,1143,FloatingSwordFollower.esp,D:\Wabbajack\modlists\DoD\mods\There Is No Umbra - Chapter III\FloatingSwordFollower.esp,0x05000903,bonemasterskinSHOCK,Daedric Armor,plugin,Heavy,Heavy,Heavy,0.0,3200,50.0,Body,32,ArmorHeavy; ArmorMaterialDaedric; ArmorCuirass; VendorItemArmor,0x0006BBD2; 0x0006BBD4; 0x0006C0EC; 0x0008F959,ArmorMaterialDaedric,ArmorCuirass,VendorItemArmor,,,Armor\Daedric\DaedricCuirassGO.nif,
DoD,D:\Wabbajack\modlists\DoD,Diaries of Dibella - Lord's Vision,There Is No Umbra - Chapter III,1143,FloatingSwordFollower.esp,D:\Wabbajack\modlists\DoD\mods\There Is No Umbra - Chapter III\FloatingSwordFollower.esp,0x053AD228,0_FloatingSwordMorihausArmor,Armor of Morihaus,plugin,Heavy,Heavy,Heavy,0.0,7500,38.0,Body,32,ArmorHeavy; ArmorMaterialDaedric; ArmorCuirass; VendorItemArmor; VendorItemDaedricArtifact; DaedricArtifact; MagicDisallowEnchanting,0x0006BBD2; 0x0006BBD4; 0x0006C0EC; 0x0008F959; 0x000917E8; 0x000A8668; 0x000C27BD,ArmorMaterialDaedric,ArmorCuirass,VendorItemArmor; VendorItemDaedricArtifact,0x053AD22A,,Armor\Ebony\M\CuirassGND.nif,Armor\Ebony\M\CuirassGND.nif
DoD,D:\Wabbajack\modlists\DoD,Diaries of Dibella - Lord's Vision,Skyrim Extended Cut - Saints and Seducers,1146,Skyrim Extended Cut - Saints and Seducers.esp,D:\Wabbajack\modlists\DoD\mods\Skyrim Extended Cut - Saints and Seducers\Skyrim Extended Cut - Saints and Seducers.esp,0x0809FCDB,EC_SS_GoldenApostleArmor,Golden Apostle Armor,plugin,Light,Heavy,Light,0.0,1250,35.0,Custom Slot (57),57,ArmorLight; ArmorMaterialDaedric; ArmorCuirass; VendorItemArmor,0x0006BBD3; 0x0006BBD4; 0x0006C0EC; 0x0008F959,ArmorMaterialDaedric,ArmorCuirass,VendorItemArmor,,,CreationClub\BGSSSE025\Armor\GoldenSaint\GoldenSaintCuirass_go.nif,Armor\Elven\M\CuirassHeavyGND.nif
DoD,D:\Wabbajack\modlists\DoD,Diaries of Dibella - Lord's Vision,Skyrim Extended Cut - Saints and Seducers,1146,Skyrim Extended Cut - Saints and Seducers.esp,D:\Wabbajack\modlists\DoD\mods\Skyrim Extended Cut - Saints and Seducers\Skyrim Extended Cut - Saints and Seducers.esp,0x0809FCDE,EC_SS_DarkPriestArmor,Dark Priest Armor,plugin,Light,Heavy,Light,0.0,1250,35.0,Custom Slot (57),57,ArmorLight; ArmorMaterialDaedric; ArmorCuirass; VendorItemArmor,0x0006BBD3; 0x0006BBD4; 0x0006C0EC; 0x0008F959,ArmorMaterialDaedric,ArmorCuirass,VendorItemArmor,,,CreationClub\BGSSSE025\Armor\GoldenSaint\GoldenSaintCuirass_go.nif,Armor\Elven\M\CuirassHeavyGND.nif
DoD,D:\Wabbajack\modlists\DoD,Diaries of Dibella - Lord's Vision,Skyrim Extended Cut - Saints and Seducers,1146,Skyrim Extended Cut - Saints and Seducers.esp,D:\Wabbajack\modlists\DoD\mods\Skyrim Extended Cut - Saints and Seducers\Skyrim Extended Cut - Saints and Seducers.esp,0x0857AEF9,EC_SS_EnchArmorMadnessGauntletsAlchemy04,Madness Gauntlets of Eminent Alchemy,plugin,Heavy,Heavy,Heavy,0.0,850,8.0,Hands,33,ArmorGauntlets; VendorItemArmor; ArmorHeavy; Survival_ArmorWarm; PerkFistsDaedric,0x0006C0EF; 0x0008F959; 0x0006BBD2; 0x01002ED9; 0x0621BD65; 0x0002C17B,,ArmorGauntlets,VendorItemArmor,0x0008B65F,0x06000BBD,CreationClub\BGSSSE025\Armor\Madness\MadnessGauntlets_go.nif,
DoD,D:\Wabbajack\modlists\DoD,Diaries of Dibella - Lord's Vision,Skyrim Extended Cut - Saints and Seducers,1146,Skyrim Extended Cut - Saints and Seducers.esp,D:\Wabbajack\modlists\DoD\mods\Skyrim Extended Cut - Saints and Seducers\Skyrim Extended Cut - Saints and Seducers.esp,0x0857AEFA,EC_SS_EnchArmorMadnessGauntletsAlchemy05,Madness Gauntlets of Extreme Alchemy,plugin,Heavy,Heavy,Heavy,0.0,850,8.0,Hands,33,ArmorGauntlets; VendorItemArmor; ArmorHeavy; Survival_ArmorWarm; PerkFistsDaedric,0x0006C0EF; 0x0008F959; 0x0006BBD2; 0x01002ED9; 0x0621BD65; 0x0002C17B,,ArmorGauntlets,VendorItemArmor,0x0008B660,0x06000BBD,CreationClub\BGSSSE025\Armor\Madness\MadnessGauntlets_go.nif,
DoD,D:\Wabbajack\modlists\DoD,Diaries of Dibella - Lord's Vision,Skyrim Extended Cut - Saints and Seducers,1146,Skyrim Extended Cut - Saints and Seducers.esp,D:\Wabbajack\modlists\DoD\mods\Skyrim Extended Cut - Saints and Seducers\Skyrim Extended Cut - Saints and Seducers.esp,0x0857AEFB,EC_SS_EnchArmorMadnessGauntletsAlchemy06,Madness Gauntlets of Peerless Alchemy,plugin,Heavy,Heavy,Heavy,0.0,850,8.0,Hands,33,ArmorGauntlets; VendorItemArmor; ArmorHeavy; Survival_ArmorWarm; PerkFistsDaedric,0x0006C0EF; 0x0008F959; 0x0006BBD2; 0x01002ED9; 0x0621BD65; 0x0002C17B,,ArmorGauntlets,VendorItemArmor,0x0008B661,0x06000BBD,CreationClub\BGSSSE025\Armor\Madness\MadnessGauntlets_go.nif,
DoD,D:\Wabbajack\modlists\DoD,Diaries of Dibella - Lord's Vision,Skyrim Extended Cut - Saints and Seducers,1146,Skyrim Extended Cut - Saints and Seducers.esp,D:\Wabbajack\modlists\DoD\mods\Skyrim Extended Cut - Saints and Seducers\Skyrim Extended Cut - Saints and Seducers.esp,0x0857AEFC,EC_SS_EnchArmorMadnessGauntletsMarksman04,Madness Gauntlets of Eminent Archery,plugin,Heavy,Heavy,Heavy,0.0,850,8.0,Hands,33,ArmorGauntlets; VendorItemArmor; ArmorHeavy; Survival_ArmorWarm; PerkFistsDaedric,0x0006C0EF; 0x0008F959; 0x0006BBD2; 0x01002ED9; 0x0621BD65; 0x0002C17B,,ArmorGauntlets,VendorItemArmor,0x000BE00C,0x06000BBD,CreationClub\BGSSSE025\Armor\Madness\MadnessGauntlets_go.nif,
DoD,D:\Wabbajack\modlists\DoD,Diaries of Dibella - Lord's Vision,Skyrim Extended Cut - Saints and Seducers,1146,Skyrim Extended Cut - Saints and Seducers.esp,D:\Wabbajack\modlists\DoD\mods\Skyrim Extended Cut - Saints and Seducers\Skyrim Extended Cut - Saints and Seducers.esp,0x0857AEFD,EC_SS_EnchArmorMadnessGauntletsMarksman05,Madness Gauntlets of Extreme Archery,plugin,Heavy,Heavy,Heavy,0.0,850,8.0,Hands,33,ArmorGauntlets; VendorItemArmor; ArmorHeavy; Survival_ArmorWarm; PerkFistsDaedric,0x0006C0EF; 0x0008F959; 0x0006BBD2; 0x01002ED9; 0x0621BD65; 0x0002C17B,,ArmorGauntlets,VendorItemArmor,0x000BE00D,0x06000BBD,CreationClub\BGSSSE025\Armor\Madness\MadnessGauntlets_go.nif,
DoD,D:\Wabbajack\modlists\DoD,Diaries of Dibella - Lord's Vision,Skyrim Extended Cut - Saints and Seducers,1146,Skyrim Extended Cut - Saints and Seducers.esp,D:\Wabbajack\modlists\DoD\mods\Skyrim Extended Cut - Saints and Seducers\Skyrim Extended Cut - Saints and Seducers.esp,0x0857AEFE,EC_SS_EnchArmorMadnessGauntletsMarksman06,Madness Gauntlets of Peerless Archery,plugin,Heavy,Heavy,Heavy,0.0,850,8.0,Hands,33,ArmorGauntlets; VendorItemArmor; ArmorHeavy; Survival_ArmorWarm; PerkFistsDaedric,0x0006C0EF; 0x0008F959; 0x0006BBD2; 0x01002ED9; 0x0621BD65; 0x0002C17B,,ArmorGauntlets,VendorItemArmor,0x000BE00E,0x06000BBD,CreationClub\BGSSSE025\Armor\Madness\MadnessGauntlets_go.nif,
DoD,D:\Wabbajack\modlists\DoD,Diaries of Dibella - Lord's Vision,Skyrim Extended Cut - Saints and Seducers,1146,Skyrim Extended Cut - Saints and Seducers.esp,D:\Wabbajack\modlists\DoD\mods\Skyrim Extended Cut - Saints and Seducers\Skyrim Extended Cut - Saints and Seducers.esp,0x0857AEFF,EC_SS_EnchArmorMadnessGauntletsOneHanded04,Madness Gauntlets of Eminent Wielding,plugin,Heavy,Heavy,Heavy,0.0,850,8.0,Hands,33,ArmorGauntlets; VendorItemArmor; ArmorHeavy; Survival_ArmorWarm; PerkFistsDaedric,0x0006C0EF; 0x0008F959; 0x0006BBD2; 0x01002ED9; 0x0621BD65; 0x0002C17B,,ArmorGauntlets,VendorItemArmor,0x000BE00F,0x06000BBD,CreationClub\BGSSSE025\Armor\Madness\MadnessGauntlets_go.nif,
DoD,D:\Wabbajack\modlists\DoD,Diaries of Dibella - Lord's Vision,Skyrim Extended Cut - Saints and Seducers,1146,Skyrim Extended Cut - Saints and Seducers.esp,D:\Wabbajack\modlists\DoD\mods\Skyrim Extended Cut - Saints and Seducers\Skyrim Extended Cut - Saints and Seducers.esp,0x0857AF00,EC_SS_EnchArmorMadnessGauntletsOneHanded05,Madness Gauntlets of Extreme Wielding,plugin,Heavy,Heavy,Heavy,0.0,850,8.0,Hands,33,ArmorGauntlets; VendorItemArmor; ArmorHeavy; Survival_ArmorWarm; PerkFistsDaedric,0x0006C0EF; 0x0008F959; 0x0006BBD2; 0x01002ED9; 0x0621BD65; 0x0002C17B,,ArmorGauntlets,VendorItemArmor,0x000BE010,0x06000BBD,CreationClub\BGSSSE025\Armor\Madness\MadnessGauntlets_go.nif,
DoD,D:\Wabbajack\modlists\DoD,Diaries of Dibella - Lord's Vision,Skyrim Extended Cut - Saints and Seducers,1146,Skyrim Extended Cut - Saints and Seducers.esp,D:\Wabbajack\modlists\DoD\mods\Skyrim Extended Cut - Saints and Seducers\Skyrim Extended Cut - Saints and Seducers.esp,0x0857AF01,EC_SS_EnchArmorMadnessGauntletsOneHanded06,Madness Gauntlets of Peerless Wielding,plugin,Heavy,Heavy,Heavy,0.0,850,8.0,Hands,33,ArmorGauntlets; VendorItemArmor; ArmorHeavy; Survival_ArmorWarm; PerkFistsDaedric,0x0006C0EF; 0x0008F959; 0x0006BBD2; 0x01002ED9; 0x0621BD65; 0x0002C17B,,ArmorGauntlets,VendorItemArmor,0x000BE011,0x06000BBD,CreationClub\BGSSSE025\Armor\Madness\MadnessGauntlets_go.nif,
DoD,D:\Wabbajack\modlists\DoD,Diaries of Dibella - Lord's Vision,Skyrim Extended Cut - Saints and Seducers,1146,Skyrim Extended Cut - Saints and Seducers.esp,D:\Wabbajack\modlists\DoD\mods\Skyrim Extended Cut - Saints and Seducers\Skyrim Extended Cut - Saints and Seducers.esp,0x0857AF02,EC_SS_EnchArmorMadnessGauntletsSmithing04,Madness Gauntlets of Eminent Smithing,plugin,Heavy,Heavy,Heavy,0.0,850,8.0,Hands,33,ArmorGauntlets; VendorItemArmor; ArmorHeavy; Survival_ArmorWarm; PerkFistsDaedric,0x0006C0EF; 0x0008F959; 0x0006BBD2; 0x01002ED9; 0x0621BD65; 0x0002C17B,,ArmorGauntlets,VendorItemArmor,0x000BE018,0x06000BBD,CreationClub\BGSSSE025\Armor\Madness\MadnessGauntlets_go.nif,
DoD,D:\Wabbajack\modlists\DoD,Diaries of Dibella - Lord's Vision,Skyrim Extended Cut - Saints and Seducers,1146,Skyrim Extended Cut - Saints and Seducers.esp,D:\Wabbajack\modlists\DoD\mods\Skyrim Extended Cut - Saints and Seducers\Skyrim Extended Cut - Saints and Seducers.esp,0x0857AF03,EC_SS_EnchArmorMadnessGauntletsSmithing05,Madness Gauntlets of Extreme Smithing,plugin,Heavy,Heavy,Heavy,0.0,850,8.0,Hands,33,ArmorGauntlets; VendorItemArmor; ArmorHeavy; Survival_ArmorWarm; PerkFistsDaedric,0x0006C0EF; 0x0008F959; 0x0006BBD2; 0x01002ED9; 0x0621BD65; 0x0002C17B,,ArmorGauntlets,VendorItemArmor,0x000BE019,0x06000BBD,CreationClub\BGSSSE025\Armor\Madness\MadnessGauntlets_go.nif,
DoD,D:\Wabbajack\modlists\DoD,Diaries of Dibella - Lord's Vision,Skyrim Extended Cut - Saints and Seducers,1146,Skyrim Extended Cut - Saints and Seducers.esp,D:\Wabbajack\modlists\DoD\mods\Skyrim Extended Cut - Saints and Seducers\Skyrim Extended Cut - Saints and Seducers.esp,0x0857AF04,EC_SS_EnchArmorMadnessGauntletsSmithing06,Madness Gauntlets of Peerless Smithing,plugin,Heavy,Heavy,Heavy,0.0,850,8.0,Hands,33,ArmorGauntlets; VendorItemArmor; ArmorHeavy; Survival_ArmorWarm; PerkFistsDaedric,0x0006C0EF; 0x0008F959; 0x0006BBD2; 0x01002ED9; 0x0621BD65; 0x0002C17B,,ArmorGauntlets,VendorItemArmor,0x000BE01A,0x06000BBD,CreationClub\BGSSSE025\Armor\Madness\MadnessGauntlets_go.nif,
DoD,D:\Wabbajack\modlists\DoD,Diaries of Dibella - Lord's Vision,Skyrim Extended Cut - Saints and Seducers,1146,Skyrim Extended Cut - Saints and Seducers.esp,D:\Wabbajack\modlists\DoD\mods\Skyrim Extended Cut - Saints and Seducers\Skyrim Extended Cut - Saints and Seducers.esp,0x0857AF05,EC_SS_EnchArmorMadnessGauntletsTwoHanded04,Madness Gauntlets of Eminent Sure Grip,plugin,Heavy,Heavy,Heavy,0.0,850,8.0,Hands,33,ArmorGauntlets; VendorItemArmor; ArmorHeavy; Survival_ArmorWarm; PerkFistsDaedric,0x0006C0EF; 0x0008F959; 0x0006BBD2; 0x01002ED9; 0x0621BD65; 0x0002C17B,,ArmorGauntlets,VendorItemArmor,0x000BE025,0x06000BBD,CreationClub\BGSSSE025\Armor\Madness\MadnessGauntlets_go.nif,
DoD,D:\Wabbajack\modlists\DoD,Diaries of Dibella - Lord's Vision,Skyrim Extended Cut - Saints and Seducers,1146,Skyrim Extended Cut - Saints and Seducers.esp,D:\Wabbajack\modlists\DoD\mods\Skyrim Extended Cut - Saints and Seducers\Skyrim Extended Cut - Saints and Seducers.esp,0x0857AF06,EC_SS_EnchArmorMadnessGauntletsTwoHanded05,Madness Gauntlets of Extreme Sure Grip,plugin,Heavy,Heavy,Heavy,0.0,850,8.0,Hands,33,ArmorGauntlets; VendorItemArmor; ArmorHeavy; Survival_ArmorWarm; PerkFistsDaedric,0x0006C0EF; 0x0008F959; 0x0006BBD2; 0x01002ED9; 0x0621BD65; 0x0002C17B,,ArmorGauntlets,VendorItemArmor,0x000BE026,0x06000BBD,CreationClub\BGSSSE025\Armor\Madness\MadnessGauntlets_go.nif,
DoD,D:\Wabbajack\modlists\DoD,Diaries of Dibella - Lord's Vision,Skyrim Extended Cut - Saints and Seducers,1146,Skyrim Extended Cut - Saints and Seducers.esp,D:\Wabbajack\modlists\DoD\mods\Skyrim Extended Cut - Saints and Seducers\Skyrim Extended Cut - Saints and Seducers.esp,0x0857AF07,EC_SS_EnchArmorMadnessGauntletsTwoHanded06,Madness Gauntlets of Peerless Sure Grip,plugin,Heavy,Heavy,Heavy,0.0,850,8.0,Hands,33,ArmorGauntlets; VendorItemArmor; ArmorHeavy; Survival_ArmorWarm; PerkFistsDaedric,0x0006C0EF; 0x0008F959; 0x0006BBD2; 0x01002ED9; 0x0621BD65; 0x0002C17B,,ArmorGauntlets,VendorItemArmor,0x000BE027,0x06000BBD,CreationClub\BGSSSE025\Armor\Madness\MadnessGauntlets_go.nif,
DoD,D:\Wabbajack\modlists\DoD,Diaries of Dibella - Lord's Vision,Skyrim Extended Cut - Saints and Seducers,1146,Skyrim Extended Cut - Saints and Seducers.esp,D:\Wabbajack\modlists\DoD\mods\Skyrim Extended Cut - Saints and Seducers\Skyrim Extended Cut - Saints and Seducers.esp,0x085A954E,EC_SS_ArmorMQ102SaintBootsUnplayable,Dark Saint Boots,plugin,Light,Heavy,Light,0.0,240,6.0,Feet,37,ArmorLight; ArmorMaterialDaedric; ArmorBoots; VendorItemArmor,0x0006BBD3; 0x0006BBD4; 0x0006C0ED; 0x0008F959,ArmorMaterialDaedric,ArmorBoots,VendorItemArmor,,,CreationClub\BGSSSE025\Armor\GoldenSaint\GoldenSaintBoots_go.nif,
DoD,D:\Wabbajack\modlists\DoD,Diaries of Dibella - Lord's Vision,Skyrim Extended Cut - Saints and Seducers,1146,Skyrim Extended Cut - Saints and Seducers.esp,D:\Wabbajack\modlists\DoD\mods\Skyrim Extended Cut - Saints and Seducers\Skyrim Extended Cut - Saints and Seducers.esp,0x085A954F,EC_SS_ArmorMQ102SaintCuirassUnplayable,Dark Saint Armor,plugin,Light,Heavy,Light,0.0,1250,35.0,Body,32,ArmorLight; ArmorMaterialDaedric; ArmorCuirass; VendorItemArmor,0x0006BBD3; 0x0006BBD4; 0x0006C0EC; 0x0008F959,ArmorMaterialDaedric,ArmorCuirass,VendorItemArmor,,,CreationClub\BGSSSE025\Armor\GoldenSaint\GoldenSaintCuirass_go.nif,Armor\Elven\M\CuirassHeavyGND.nif
DoD,D:\Wabbajack\modlists\DoD,Diaries of Dibella - Lord's Vision,Skyrim Extended Cut - Saints and Seducers,1146,Skyrim Extended Cut - Saints and Seducers.esp,D:\Wabbajack\modlists\DoD\mods\Skyrim Extended Cut - Saints and Seducers\Skyrim Extended Cut - Saints and Seducers.esp,0x085A9551,EC_SS_ArmorMQ102SaintHelmetUnplayable,Dark Saint Helmet,plugin,Light,Heavy,Light,0.0,650,5.0,Hair; Circlet,31; 42,ArmorLight; ArmorMaterialDaedric; ArmorHelmet; VendorItemArmor,0x0006BBD3; 0x0006BBD4; 0x0006C0EE; 0x0008F959,ArmorMaterialDaedric,ArmorHelmet,VendorItemArmor,,,CreationClub\BGSSSE025\Armor\GoldenSaint\GoldenSaintHelmet_go.nif,
DoD,D:\Wabbajack\modlists\DoD,Diaries of Dibella - Lord's Vision,Skyrim Extended Cut - Saints and Seducers,1146,Skyrim Extended Cut - Saints and Seducers.esp,D:\Wabbajack\modlists\DoD\mods\Skyrim Extended Cut - Saints and Seducers\Skyrim Extended Cut - Saints and Seducers.esp,0x085A9552,EC_SS_ArmorMQ102SeducerBootsUnplayable,Golden Seducer Boots,plugin,Light,Light,Light,0.0,90,1.0,Feet,37,ArmorLight; ArmorMaterialDaedric; ArmorBoots; VendorItemArmor,0x0006BBD3; 0x0006BBD4; 0x0006C0ED; 0x0008F959,ArmorMaterialDaedric,ArmorBoots,VendorItemArmor,,,CreationClub\BGSSSE025\Armor\DarkSeducer\DarkSeducerBoots_go.nif,
DoD,D:\Wabbajack\modlists\DoD,Diaries of Dibella - Lord's Vision,Skyrim Extended Cut - Saints and Seducers,1146,Skyrim Extended Cut - Saints and Seducers.esp,D:\Wabbajack\modlists\DoD\mods\Skyrim Extended Cut - Saints and Seducers\Skyrim Extended Cut - Saints and Seducers.esp,0x085A9553,EC_SS_ArmorMQ102SeducerCuirassUnplayable,Golden Seducer Armor,plugin,Light,Light,Light,0.0,650,5.0,Body,32,ArmorLight; ArmorMaterialDaedric; ArmorCuirass; VendorItemArmor,0x0006BBD3; 0x0006BBD4; 0x0006C0EC; 0x0008F959,ArmorMaterialDaedric,ArmorCuirass,VendorItemArmor,,,CreationClub\BGSSSE025\Armor\DarkSeducer\DarkSeducerCuirass_go.nif,
DoD,D:\Wabbajack\modlists\DoD,Diaries of Dibella - Lord's Vision,Skyrim Extended Cut - Saints and Seducers,1146,Skyrim Extended Cut - Saints and Seducers.esp,D:\Wabbajack\modlists\DoD\mods\Skyrim Extended Cut - Saints and Seducers\Skyrim Extended Cut - Saints and Seducers.esp,0x085A9554,EC_SS_ArmorMQ102SeducerGauntletsUnplayable,Golden Seducer Gauntlets,plugin,Light,Light,Light,0.0,90,1.0,Hands,33,ArmorLight; ArmorMaterialDaedric; ArmorGauntlets; VendorItemArmor,0x0006BBD3; 0x0006BBD4; 0x0006C0EF; 0x0008F959,ArmorMaterialDaedric,ArmorGauntlets,VendorItemArmor,,,CreationClub\BGSSSE025\Armor\DarkSeducer\DarkSeducerGauntlets_go.nif,
DoD,D:\Wabbajack\modlists\DoD,Diaries of Dibella - Lord's Vision,Skyrim Extended Cut - Saints and Seducers,1146,Skyrim Extended Cut - Saints and Seducers.esp,D:\Wabbajack\modlists\DoD\mods\Skyrim Extended Cut - Saints and Seducers\Skyrim Extended Cut - Saints and Seducers.esp,0x085A9555,EC_SS_ArmorMQ102SeducerHelmetUnplayable,Golden Seducer Helmet,plugin,Light,Light,Light,0.0,195,2.0,Hair; Circlet,31; 42,ArmorLight; ArmorMaterialDaedric; ArmorHelmet; VendorItemArmor,0x0006BBD3; 0x0006BBD4; 0x0006C0EE; 0x0008F959,ArmorMaterialDaedric,ArmorHelmet,VendorItemArmor,,,CreationClub\BGSSSE025\Armor\DarkSeducer\DarkSeducerHelmet_go.nif,
DoD,D:\Wabbajack\modlists\DoD,Diaries of Dibella - Lord's Vision,Skyrim Extended Cut - Saints and Seducers,1146,Skyrim Extended Cut - Saints and Seducers.esp,D:\Wabbajack\modlists\DoD\mods\Skyrim Extended Cut - Saints and Seducers\Skyrim Extended Cut - Saints and Seducers.esp,0x085A9556,EC_SS_ArmorMQ102SeducerShieldUnplayable,Golden Seducer Shield,plugin,Light,Light,,0.0,250,4.0,Shield,39,ArmorMaterialDaedric; VendorItemArmor; ArmorShield,0x0006BBD4; 0x0008F959; 0x000965B2,ArmorMaterialDaedric,ArmorShield,VendorItemArmor,,,CreationClub\BGSSSE025\Armor\DarkSeducer\DarkSeducerShield.nif,
DoD,D:\Wabbajack\modlists\DoD,Diaries of Dibella - Lord's Vision,Skyrim Extended Cut - Saints and Seducers,1146,Skyrim Extended Cut - Saints and Seducers.esp,D:\Wabbajack\modlists\DoD\mods\Skyrim Extended Cut - Saints and Seducers\Skyrim Extended Cut - Saints and Seducers.esp,0x085A959D,EC_SS_ArmorMadnessGauntletsUnplayable,Madness Gauntlets,plugin,Heavy,Heavy,Heavy,0.0,850,8.0,Hands,33,PerkFistsDaedric; ArmorHeavy; ArmorGauntlets; VendorItemArmor; Survival_ArmorWarm,0x0002C17B; 0x0006BBD2; 0x0006C0EF; 0x0008F959; 0x01002ED9; 0x0621BD65,,ArmorGauntlets,VendorItemArmor,,,CreationClub\BGSSSE025\Armor\Madness\MadnessGauntlets_go.nif,
DoD,D:\Wabbajack\modlists\DoD,Diaries of Dibella - Lord's Vision,Wyrmstooth,1158,Wyrmstooth.esp,D:\Wabbajack\modlists\DoD\mods\Wyrmstooth\Wyrmstooth.esp,0x024F2E1F,WTDragonPriestHelmSuleyk,Suleyk,plugin,Light,Heavy,Light,0.0,1200,8.0,Head; Circlet,30; 42,MagicDisallowEnchanting; ArmorMaterialDaedric; ArmorHelmet; VendorItemArmor; ArmorLight,0x000C27BD; 0x0006BBD4; 0x0006C0EE; 0x0008F959; 0x0006BBD3,ArmorMaterialDaedric,ArmorHelmet,VendorItemArmor,,,Armor\dragonpriesthelms\wtdragonhelm_rust_go.nif,
DoD,D:\Wabbajack\modlists\DoD,Diaries of Dibella - Lord's Vision,UNSLAAD Voiced - English Addon,1164,Unslaad.esm,D:\Wabbajack\modlists\DoD\mods\UNSLAAD Voiced - English Addon\Unslaad.esm,0x0309D3E2,zzzCrbArmorOwlMask,Gray Owl's Mask,plugin,Light,Light,Light,0.0,100,3.0,Head; Circlet,30; 42,MagicDisallowEnchanting; ArmorMaterialDaedric; ArmorHelmet; VendorItemArmor; ArmorLight,0x000C27BD; 0x0006BBD4; 0x0006C0EE; 0x0008F959; 0x0006BBD3,ArmorMaterialDaedric,ArmorHelmet,VendorItemArmor,0x0309D3E3,,Armor\CrbEX\Owl\OwlMaskGND.nif,
DoD,D:\Wabbajack\modlists\DoD,Diaries of Dibella - Lord's Vision,UNSLAAD Voiced - English Addon,1164,Unslaad.esm,D:\Wabbajack\modlists\DoD\mods\UNSLAAD Voiced - English Addon\Unslaad.esm,0x03235A0A,zzzCrbShieldFrost,Frost Shield,plugin,Heavy,Heavy,,0.0,100,15.0,Shield,39,ArmorShield; VendorItemArmor; ArmorMaterialDaedric,0x000965B2; 0x0008F959; 0x0006BBD4,ArmorMaterialDaedric,ArmorShield,VendorItemArmor,0x03235A0B,,Armor\CrbEX\Shield\Frostshield.nif,
DoD,D:\Wabbajack\modlists\DoD,Diaries of Dibella - Lord's Vision,UNSLAAD Voiced - English Addon,1164,Unslaad.esm,D:\Wabbajack\modlists\DoD\mods\UNSLAAD Voiced - English Addon\Unslaad.esm,0x0323D2EA,zzzCrbShieldSithis02,Shield of Sithis,plugin,Light,Light,,0.0,80,4.0,Shield,39,ArmorMaterialDaedric; VendorItemArmor; ArmorShield; MagicDisallowEnchanting,0x0006BBD4; 0x0008F959; 0x000965B2; 0x000C27BD,ArmorMaterialDaedric,ArmorShield,VendorItemArmor,0x03253D6A,,Armor\CrbEX\Shield\SithisShield02.nif,
DoD,D:\Wabbajack\modlists\DoD,Diaries of Dibella - Lord's Vision,UNSLAAD Voiced - English Addon,1164,Unslaad.esm,D:\Wabbajack\modlists\DoD\mods\UNSLAAD Voiced - English Addon\Unslaad.esm,0x0323D2E9,zzzCrbShieldSithis01,Shield of the Black Sacrament,plugin,Heavy,Heavy,,0.0,100,14.0,Shield,39,ArmorShield; VendorItemArmor; ArmorMaterialDaedric; MagicDisallowEnchanting,0x000965B2; 0x0008F959; 0x0006BBD4; 0x000C27BD,ArmorMaterialDaedric,ArmorShield,VendorItemArmor,0x0323FB2E,,Armor\CrbEX\Shield\SithisShield01.nif,
DoD,D:\Wabbajack\modlists\DoD,Diaries of Dibella - Lord's Vision,UNSLAAD Voiced - English Addon,1164,Unslaad.esm,D:\Wabbajack\modlists\DoD\mods\UNSLAAD Voiced - English Addon\Unslaad.esm,0x0324237D,zzzCrbShieldMagnus,Shield of Magnus,plugin,Light,Light,,0.0,10,1.0,Shield,39,ArmorShield; VendorItemArmor; MagicDisallowEnchanting; ArmorMaterialDaedric,0x000965B2; 0x0008F959; 0x000C27BD; 0x0006BBD4,ArmorMaterialDaedric,ArmorShield,VendorItemArmor,0x0324237F,,Armor\CrbEX\Shield\Magnusshield.nif,
DoD,D:\Wabbajack\modlists\DoD,Diaries of Dibella - Lord's Vision,UNSLAAD Voiced - English Addon,1164,Unslaad.esm,D:\Wabbajack\modlists\DoD\mods\UNSLAAD Voiced - English Addon\Unslaad.esm,0x0325151B,zzzCrbShieldMage,Mage Shield,plugin,Heavy,Heavy,,0.0,10,3.0,Shield,39,ArmorShield; VendorItemArmor; MagicDisallowEnchanting; ArmorMaterialDaedric,0x000965B2; 0x0008F959; 0x000C27BD; 0x0006BBD4,ArmorMaterialDaedric,ArmorShield,VendorItemArmor,0x0325151C,,Armor\CrbEX\Shield\Mageshield.nif,
DoD,D:\Wabbajack\modlists\DoD,Diaries of Dibella - Lord's Vision,UNSLAAD Voiced - English Addon,1164,Unslaad.esm,D:\Wabbajack\modlists\DoD\mods\UNSLAAD Voiced - English Addon\Unslaad.esm,0x03409CF2,zzzCrbArmorJhunalMask,Priest of Jhunal Mask,plugin,Light,Light,Light,0.0,100,1.0,Head; Circlet,30; 42,MagicDisallowEnchanting; ArmorMaterialDaedric; ArmorHelmet; VendorItemArmor; ArmorLight,0x000C27BD; 0x0006BBD4; 0x0006C0EE; 0x0008F959; 0x0006BBD3,ArmorMaterialDaedric,ArmorHelmet,VendorItemArmor,0x03409CF3,,Armor\CrbEX\Jhunal\JhunalMaskGND.nif,
DoD,D:\Wabbajack\modlists\DoD,Diaries of Dibella - Lord's Vision,UNSLAAD Voiced - English Addon,1164,Unslaad.esm,D:\Wabbajack\modlists\DoD\mods\UNSLAAD Voiced - English Addon\Unslaad.esm,0x03456536,zzzCrbArmorHareMask,Mask of the Hare,plugin,Light,Light,Light,0.0,100,1.0,Head; Circlet,30; 42,MagicDisallowEnchanting; ArmorMaterialDaedric; ArmorHelmet; VendorItemArmor; ArmorLight,0x000C27BD; 0x0006BBD4; 0x0006C0EE; 0x0008F959; 0x0006BBD3,ArmorMaterialDaedric,ArmorHelmet,VendorItemArmor,0x03456539,,Armor\CrbEX\Hare\HareMaskGND.nif,
DoD,D:\Wabbajack\modlists\DoD,Diaries of Dibella - Lord's Vision,Unslaad SE,1169,Unslaad.esm,D:\Wabbajack\modlists\DoD\mods\Unslaad SE\Unslaad.esm,0x0309D3E2,zzzCrbArmorOwlMask,Mask of Gray Owl,plugin,Light,Light,Light,0.0,100,3.0,Head; Circlet,30; 42,MagicDisallowEnchanting; ArmorMaterialDaedric; ArmorHelmet; VendorItemArmor; ArmorLight,0x000C27BD; 0x0006BBD4; 0x0006C0EE; 0x0008F959; 0x0006BBD3,ArmorMaterialDaedric,ArmorHelmet,VendorItemArmor,0x0309D3E3,,Armor\CrbEX\Owl\OwlMaskGND.nif,
DoD,D:\Wabbajack\modlists\DoD,Diaries of Dibella - Lord's Vision,Unslaad SE,1169,Unslaad.esm,D:\Wabbajack\modlists\DoD\mods\Unslaad SE\Unslaad.esm,0x03235A0A,zzzCrbShieldFrost,Frost Shield,plugin,Heavy,Heavy,,0.0,100,15.0,Shield,39,ArmorShield; VendorItemArmor; ArmorMaterialDaedric,0x000965B2; 0x0008F959; 0x0006BBD4,ArmorMaterialDaedric,ArmorShield,VendorItemArmor,0x03235A0B,,Armor\CrbEX\Shield\Frostshield.nif,
DoD,D:\Wabbajack\modlists\DoD,Diaries of Dibella - Lord's Vision,Unslaad SE,1169,Unslaad.esm,D:\Wabbajack\modlists\DoD\mods\Unslaad SE\Unslaad.esm,0x0323D2EA,zzzCrbShieldSithis02,Shield of Sithis,plugin,Light,Light,,0.0,80,4.0,Shield,39,ArmorMaterialDaedric; VendorItemArmor; ArmorShield; MagicDisallowEnchanting,0x0006BBD4; 0x0008F959; 0x000965B2; 0x000C27BD,ArmorMaterialDaedric,ArmorShield,VendorItemArmor,0x03253D6A,,Armor\CrbEX\Shield\SithisShield02.nif,
DoD,D:\Wabbajack\modlists\DoD,Diaries of Dibella - Lord's Vision,Unslaad SE,1169,Unslaad.esm,D:\Wabbajack\modlists\DoD\mods\Unslaad SE\Unslaad.esm,0x0323D2E9,zzzCrbShieldSithis01,Shield of Black Sacrament,plugin,Heavy,Heavy,,0.0,100,14.0,Shield,39,ArmorShield; VendorItemArmor; ArmorMaterialDaedric; MagicDisallowEnchanting,0x000965B2; 0x0008F959; 0x0006BBD4; 0x000C27BD,ArmorMaterialDaedric,ArmorShield,VendorItemArmor,0x0323FB2E,,Armor\CrbEX\Shield\SithisShield01.nif,
DoD,D:\Wabbajack\modlists\DoD,Diaries of Dibella - Lord's Vision,Unslaad SE,1169,Unslaad.esm,D:\Wabbajack\modlists\DoD\mods\Unslaad SE\Unslaad.esm,0x0324237D,zzzCrbShieldMagnus,Shield of Magnus,plugin,Light,Light,,0.0,10,1.0,Shield,39,ArmorShield; VendorItemArmor; MagicDisallowEnchanting; ArmorMaterialDaedric,0x000965B2; 0x0008F959; 0x000C27BD; 0x0006BBD4,ArmorMaterialDaedric,ArmorShield,VendorItemArmor,0x0324237F,,Armor\CrbEX\Shield\Magnusshield.nif,
DoD,D:\Wabbajack\modlists\DoD,Diaries of Dibella - Lord's Vision,Unslaad SE,1169,Unslaad.esm,D:\Wabbajack\modlists\DoD\mods\Unslaad SE\Unslaad.esm,0x0325151B,zzzCrbShieldMage,Shield of Wizard,plugin,Heavy,Heavy,,0.0,10,3.0,Shield,39,ArmorShield; VendorItemArmor; MagicDisallowEnchanting; ArmorMaterialDaedric,0x000965B2; 0x0008F959; 0x000C27BD; 0x0006BBD4,ArmorMaterialDaedric,ArmorShield,VendorItemArmor,0x0325151C,,Armor\CrbEX\Shield\Mageshield.nif,
DoD,D:\Wabbajack\modlists\DoD,Diaries of Dibella - Lord's Vision,Unslaad SE,1169,Unslaad.esm,D:\Wabbajack\modlists\DoD\mods\Unslaad SE\Unslaad.esm,0x03409CF2,zzzCrbArmorJhunalMask,Mask of Jhunal Priest,plugin,Light,Light,Light,0.0,100,1.0,Head; Circlet,30; 42,MagicDisallowEnchanting; ArmorMaterialDaedric; ArmorHelmet; VendorItemArmor; ArmorLight,0x000C27BD; 0x0006BBD4; 0x0006C0EE; 0x0008F959; 0x0006BBD3,ArmorMaterialDaedric,ArmorHelmet,VendorItemArmor,0x03409CF3,,Armor\CrbEX\Jhunal\JhunalMaskGND.nif,
DoD,D:\Wabbajack\modlists\DoD,Diaries of Dibella - Lord's Vision,Unslaad SE,1169,Unslaad.esm,D:\Wabbajack\modlists\DoD\mods\Unslaad SE\Unslaad.esm,0x03456536,zzzCrbArmorHareMask,Mask of Hare,plugin,Light,Light,Light,0.0,100,1.0,Head; Circlet,30; 42,MagicDisallowEnchanting; ArmorMaterialDaedric; ArmorHelmet; VendorItemArmor; ArmorLight,0x000C27BD; 0x0006BBD4; 0x0006C0EE; 0x0008F959; 0x0006BBD3,ArmorMaterialDaedric,ArmorHelmet,VendorItemArmor,0x03456539,,Armor\CrbEX\Hare\HareMaskGND.nif,
DoD,D:\Wabbajack\modlists\DoD,Diaries of Dibella - Lord's Vision,GLENMORIL - English Translation,1174,Glenmoril.esm,D:\Wabbajack\modlists\DoD\mods\GLENMORIL - English Translation\Glenmoril.esm,0x040088AB,zzzGHArmorBrainHead,Enlarged Head,plugin,Light,Light,Light,0.0,1,2.0,Hair,31,ArmorHelmet; VendorItemArmor; ArmorLight; ArmorMaterialDaedric,0x0006C0EE; 0x0008F959; 0x0006BBD3; 0x0006BBD4,ArmorMaterialDaedric,ArmorHelmet,VendorItemArmor,,,Armor\WitchHunt\Brain\BrainHeadGND.nif,
DoD,D:\Wabbajack\modlists\DoD,Diaries of Dibella - Lord's Vision,GLENMORIL - English Translation,1174,Glenmoril.esm,D:\Wabbajack\modlists\DoD\mods\GLENMORIL - English Translation\Glenmoril.esm,0x0419F3F1,zzzRevClothDollMeridNunda,Idol of Merid-Nunda,plugin,Clothing,Clothing,,0.0,1,0.1,Custom Slot (48),48,ArmorMaterialDaedric; VendorItemClothing; ArmorJewelry; MagicDisallowEnchanting,0x0006BBD4; 0x0008F95B; 0x0006BBE9; 0x000C27BD,ArmorMaterialDaedric,,VendorItemClothing,0x0419F3F3,,Armor\Revenant\Misc\MeridDoguGND.nif,
DoD,D:\Wabbajack\modlists\DoD,Diaries of Dibella - Lord's Vision,GLENMORIL - English Translation,1174,Glenmoril.esm,D:\Wabbajack\modlists\DoD\mods\GLENMORIL - English Translation\Glenmoril.esm,0x040088AC,zzzGHNPBrainHead,Enlarged Head,plugin,Light,Light,Light,0.0,1,2.0,Hair,31,ArmorHelmet; VendorItemArmor; ArmorLight; ArmorMaterialDaedric,0x0006C0EE; 0x0008F959; 0x0006BBD3; 0x0006BBD4,ArmorMaterialDaedric,ArmorHelmet,VendorItemArmor,,,Armor\WitchHunt\Brain\BrainHeadGND.nif,
DoD,D:\Wabbajack\modlists\DoD,Diaries of Dibella - Lord's Vision,GLENMORIL - English Translation,1174,Glenmoril.esm,D:\Wabbajack\modlists\DoD\mods\GLENMORIL - English Translation\Glenmoril.esm,0x043E59B4,zzzRevArmorLurcherHeadRed,Overgrown Crimson Nirnroot,plugin,Light,Light,Light,0.0,1,1.0,Head; Hair; Circlet; Ears,30; 31; 42; 43,ArmorMaterialDaedric; VendorItemArmor; ArmorHelmet; ArmorLight; MagicDisallowEnchanting,0x0006BBD4; 0x0008F959; 0x0006C0EE; 0x0006BBD3; 0x000C27BD,ArmorMaterialDaedric,ArmorHelmet,VendorItemArmor,0x043E5A17,,DLC02\Clutter\Ingredients\DLC2Taproot.nif,
DoD,D:\Wabbajack\modlists\DoD,Diaries of Dibella - Lord's Vision,GLENMORIL - English Translation,1174,Glenmoril.esm,D:\Wabbajack\modlists\DoD\mods\GLENMORIL - English Translation\Glenmoril.esm,0x043E59B3,zzzRevArmorLurcherHead,Overgrown Nirnroot,plugin,Light,Light,Light,0.0,1,1.0,Head; Hair; Circlet; Ears,30; 31; 42; 43,ArmorMaterialDaedric; VendorItemArmor; ArmorHelmet; ArmorLight; MagicDisallowEnchanting,0x0006BBD4; 0x0008F959; 0x0006C0EE; 0x0006BBD3; 0x000C27BD,ArmorMaterialDaedric,ArmorHelmet,VendorItemArmor,0x043E5A16,,Clutter\Ingredients\SprigganTaproot.nif,
DoD,D:\Wabbajack\modlists\DoD,Diaries of Dibella - Lord's Vision,GLENMORIL - English Translation,1174,Glenmoril.esm,D:\Wabbajack\modlists\DoD\mods\GLENMORIL - English Translation\Glenmoril.esm,0x0442A6A2,zzzRevTorvesardCuirass,Torvesard Body,plugin,Light,Light,Light,0.0,1,1.0,Body; Circlet,32; 42,ArmorLight; VendorItemArmor; ArmorCuirass; ArmorMaterialDaedric,0x0006BBD3; 0x0008F959; 0x0006C0EC; 0x0006BBD4,ArmorMaterialDaedric,ArmorCuirass,VendorItemArmor,,,¦B,
DoD,D:\Wabbajack\modlists\DoD,Diaries of Dibella - Lord's Vision,GLENMORIL - English Translation,1174,Glenmoril.esm,D:\Wabbajack\modlists\DoD\mods\GLENMORIL - English Translation\Glenmoril.esm,0x042C3362,zzzRevArmorMarionetteGauntlets,Marionette Gloves,plugin,Light,Light,Light,0.0,25,1.0,Hands,33,ArmorLight; VendorItemArmor; ArmorGauntlets; ArmorMaterialSteel; PerkFistsDaedric,0x0006BBD3; 0x0008F959; 0x0006C0EF; 0x0006BBE6; 0x0002C17B,ArmorMaterialSteel,ArmorGauntlets,VendorItemArmor,,,Armor\RevCgt\Dremorn\DarkLady\DLGloveGND.nif,
DoD,D:\Wabbajack\modlists\DoD,Diaries of Dibella - Lord's Vision,GLENMORIL - English Translation,1174,Glenmoril.esm,D:\Wabbajack\modlists\DoD\mods\GLENMORIL - English Translation\Glenmoril.esm,0x042CED07,zzzRevNpMarionetteGauntlets,Marionette Gloves,plugin,Light,Light,Light,0.0,25,1.0,Hands,33,ArmorLight; VendorItemArmor; ArmorGauntlets; ArmorMaterialSteel; PerkFistsDaedric,0x0006BBD3; 0x0008F959; 0x0006C0EF; 0x0006BBE6; 0x0002C17B,ArmorMaterialSteel,ArmorGauntlets,VendorItemArmor,,,Armor\RevCgt\Dremorn\DarkLady\DLGloveGND.nif,
DoD,D:\Wabbajack\modlists\DoD,Diaries of Dibella - Lord's Vision,GLENMORIL - English Translation,1174,Glenmoril.esm,D:\Wabbajack\modlists\DoD\mods\GLENMORIL - English Translation\Glenmoril.esm,0x042E0340,zzzRevArmorDagothUr,,,Heavy,Heavy,Heavy,0.0,1,1.0,Head; Body; Hands; Feet; Circlet,30; 32; 33; 37; 42,ArmorHeavy; VendorItemArmor; ArmorCuirass; ArmorMaterialDaedric,0x0006BBD2; 0x0008F959; 0x0006C0EC; 0x0006BBD4,ArmorMaterialDaedric,ArmorCuirass,VendorItemArmor,,,Armor\Ebony\M\CuirassGND.nif,Armor\Ebony\M\CuirassGND.nif
DoD,D:\Wabbajack\modlists\DoD,Diaries of Dibella - Lord's Vision,GLENMORIL - English Translation,1174,Glenmoril.esm,D:\Wabbajack\modlists\DoD\mods\GLENMORIL - English Translation\Glenmoril.esm,0x0454ACB8,zzzRevArmorXerolygShield,Embrace of Unala-Se,plugin,Heavy,Heavy,,0.0,215,1.0,Shield,39,ArmorShield; VendorItemArmor; ArmorMaterialDaedric; MagicDisallowEnchanting,0x000965B2; 0x0008F959; 0x0006BBD4; 0x000C27BD,ArmorMaterialDaedric,ArmorShield,VendorItemArmor,0x0454ACBE,,Weapons\RevCgt\Nkds\XerolygShield.nif,
DoD,D:\Wabbajack\modlists\DoD,Diaries of Dibella - Lord's Vision,GLENMORIL - English Translation,1174,Glenmoril.esm,D:\Wabbajack\modlists\DoD\mods\GLENMORIL - English Translation\Glenmoril.esm,0x0434F540,zzzRevArmorAhzidalMask,Ahzidal's Mask,plugin,Light,Light,Light,0.0,100,1.0,Circlet,42,ArmorLight; ArmorHelmet; VendorItemArmor; ArmorMaterialDaedric; MagicDisallowEnchanting,0x0006BBD3; 0x0006C0EE; 0x0008F959; 0x0006BBD4; 0x000C27BD,ArmorMaterialDaedric,ArmorHelmet,VendorItemArmor,0x043B1C06,,Armor\Revenant\Ahzidal\AhzidalMaskgnd.nif,
DoD,D:\Wabbajack\modlists\DoD,Diaries of Dibella - Lord's Vision,GLENMORIL SE,1175,Glenmoril.esm,D:\Wabbajack\modlists\DoD\mods\GLENMORIL SE\Glenmoril.esm,0x040088AB,zzzGHArmorBrainHead,Hypertrophied Head,plugin,Light,Light,Light,0.0,1,2.0,Hair,31,ArmorHelmet; VendorItemArmor; ArmorLight; ArmorMaterialDaedric,0x0006C0EE; 0x0008F959; 0x0006BBD3; 0x0006BBD4,ArmorMaterialDaedric,ArmorHelmet,VendorItemArmor,,,Armor\WitchHunt\Brain\BrainHeadGND.nif,
DoD,D:\Wabbajack\modlists\DoD,Diaries of Dibella - Lord's Vision,GLENMORIL SE,1175,Glenmoril.esm,D:\Wabbajack\modlists\DoD\mods\GLENMORIL SE\Glenmoril.esm,0x0419F3F1,zzzRevClothDollMeridNunda,Doll of Merid Nunda,plugin,Clothing,Clothing,,0.0,1,0.1,Custom Slot (48),48,ArmorMaterialDaedric; VendorItemClothing; ArmorJewelry; MagicDisallowEnchanting,0x0006BBD4; 0x0008F95B; 0x0006BBE9; 0x000C27BD,ArmorMaterialDaedric,,VendorItemClothing,0x0419F3F3,,Armor\Revenant\Misc\MeridDoguGND.nif,
DoD,D:\Wabbajack\modlists\DoD,Diaries of Dibella - Lord's Vision,GLENMORIL SE,1175,Glenmoril.esm,D:\Wabbajack\modlists\DoD\mods\GLENMORIL SE\Glenmoril.esm,0x040088AC,zzzGHNPBrainHead,Hypertrophied Head,plugin,Light,Light,Light,0.0,1,2.0,Hair,31,ArmorHelmet; VendorItemArmor; ArmorLight; ArmorMaterialDaedric,0x0006C0EE; 0x0008F959; 0x0006BBD3; 0x0006BBD4,ArmorMaterialDaedric,ArmorHelmet,VendorItemArmor,,,Armor\WitchHunt\Brain\BrainHeadGND.nif,
DoD,D:\Wabbajack\modlists\DoD,Diaries of Dibella - Lord's Vision,GLENMORIL SE,1175,Glenmoril.esm,D:\Wabbajack\modlists\DoD\mods\GLENMORIL SE\Glenmoril.esm,0x043E59B4,zzzRevArmorLurcherHeadRed,Overgrown Crimson Nirnroot,plugin,Light,Light,Light,0.0,1,1.0,Head; Hair; Circlet; Ears,30; 31; 42; 43,ArmorMaterialDaedric; VendorItemArmor; ArmorHelmet; ArmorLight; MagicDisallowEnchanting,0x0006BBD4; 0x0008F959; 0x0006C0EE; 0x0006BBD3; 0x000C27BD,ArmorMaterialDaedric,ArmorHelmet,VendorItemArmor,0x043E5A17,,DLC02\Clutter\Ingredients\DLC2Taproot.nif,
DoD,D:\Wabbajack\modlists\DoD,Diaries of Dibella - Lord's Vision,GLENMORIL SE,1175,Glenmoril.esm,D:\Wabbajack\modlists\DoD\mods\GLENMORIL SE\Glenmoril.esm,0x043E59B3,zzzRevArmorLurcherHead,Overgrown Nirnroot,plugin,Light,Light,Light,0.0,1,1.0,Head; Hair; Circlet; Ears,30; 31; 42; 43,ArmorMaterialDaedric; VendorItemArmor; ArmorHelmet; ArmorLight; MagicDisallowEnchanting,0x0006BBD4; 0x0008F959; 0x0006C0EE; 0x0006BBD3; 0x000C27BD,ArmorMaterialDaedric,ArmorHelmet,VendorItemArmor,0x043E5A16,,Clutter\Ingredients\SprigganTaproot.nif,
DoD,D:\Wabbajack\modlists\DoD,Diaries of Dibella - Lord's Vision,GLENMORIL SE,1175,Glenmoril.esm,D:\Wabbajack\modlists\DoD\mods\GLENMORIL SE\Glenmoril.esm,0x0442A6A2,zzzRevTorvesardCuirass,Torvesard Body,plugin,Light,Light,Light,0.0,1,1.0,Body; Circlet,32; 42,ArmorLight; VendorItemArmor; ArmorCuirass; ArmorMaterialDaedric,0x0006BBD3; 0x0008F959; 0x0006C0EC; 0x0006BBD4,ArmorMaterialDaedric,ArmorCuirass,VendorItemArmor,,,¦B,
DoD,D:\Wabbajack\modlists\DoD,Diaries of Dibella - Lord's Vision,GLENMORIL SE,1175,Glenmoril.esm,D:\Wabbajack\modlists\DoD\mods\GLENMORIL SE\Glenmoril.esm,0x042C3362,zzzRevArmorMarionetteGauntlets,Marionette Glove,plugin,Light,Light,Light,0.0,25,1.0,Hands,33,ArmorLight; VendorItemArmor; ArmorGauntlets; ArmorMaterialSteel; PerkFistsDaedric,0x0006BBD3; 0x0008F959; 0x0006C0EF; 0x0006BBE6; 0x0002C17B,ArmorMaterialSteel,ArmorGauntlets,VendorItemArmor,,,Armor\RevCgt\Dremorn\DarkLady\DLGloveGND.nif,
DoD,D:\Wabbajack\modlists\DoD,Diaries of Dibella - Lord's Vision,GLENMORIL SE,1175,Glenmoril.esm,D:\Wabbajack\modlists\DoD\mods\GLENMORIL SE\Glenmoril.esm,0x042CED07,zzzRevNpMarionetteGauntlets,Marionette Glove,plugin,Light,Light,Light,0.0,25,1.0,Hands,33,ArmorLight; VendorItemArmor; ArmorGauntlets; ArmorMaterialSteel; PerkFistsDaedric,0x0006BBD3; 0x0008F959; 0x0006C0EF; 0x0006BBE6; 0x0002C17B,ArmorMaterialSteel,ArmorGauntlets,VendorItemArmor,,,Armor\RevCgt\Dremorn\DarkLady\DLGloveGND.nif,
DoD,D:\Wabbajack\modlists\DoD,Diaries of Dibella - Lord's Vision,GLENMORIL SE,1175,Glenmoril.esm,D:\Wabbajack\modlists\DoD\mods\GLENMORIL SE\Glenmoril.esm,0x042E0340,zzzRevArmorDagothUr,,,Heavy,Heavy,Heavy,0.0,1,1.0,Head; Body; Hands; Feet; Circlet,30; 32; 33; 37; 42,ArmorHeavy; VendorItemArmor; ArmorCuirass; ArmorMaterialDaedric,0x0006BBD2; 0x0008F959; 0x0006C0EC; 0x0006BBD4,ArmorMaterialDaedric,ArmorCuirass,VendorItemArmor,,,Armor\Ebony\M\CuirassGND.nif,Armor\Ebony\M\CuirassGND.nif
DoD,D:\Wabbajack\modlists\DoD,Diaries of Dibella - Lord's Vision,GLENMORIL SE,1175,Glenmoril.esm,D:\Wabbajack\modlists\DoD\mods\GLENMORIL SE\Glenmoril.esm,0x0454ACB8,zzzRevArmorXerolygShield,Brace of Unala-Se,plugin,Heavy,Heavy,,0.0,215,1.0,Shield,39,ArmorShield; VendorItemArmor; ArmorMaterialDaedric; MagicDisallowEnchanting,0x000965B2; 0x0008F959; 0x0006BBD4; 0x000C27BD,ArmorMaterialDaedric,ArmorShield,VendorItemArmor,0x0454ACBE,,Weapons\RevCgt\Nkds\XerolygShield.nif,
DoD,D:\Wabbajack\modlists\DoD,Diaries of Dibella - Lord's Vision,GLENMORIL SE,1175,Glenmoril.esm,D:\Wabbajack\modlists\DoD\mods\GLENMORIL SE\Glenmoril.esm,0x0434F540,zzzRevArmorAhzidalMask,Ahzidal Mask,plugin,Light,Light,Light,0.0,100,1.0,Circlet,42,ArmorLight; ArmorHelmet; VendorItemArmor; ArmorMaterialDaedric; MagicDisallowEnchanting,0x0006BBD3; 0x0006C0EE; 0x0008F959; 0x0006BBD4; 0x000C27BD,ArmorMaterialDaedric,ArmorHelmet,VendorItemArmor,0x043B1C06,,Armor\Revenant\Ahzidal\AhzidalMaskgnd.nif,
DoD,D:\Wabbajack\modlists\DoD,Diaries of Dibella - Lord's Vision,VIGILANT - English Translation (Silent),1184,Vigilant.esm,D:\Wabbajack\modlists\DoD\mods\VIGILANT - English Translation (Silent)\Vigilant.esm,0x0215BAE3,zzzCHArmorAkatoshKnightGauntlets,Knight of Akatosh Gauntlets,plugin,Heavy,Heavy,Heavy,0.0,125,4.0,Hands,33,ArmorHeavy; PerkFistsDaedric; ArmorGauntlets; VendorItemArmor; ArmorMaterialImperialHeavy,0x0006BBD2; 0x0002C17B; 0x0006C0EF; 0x0008F959; 0x0006BBE2,ArmorMaterialImperialHeavy,ArmorGauntlets,VendorItemArmor,,,Armor\AoM\akatosh\AkatoshGauntletsGND.nif,
DoD,D:\Wabbajack\modlists\DoD,Diaries of Dibella - Lord's Vision,VIGILANT - English Translation (Silent),1184,Vigilant.esm,D:\Wabbajack\modlists\DoD\mods\VIGILANT - English Translation (Silent)\Vigilant.esm,0x0215CE28,zzzCHArmorAkatoshKnightGauntlets_rust,Knight of Akatosh Gauntlets (Rusty),plugin,Heavy,Heavy,Heavy,0.0,100,4.0,Hands,33,ArmorHeavy; PerkFistsDaedric; ArmorGauntlets; VendorItemArmor; ArmorMaterialImperialHeavy,0x0006BBD2; 0x0002C17B; 0x0006C0EF; 0x0008F959; 0x0006BBE2,ArmorMaterialImperialHeavy,ArmorGauntlets,VendorItemArmor,,,Armor\AoM\akatosh\AkatoshGauntletsGND.nif,
DoD,D:\Wabbajack\modlists\DoD,Diaries of Dibella - Lord's Vision,VIGILANT - English Translation (Silent),1184,Vigilant.esm,D:\Wabbajack\modlists\DoD\mods\VIGILANT - English Translation (Silent)\Vigilant.esm,0x02162E2B,zzzCHArmorTalosKnightGauntlets,Knight of Talos Gauntlets,plugin,Heavy,Heavy,Heavy,0.0,125,5.0,Hands,33,ArmorHeavy; PerkFistsDaedric; ArmorGauntlets; VendorItemArmor; ArmorMaterialImperialHeavy,0x0006BBD2; 0x0002C17B; 0x0006C0EF; 0x0008F959; 0x0006BBE2,ArmorMaterialImperialHeavy,ArmorGauntlets,VendorItemArmor,,,Armor\AoM\Talos\TalosGauntletsGND.nif,
DoD,D:\Wabbajack\modlists\DoD,Diaries of Dibella - Lord's Vision,VIGILANT - English Translation (Silent),1184,Vigilant.esm,D:\Wabbajack\modlists\DoD\mods\VIGILANT - English Translation (Silent)\Vigilant.esm,0x02164165,zzzCHArmorTalosKnightGauntlets_Rust,Knight of Talos Gauntlets (Rusty),plugin,Heavy,Heavy,Heavy,0.0,100,5.0,Hands,33,ArmorHeavy; PerkFistsDaedric; ArmorGauntlets; VendorItemArmor; ArmorMaterialImperialHeavy,0x0006BBD2; 0x0002C17B; 0x0006C0EF; 0x0008F959; 0x0006BBE2,ArmorMaterialImperialHeavy,ArmorGauntlets,VendorItemArmor,,,Armor\AoM\Talos\TalosGauntletsGND.nif,
DoD,D:\Wabbajack\modlists\DoD,Diaries of Dibella - Lord's Vision,VIGILANT - English Translation (Silent),1184,Vigilant.esm,D:\Wabbajack\modlists\DoD\mods\VIGILANT - English Translation (Silent)\Vigilant.esm,0x0218782B,zzzCHArmorMinosGauntlets,Morihaus' Gauntlets,plugin,Heavy,Heavy,Heavy,0.0,200,6.0,Hands,33,ArmorHeavy; PerkFistsDaedric; ArmorGauntlets; VendorItemArmor; ArmorMaterialEbony,0x0006BBD2; 0x0002C17B; 0x0006C0EF; 0x0008F959; 0x0006BBD8,ArmorMaterialEbony,ArmorGauntlets,VendorItemArmor,,,Armor\AoM\Minos\MinosGauntletsGND.nif,
DoD,D:\Wabbajack\modlists\DoD,Diaries of Dibella - Lord's Vision,VIGILANT - English Translation (Silent),1184,Vigilant.esm,D:\Wabbajack\modlists\DoD\mods\VIGILANT - English Translation (Silent)\Vigilant.esm,0x021B3216,zzzCHArmorArkayKnightGauntlets,Knight of Arkay Gauntlets,plugin,Heavy,Heavy,Heavy,0.0,125,4.0,Hands,33,ArmorHeavy; PerkFistsDaedric; ArmorGauntlets; VendorItemArmor; ArmorMaterialImperialHeavy,0x0006BBD2; 0x0002C17B; 0x0006C0EF; 0x0008F959; 0x0006BBE2,ArmorMaterialImperialHeavy,ArmorGauntlets,VendorItemArmor,,,Armor\AoM\Arkay\ArkayGauntletsGND.nif,
DoD,D:\Wabbajack\modlists\DoD,Diaries of Dibella - Lord's Vision,VIGILANT - English Translation (Silent),1184,Vigilant.esm,D:\Wabbajack\modlists\DoD\mods\VIGILANT - English Translation (Silent)\Vigilant.esm,0x021B454F,zzzCHArmorArkayKnightGauntletsRust,Knight of Arkay Gauntlets (Rusty),plugin,Heavy,Heavy,Heavy,0.0,100,4.0,Hands,33,ArmorHeavy; PerkFistsDaedric; ArmorGauntlets; VendorItemArmor; ArmorMaterialImperialHeavy,0x0006BBD2; 0x0002C17B; 0x0006C0EF; 0x0008F959; 0x0006BBE2,ArmorMaterialImperialHeavy,ArmorGauntlets,VendorItemArmor,,,Armor\AoM\Arkay\ArkayGauntletsGND.nif,
DoD,D:\Wabbajack\modlists\DoD,Diaries of Dibella - Lord's Vision,VIGILANT - English Translation (Silent),1184,Vigilant.esm,D:\Wabbajack\modlists\DoD\mods\VIGILANT - English Translation (Silent)\Vigilant.esm,0x021B6BC6,zzzCHArmorAkavirGauntlets,Remanite Shock Corps Gauntlets,plugin,Light,Light,Light,0.0,75,2.0,Hands,33,VendorItemArmor; PerkFistsDaedric; ArmorGauntlets; ArmorMaterialImperialLight; ArmorLight,0x0008F959; 0x0002C17B; 0x0006C0EF; 0x0006BBE0; 0x0006BBD3,ArmorMaterialImperialLight,ArmorGauntlets,VendorItemArmor,,,Armor\AoM\Akavir\AkavirGloveGND.nif,
DoD,D:\Wabbajack\modlists\DoD,Diaries of Dibella - Lord's Vision,VIGILANT - English Translation (Silent),1184,Vigilant.esm,D:\Wabbajack\modlists\DoD\mods\VIGILANT - English Translation (Silent)\Vigilant.esm,0x021D0689,zzzCHArmorGorieusGauntlets,Gorieus' Dragonmaster Knight Gauntlets,plugin,Heavy,Heavy,Heavy,0.0,200,4.0,Hands,33,ArmorHeavy; PerkFistsDaedric; ArmorGauntlets; VendorItemArmor; ArmorMaterialImperialHeavy,0x0006BBD2; 0x0002C17B; 0x0006C0EF; 0x0008F959; 0x0006BBE2,ArmorMaterialImperialHeavy,ArmorGauntlets,VendorItemArmor,,,Armor\AoM\Gorieus\GorieusGauntletsGND.nif,
DoD,D:\Wabbajack\modlists\DoD,Diaries of Dibella - Lord's Vision,VIGILANT - English Translation (Silent),1184,Vigilant.esm,D:\Wabbajack\modlists\DoD\mods\VIGILANT - English Translation (Silent)\Vigilant.esm,0x022083DB,zzzCHArmorGorieusGauntlets_ebony,Gorieus' Dragonrider Knight Gauntlets,plugin,Heavy,Heavy,Heavy,0.0,625,4.0,Hands,33,ArmorHeavy; PerkFistsDaedric; ArmorGauntlets; VendorItemArmor; ArmorMaterialImperialHeavy,0x0006BBD2; 0x0002C17B; 0x0006C0EF; 0x0008F959; 0x0006BBE2,ArmorMaterialImperialHeavy,ArmorGauntlets,VendorItemArmor,,,Armor\AoM\Gorieus\GorieusGauntletsGND.nif,
DoD,D:\Wabbajack\modlists\DoD,Diaries of Dibella - Lord's Vision,VIGILANT - English Translation (Silent),1184,Vigilant.esm,D:\Wabbajack\modlists\DoD\mods\VIGILANT - English Translation (Silent)\Vigilant.esm,0x02209720,zzzCHArmorGorieusGauntlets_blood,Gorieus' Dragonblood Knight Gauntlets,plugin,Heavy,Heavy,Heavy,0.0,175,4.0,Hands,33,ArmorHeavy; PerkFistsDaedric; ArmorGauntlets; VendorItemArmor; ArmorMaterialImperialHeavy,0x0006BBD2; 0x0002C17B; 0x0006C0EF; 0x0008F959; 0x0006BBE2,ArmorMaterialImperialHeavy,ArmorGauntlets,VendorItemArmor,,,Armor\AoM\Gorieus\GorieusGauntletsGND.nif,
DoD,D:\Wabbajack\modlists\DoD,Diaries of Dibella - Lord's Vision,VIGILANT - English Translation (Silent),1184,Vigilant.esm,D:\Wabbajack\modlists\DoD\mods\VIGILANT - English Translation (Silent)\Vigilant.esm,0x0220974E,zzzCHArmorGorieusGauntlets_blood_npc,Gorieus' Dragonblood Knight Gauntlets,plugin,Heavy,Heavy,Heavy,0.0,175,4.0,Hands,33,ArmorHeavy; PerkFistsDaedric; ArmorGauntlets; VendorItemArmor; ArmorMaterialImperialHeavy,0x0006BBD2; 0x0002C17B; 0x0006C0EF; 0x0008F959; 0x0006BBE2,ArmorMaterialImperialHeavy,ArmorGauntlets,VendorItemArmor,,,Armor\AoM\Gorieus\GorieusGauntletsGND.nif,
DoD,D:\Wabbajack\modlists\DoD,Diaries of Dibella - Lord's Vision,VIGILANT - English Translation (Silent),1184,Vigilant.esm,D:\Wabbajack\modlists\DoD\mods\VIGILANT - English Translation (Silent)\Vigilant.esm,0x0220974F,zzzCHArmorGorieusGauntlets_ebony_npc,Gorieus' Dragonrider Knight Gauntlets,plugin,Heavy,Heavy,Heavy,0.0,625,4.0,Hands,33,ArmorHeavy; PerkFistsDaedric; ArmorGauntlets; VendorItemArmor; ArmorMaterialImperialHeavy,0x0006BBD2; 0x0002C17B; 0x0006C0EF; 0x0008F959; 0x0006BBE2,ArmorMaterialImperialHeavy,ArmorGauntlets,VendorItemArmor,,,Armor\AoM\Gorieus\GorieusGauntletsGND.nif,
DoD,D:\Wabbajack\modlists\DoD,Diaries of Dibella - Lord's Vision,VIGILANT - English Translation (Silent),1184,Vigilant.esm,D:\Wabbajack\modlists\DoD\mods\VIGILANT - English Translation (Silent)\Vigilant.esm,0x0222D9FB,zzzCHArmorTowerGauntlets,Belharza's Dragonmaster Knight Gauntlets,plugin,Heavy,Heavy,Heavy,0.0,200,5.0,Hands,33,ArmorHeavy; PerkFistsDaedric; ArmorGauntlets; VendorItemArmor; ArmorMaterialImperialHeavy,0x0006BBD2; 0x0002C17B; 0x0006C0EF; 0x0008F959; 0x0006BBE2,ArmorMaterialImperialHeavy,ArmorGauntlets,VendorItemArmor,,,Armor\AoM\Tower\TowerGauntletsGND.nif,
DoD,D:\Wabbajack\modlists\DoD,Diaries of Dibella - Lord's Vision,VIGILANT - English Translation (Silent),1184,Vigilant.esm,D:\Wabbajack\modlists\DoD\mods\VIGILANT - English Translation (Silent)\Vigilant.esm,0x0222ED3D,zzzCHArmorTowerGauntlets_blood,Belharza's Dragonblood Knight Gauntlets,plugin,Heavy,Heavy,Heavy,0.0,175,5.0,Hands,33,ArmorHeavy; PerkFistsDaedric; ArmorGauntlets; VendorItemArmor; ArmorMaterialImperialHeavy,0x0006BBD2; 0x0002C17B; 0x0006C0EF; 0x0008F959; 0x0006BBE2,ArmorMaterialImperialHeavy,ArmorGauntlets,VendorItemArmor,,,Armor\AoM\Tower\TowerGauntletsGND.nif,
DoD,D:\Wabbajack\modlists\DoD,Diaries of Dibella - Lord's Vision,VIGILANT - English Translation (Silent),1184,Vigilant.esm,D:\Wabbajack\modlists\DoD\mods\VIGILANT - English Translation (Silent)\Vigilant.esm,0x0222ED3E,zzzCHArmorTowerGauntlets_ebony,Belharza's Dragonrider Knight Gauntlets,plugin,Heavy,Heavy,Heavy,0.0,150,5.0,Hands,33,ArmorHeavy; PerkFistsDaedric; ArmorGauntlets; VendorItemArmor; ArmorMaterialImperialHeavy,0x0006BBD2; 0x0002C17B; 0x0006C0EF; 0x0008F959; 0x0006BBE2,ArmorMaterialImperialHeavy,ArmorGauntlets,VendorItemArmor,,,Armor\AoM\Tower\TowerGauntletsGND.nif,
DoD,D:\Wabbajack\modlists\DoD,Diaries of Dibella - Lord's Vision,VIGILANT - English Translation (Silent),1184,Vigilant.esm,D:\Wabbajack\modlists\DoD\mods\VIGILANT - English Translation (Silent)\Vigilant.esm,0x02234DE3,zzzCHArmorTowerGauntlets_blood_npc,Belharza's Dragonblood Knight Gauntlets,plugin,Heavy,Heavy,Heavy,0.0,175,5.0,Hands,33,ArmorHeavy; PerkFistsDaedric; ArmorGauntlets; VendorItemArmor; ArmorMaterialImperialHeavy,0x0006BBD2; 0x0002C17B; 0x0006C0EF; 0x0008F959; 0x0006BBE2,ArmorMaterialImperialHeavy,ArmorGauntlets,VendorItemArmor,,,Armor\AoM\Tower\TowerGauntletsGND.nif,
DoD,D:\Wabbajack\modlists\DoD,Diaries of Dibella - Lord's Vision,VIGILANT - English Translation (Silent),1184,Vigilant.esm,D:\Wabbajack\modlists\DoD\mods\VIGILANT - English Translation (Silent)\Vigilant.esm,0x02234DE4,zzzCHArmorTowerGauntlets_ebony_npc,Belharza's Dragonrider Knight Gauntlets,plugin,Heavy,Heavy,Heavy,0.0,150,5.0,Hands,33,ArmorHeavy; PerkFistsDaedric; ArmorGauntlets; VendorItemArmor; ArmorMaterialImperialHeavy,0x0006BBD2; 0x0002C17B; 0x0006C0EF; 0x0008F959; 0x0006BBE2,ArmorMaterialImperialHeavy,ArmorGauntlets,VendorItemArmor,,,Armor\AoM\Tower\TowerGauntletsGND.nif,
DoD,D:\Wabbajack\modlists\DoD,Diaries of Dibella - Lord's Vision,VIGILANT - English Translation (Silent),1184,Vigilant.esm,D:\Wabbajack\modlists\DoD\mods\VIGILANT - English Translation (Silent)\Vigilant.esm,0x022699FD,zzzCHArmorUmarilGauntlets,Umaril's Gauntlets,plugin,Heavy,Heavy,Heavy,0.0,200,6.0,Hands,33,ArmorHeavy; PerkFistsDaedric; ArmorGauntlets; VendorItemArmor; ArmorMaterialMoonstone,0x0006BBD2; 0x0002C17B; 0x0006C0EF; 0x0008F959; 0x0006BBD9,ArmorMaterialMoonstone,ArmorGauntlets,VendorItemArmor,,,Armor\AoM\Umaril\UmarilGauntletsGND.nif,
DoD,D:\Wabbajack\modlists\DoD,Diaries of Dibella - Lord's Vision,VIGILANT - English Translation (Silent),1184,Vigilant.esm,D:\Wabbajack\modlists\DoD\mods\VIGILANT - English Translation (Silent)\Vigilant.esm,0x02270D5F,zzzCHArmorMinionGauntlets,Auroran Gauntlets,plugin,Heavy,Heavy,Heavy,0.0,175,6.0,Hands,33,ArmorHeavy; PerkFistsDaedric; ArmorGauntlets; VendorItemArmor; ArmorMaterialMoonstone,0x0006BBD2; 0x0002C17B; 0x0006C0EF; 0x0008F959; 0x0006BBD9,ArmorMaterialMoonstone,ArmorGauntlets,VendorItemArmor,,,Armor\AoM\Umaril\UmarilGauntletsGND.nif,
DoD,D:\Wabbajack\modlists\DoD,Diaries of Dibella - Lord's Vision,VIGILANT - English Translation (Silent),1184,Vigilant.esm,D:\Wabbajack\modlists\DoD\mods\VIGILANT - English Translation (Silent)\Vigilant.esm,0x02270D63,zzzCHArmorMinionGauntlets_npc,Auroran Gauntlets,plugin,Heavy,Heavy,Heavy,0.0,175,2.0,Hands,33,ArmorHeavy; PerkFistsDaedric; ArmorGauntlets; VendorItemArmor; ArmorMaterialMoonstone,0x0006BBD2; 0x0002C17B; 0x0006C0EF; 0x0008F959; 0x0006BBD9,ArmorMaterialMoonstone,ArmorGauntlets,VendorItemArmor,,,Armor\AoM\Umaril\UmarilGauntletsGND.nif,
DoD,D:\Wabbajack\modlists\DoD,Diaries of Dibella - Lord's Vision,VIGILANT - English Translation (Silent),1184,Vigilant.esm,D:\Wabbajack\modlists\DoD\mods\VIGILANT - English Translation (Silent)\Vigilant.esm,0x02270D67,zzzCHArmorUmarilGauntlets_npc,Umaril's Gauntlets,plugin,Heavy,Heavy,Heavy,0.0,200,6.0,Hands,33,ArmorHeavy; PerkFistsDaedric; ArmorGauntlets; VendorItemArmor; ArmorMaterialMoonstone,0x0006BBD2; 0x0002C17B; 0x0006C0EF; 0x0008F959; 0x0006BBD9,ArmorMaterialMoonstone,ArmorGauntlets,VendorItemArmor,,,Armor\AoM\Umaril\UmarilGauntletsGND.nif,
DoD,D:\Wabbajack\modlists\DoD,Diaries of Dibella - Lord's Vision,VIGILANT - English Translation (Silent),1184,Vigilant.esm,D:\Wabbajack\modlists\DoD\mods\VIGILANT - English Translation (Silent)\Vigilant.esm,0x0231C3B7,zzzAoMCursedArmAltano,Cursed Arm,plugin,Heavy,Heavy,Heavy,0.0,10,1.0,Ring,36,ArmorHeavy; ArmorMaterialDaedric; ArmorGauntlets; VendorItemArmor; PerkFistsDaedric,0x0006BBD2; 0x0006BBD4; 0x0006C0EF; 0x0008F959; 0x0002C17B,ArmorMaterialDaedric,ArmorGauntlets,VendorItemArmor,,,Armor\AoM\MolagBal\MolagBalGauntletsGND.nif,
DoD,D:\Wabbajack\modlists\DoD,Diaries of Dibella - Lord's Vision,VIGILANT - English Translation (Silent),1184,Vigilant.esm,D:\Wabbajack\modlists\DoD\mods\VIGILANT - English Translation (Silent)\Vigilant.esm,0x020368E5,zzzCHArmorMolagBoots,Molag Bal Boots,plugin,Heavy,Heavy,Heavy,0.0,200,3.0,Feet,37,ArmorHeavy; ArmorMaterialDaedric; ArmorBoots; VendorItemArmor,0x0006BBD2; 0x0006BBD4; 0x0006C0ED; 0x0008F959,ArmorMaterialDaedric,ArmorBoots,VendorItemArmor,,,Armor\AoM\MolagBal\MolagBalBootsGND.nif,
DoD,D:\Wabbajack\modlists\DoD,Diaries of Dibella - Lord's Vision,VIGILANT - English Translation (Silent),1184,Vigilant.esm,D:\Wabbajack\modlists\DoD\mods\VIGILANT - English Translation (Silent)\Vigilant.esm,0x020368E6,zzzCHArmorMolagCuirass,Molag Bal Armor,plugin,Heavy,Heavy,Heavy,0.0,700,18.0,Body,32,ArmorHeavy; ArmorMaterialDaedric; ArmorCuirass; VendorItemArmor,0x0006BBD2; 0x0006BBD4; 0x0006C0EC; 0x0008F959,ArmorMaterialDaedric,ArmorCuirass,VendorItemArmor,,,Armor\AoM\MolagBal\MolagBalCuirassGND.nif,
DoD,D:\Wabbajack\modlists\DoD,Diaries of Dibella - Lord's Vision,VIGILANT - English Translation (Silent),1184,Vigilant.esm,D:\Wabbajack\modlists\DoD\mods\VIGILANT - English Translation (Silent)\Vigilant.esm,0x020368E7,zzzCHArmorMolagGauntlets,Molag Bal Gauntlets,plugin,Heavy,Heavy,Heavy,0.0,200,3.0,Hands,33,ArmorHeavy; ArmorMaterialDaedric; ArmorGauntlets; VendorItemArmor; PerkFistsDaedric,0x0006BBD2; 0x0006BBD4; 0x0006C0EF; 0x0008F959; 0x0002C17B,ArmorMaterialDaedric,ArmorGauntlets,VendorItemArmor,,,Armor\AoM\MolagBal\MolagBalGauntletsGND.nif,
DoD,D:\Wabbajack\modlists\DoD,Diaries of Dibella - Lord's Vision,VIGILANT - English Translation (Silent),1184,Vigilant.esm,D:\Wabbajack\modlists\DoD\mods\VIGILANT - English Translation (Silent)\Vigilant.esm,0x020368E8,zzzCHArmorMolagHelmet,Molag Bal Helmet,plugin,Heavy,Heavy,Heavy,0.0,375,4.0,Head; Hair; Circlet; Ears,30; 31; 42; 43,ArmorHeavy; ArmorMaterialDaedric; ArmorHelmet; VendorItemArmor,0x0006BBD2; 0x0006BBD4; 0x0006C0EE; 0x0008F959,ArmorMaterialDaedric,ArmorHelmet,VendorItemArmor,,,Armor\AoM\MolagBal\MolagBalHelmGND.nif,
DoD,D:\Wabbajack\modlists\DoD,Diaries of Dibella - Lord's Vision,VIGILANT - English Translation (Silent),1184,Vigilant.esm,D:\Wabbajack\modlists\DoD\mods\VIGILANT - English Translation (Silent)\Vigilant.esm,0x0203D788,zzzCHArmorDaedricMageCuirass,Daedric Mage Cuirass,plugin,Heavy,Heavy,Heavy,0.0,1,10.0,Body,32,ArmorHeavy; ArmorMaterialDaedric; ArmorCuirass; VendorItemArmor,0x0006BBD2; 0x0006BBD4; 0x0006C0EC; 0x0008F959,ArmorMaterialDaedric,ArmorCuirass,VendorItemArmor,,,Armor\Daedric\DaedricCuirassGO.nif,
DoD,D:\Wabbajack\modlists\DoD,Diaries of Dibella - Lord's Vision,VIGILANT - English Translation (Silent),1184,Vigilant.esm,D:\Wabbajack\modlists\DoD\mods\VIGILANT - English Translation (Silent)\Vigilant.esm,0x02044682,zzzCHArmorMolagBootsRustyNPC,Rusty Boots,plugin,Heavy,Heavy,Heavy,0.0,175,6.0,Feet,37,ArmorHeavy; ArmorMaterialDaedric; ArmorBoots; VendorItemArmor,0x0006BBD2; 0x0006BBD4; 0x0006C0ED; 0x0008F959,ArmorMaterialDaedric,ArmorBoots,VendorItemArmor,,,Armor\AoM\MolagBal\RustyMolagBalBootsGND.nif,
DoD,D:\Wabbajack\modlists\DoD,Diaries of Dibella - Lord's Vision,VIGILANT - English Translation (Silent),1184,Vigilant.esm,D:\Wabbajack\modlists\DoD\mods\VIGILANT - English Translation (Silent)\Vigilant.esm,0x02044683,zzzCHArmorMolagBootsNPC,Molag Bal Boots,plugin,Heavy,Heavy,Heavy,0.0,200,5.0,Feet,37,ArmorHeavy; ArmorMaterialDaedric; ArmorBoots; VendorItemArmor,0x0006BBD2; 0x0006BBD4; 0x0006C0ED; 0x0008F959,ArmorMaterialDaedric,ArmorBoots,VendorItemArmor,,,Armor\AoM\MolagBal\MolagBalBootsGND.nif,
DoD,D:\Wabbajack\modlists\DoD,Diaries of Dibella - Lord's Vision,VIGILANT - English Translation (Silent),1184,Vigilant.esm,D:\Wabbajack\modlists\DoD\mods\VIGILANT - English Translation (Silent)\Vigilant.esm,0x02044684,zzzCHArmorMolagCuirassNPC,Molag Bal Armor,plugin,Heavy,Heavy,Heavy,0.0,700,24.0,Body; Tail,32; 40,ArmorHeavy; ArmorMaterialDaedric; ArmorCuirass; VendorItemArmor,0x0006BBD2; 0x0006BBD4; 0x0006C0EC; 0x0008F959,ArmorMaterialDaedric,ArmorCuirass,VendorItemArmor,,,Armor\AoM\MolagBal\MolagBalCuirassGND.nif,
DoD,D:\Wabbajack\modlists\DoD,Diaries of Dibella - Lord's Vision,VIGILANT - English Translation (Silent),1184,Vigilant.esm,D:\Wabbajack\modlists\DoD\mods\VIGILANT - English Translation (Silent)\Vigilant.esm,0x02044685,zzzCHArmorMolagCuirassRustyNPC,Rusty Armor,plugin,Heavy,Heavy,Heavy,0.0,675,24.0,Body; Tail,32; 40,ArmorHeavy; ArmorMaterialDaedric; ArmorCuirass; VendorItemArmor,0x0006BBD2; 0x0006BBD4; 0x0006C0EC; 0x0008F959,ArmorMaterialDaedric,ArmorCuirass,VendorItemArmor,,,Armor\AoM\MolagBal\RustyMolagBalCuirassGND.nif,
DoD,D:\Wabbajack\modlists\DoD,Diaries of Dibella - Lord's Vision,VIGILANT - English Translation (Silent),1184,Vigilant.esm,D:\Wabbajack\modlists\DoD\mods\VIGILANT - English Translation (Silent)\Vigilant.esm,0x02044686,zzzCHArmorMolagGauntletsNPC,Molag Bal Gauntlets,plugin,Heavy,Heavy,Heavy,0.0,200,6.0,Hands,33,ArmorHeavy; ArmorMaterialDaedric; ArmorGauntlets; VendorItemArmor; PerkFistsDaedric,0x0006BBD2; 0x0006BBD4; 0x0006C0EF; 0x0008F959; 0x0002C17B,ArmorMaterialDaedric,ArmorGauntlets,VendorItemArmor,,,Armor\AoM\MolagBal\MolagBalGauntletsGND.nif,
DoD,D:\Wabbajack\modlists\DoD,Diaries of Dibella - Lord's Vision,VIGILANT - English Translation (Silent),1184,Vigilant.esm,D:\Wabbajack\modlists\DoD\mods\VIGILANT - English Translation (Silent)\Vigilant.esm,0x02044687,zzzCHArmorMolagGauntletsRustyNPC,Rusty Gauntlets,plugin,Heavy,Heavy,Heavy,0.0,175,6.0,Hands,33,ArmorHeavy; ArmorMaterialDaedric; ArmorGauntlets; VendorItemArmor; PerkFistsDaedric,0x0006BBD2; 0x0006BBD4; 0x0006C0EF; 0x0008F959; 0x0002C17B,ArmorMaterialDaedric,ArmorGauntlets,VendorItemArmor,,,Armor\AoM\MolagBal\RustyMolagBalGauntletsGND.nif,
DoD,D:\Wabbajack\modlists\DoD,Diaries of Dibella - Lord's Vision,VIGILANT - English Translation (Silent),1184,Vigilant.esm,D:\Wabbajack\modlists\DoD\mods\VIGILANT - English Translation (Silent)\Vigilant.esm,0x02044688,zzzCHArmorMolagHelmetNPC,Molag Bal Helmet,plugin,Heavy,Heavy,Heavy,0.0,375,8.0,Head; Hair; Circlet; Ears,30; 31; 42; 43,ArmorHeavy; ArmorMaterialDaedric; ArmorHelmet; VendorItemArmor,0x0006BBD2; 0x0006BBD4; 0x0006C0EE; 0x0008F959,ArmorMaterialDaedric,ArmorHelmet,VendorItemArmor,,,Armor\AoM\MolagBal\MolagBalHelmGND.nif,
DoD,D:\Wabbajack\modlists\DoD,Diaries of Dibella - Lord's Vision,VIGILANT - English Translation (Silent),1184,Vigilant.esm,D:\Wabbajack\modlists\DoD\mods\VIGILANT - English Translation (Silent)\Vigilant.esm,0x02044689,zzzCHArmorMolagHelmetRustyNPC,Rusty Helmet,plugin,Heavy,Heavy,Heavy,0.0,350,8.0,Head; Hair; Circlet; Ears,30; 31; 42; 43,ArmorHeavy; ArmorMaterialDaedric; ArmorHelmet; VendorItemArmor,0x0006BBD2; 0x0006BBD4; 0x0006C0EE; 0x0008F959,ArmorMaterialDaedric,ArmorHelmet,VendorItemArmor,,,Armor\AoM\MolagBal\RustyMolagBalHelmGND.nif,
DoD,D:\Wabbajack\modlists\DoD,Diaries of Dibella - Lord's Vision,VIGILANT - English Translation (Silent),1184,Vigilant.esm,D:\Wabbajack\modlists\DoD\mods\VIGILANT - English Translation (Silent)\Vigilant.esm,0x02044F48,zzzCHArmorMolagBootsRusty,Rusty Boots,plugin,Heavy,Heavy,Heavy,0.0,175,3.0,Feet,37,ArmorHeavy; ArmorMaterialDaedric; ArmorBoots; VendorItemArmor,0x0006BBD2; 0x0006BBD4; 0x0006C0ED; 0x0008F959,ArmorMaterialDaedric,ArmorBoots,VendorItemArmor,,,Armor\AoM\MolagBal\RustyMolagBalBootsGND.nif,
DoD,D:\Wabbajack\modlists\DoD,Diaries of Dibella - Lord's Vision,VIGILANT - English Translation (Silent),1184,Vigilant.esm,D:\Wabbajack\modlists\DoD\mods\VIGILANT - English Translation (Silent)\Vigilant.esm,0x02044F49,zzzCHArmorMolagCuirassRusty,Rusty Armor,plugin,Heavy,Heavy,Heavy,0.0,675,18.0,Body,32,ArmorHeavy; ArmorMaterialDaedric; ArmorCuirass; VendorItemArmor,0x0006BBD2; 0x0006BBD4; 0x0006C0EC; 0x0008F959,ArmorMaterialDaedric,ArmorCuirass,VendorItemArmor,,,Armor\AoM\MolagBal\RustyMolagBalCuirassGND.nif,
DoD,D:\Wabbajack\modlists\DoD,Diaries of Dibella - Lord's Vision,VIGILANT - English Translation (Silent),1184,Vigilant.esm,D:\Wabbajack\modlists\DoD\mods\VIGILANT - English Translation (Silent)\Vigilant.esm,0x02044F4A,zzzCHArmorMolagGauntletsRusty,Rusty Gauntlets,plugin,Heavy,Heavy,Heavy,0.0,175,3.0,Hands,33,ArmorHeavy; ArmorMaterialDaedric; ArmorGauntlets; VendorItemArmor; PerkFistsDaedric,0x0006BBD2; 0x0006BBD4; 0x0006C0EF; 0x0008F959; 0x0002C17B,ArmorMaterialDaedric,ArmorGauntlets,VendorItemArmor,,,Armor\AoM\MolagBal\RustyMolagBalGauntletsGND.nif,
DoD,D:\Wabbajack\modlists\DoD,Diaries of Dibella - Lord's Vision,VIGILANT - English Translation (Silent),1184,Vigilant.esm,D:\Wabbajack\modlists\DoD\mods\VIGILANT - English Translation (Silent)\Vigilant.esm,0x02044F4B,zzzCHArmorMolagHelmetRusty,Rusty Helmet,plugin,Heavy,Heavy,Heavy,0.0,350,4.0,Head; Hair; Circlet; Ears,30; 31; 42; 43,ArmorHeavy; ArmorMaterialDaedric; ArmorHelmet; VendorItemArmor,0x0006BBD2; 0x0006BBD4; 0x0006C0EE; 0x0008F959,ArmorMaterialDaedric,ArmorHelmet,VendorItemArmor,,,Armor\AoM\MolagBal\RustyMolagBalHelmGND.nif,
DoD,D:\Wabbajack\modlists\DoD,Diaries of Dibella - Lord's Vision,VIGILANT - English Translation (Silent),1184,Vigilant.esm,D:\Wabbajack\modlists\DoD\mods\VIGILANT - English Translation (Silent)\Vigilant.esm,0x020B0EAC,zzzCHArmorPelinalGauntlets,Huna's Gauntlets,plugin,Heavy,Heavy,Heavy,0.0,200,3.0,Hands,33,ArmorHeavy; PerkFistsDaedric; ArmorGauntlets; VendorItemArmor; ArmorMaterialEbony,0x0006BBD2; 0x0002C17B; 0x0006C0EF; 0x0008F959; 0x0006BBD8,ArmorMaterialEbony,ArmorGauntlets,VendorItemArmor,,,Armor\AoM\credo\Pelin\PelinGauntletsGND.nif,
DoD,D:\Wabbajack\modlists\DoD,Diaries of Dibella - Lord's Vision,VIGILANT - English Translation (Silent),1184,Vigilant.esm,D:\Wabbajack\modlists\DoD\mods\VIGILANT - English Translation (Silent)\Vigilant.esm,0x020B1CE8,zzzCHArmorKnightOfOrder,Shell of Order,plugin,Heavy,Heavy,Heavy,0.0,500,15.0,Head; Hair; Body; Hands; Feet; Circlet; Ears,30; 31; 32; 33; 37; 42; 43,ArmorHeavy; VendorItemArmor; ArmorMaterialDaedric,0x0006BBD2; 0x0008F959; 0x0006BBD4,ArmorMaterialDaedric,,VendorItemArmor,,,Clutter\AoM\OrderHeart.nif,
DoD,D:\Wabbajack\modlists\DoD,Diaries of Dibella - Lord's Vision,VIGILANT - English Translation (Silent),1184,Vigilant.esm,D:\Wabbajack\modlists\DoD\mods\VIGILANT - English Translation (Silent)\Vigilant.esm,0x020B1CE9,zzzCHArmorJyggalag,Shell of Jyggalag,plugin,Heavy,Heavy,Heavy,0.0,750,15.0,Head; Hair; Body; Hands; Feet; Circlet; Ears,30; 31; 32; 33; 37; 42; 43,ArmorHeavy; VendorItemArmor; ArmorMaterialDaedric,0x0006BBD2; 0x0008F959; 0x0006BBD4,ArmorMaterialDaedric,,VendorItemArmor,,,Clutter\AoM\OrderHeart.nif,
DoD,D:\Wabbajack\modlists\DoD,Diaries of Dibella - Lord's Vision,VIGILANT - English Translation (Silent),1184,Vigilant.esm,D:\Wabbajack\modlists\DoD\mods\VIGILANT - English Translation (Silent)\Vigilant.esm,0x024FD6C4,zzVcgPDKnightGauntlets,Knight-Errant Gauntlets,plugin,Heavy,Heavy,Heavy,0.0,125,4.0,Hands,33,ArmorHeavy; PerkFistsDaedric; ArmorGauntlets; VendorItemArmor; ArmorMaterialImperialHeavy,0x0006BBD2; 0x0002C17B; 0x0006C0EF; 0x0008F959; 0x0006BBE2,ArmorMaterialImperialHeavy,ArmorGauntlets,VendorItemArmor,,,Armor\VigCgT\PackDev\PDGauntletsGND.nif,
DoD,D:\Wabbajack\modlists\DoD,Diaries of Dibella - Lord's Vision,VIGILANT - English Translation (Silent),1184,Vigilant.esm,D:\Wabbajack\modlists\DoD\mods\VIGILANT - English Translation (Silent)\Vigilant.esm,0x024FD6C8,zzVcgPDKnightGauntletsRust,Knight-Errant Gauntlets (Rusty),plugin,Heavy,Heavy,Heavy,0.0,100,4.0,Hands,33,ArmorHeavy; PerkFistsDaedric; ArmorGauntlets; VendorItemArmor; ArmorMaterialImperialHeavy,0x0006BBD2; 0x0002C17B; 0x0006C0EF; 0x0008F959; 0x0006BBE2,ArmorMaterialImperialHeavy,ArmorGauntlets,VendorItemArmor,,,Armor\VigCgT\PackDev\PDGauntletsGND.nif,
DoD,D:\Wabbajack\modlists\DoD,Diaries of Dibella - Lord's Vision,VIGILANT - English Translation (Silent),1184,Vigilant.esm,D:\Wabbajack\modlists\DoD\mods\VIGILANT - English Translation (Silent)\Vigilant.esm,0x024FD6E2,zzVcgLandsknechtGauntlets,Sir Caius' Gauntlets,plugin,Heavy,Heavy,Heavy,0.0,125,4.0,Hands,33,ArmorHeavy; PerkFistsDaedric; ArmorGauntlets; VendorItemArmor; ArmorMaterialImperialHeavy,0x0006BBD2; 0x0002C17B; 0x0006C0EF; 0x0008F959; 0x0006BBE2,ArmorMaterialImperialHeavy,ArmorGauntlets,VendorItemArmor,,,Armor\VigCgT\ddzemesiuk\LandsknechtGauntletsGND.nif,
DoD,D:\Wabbajack\modlists\DoD,Diaries of Dibella - Lord's Vision,VIGILANT - English Translation (Silent),1184,Vigilant.esm,D:\Wabbajack\modlists\DoD\mods\VIGILANT - English Translation (Silent)\Vigilant.esm,0x024FD6FE,zzVcgArshpGauntlets,Sir Torolf's Gauntlets,plugin,Heavy,Heavy,Heavy,0.0,115,3.0,Hands,33,ArmorHeavy; PerkFistsDaedric; ArmorGauntlets; VendorItemArmor; ArmorMaterialImperialHeavy,0x0006BBD2; 0x0002C17B; 0x0006C0EF; 0x0008F959; 0x0006BBE2,ArmorMaterialImperialHeavy,ArmorGauntlets,VendorItemArmor,,,Armor\VigCgT\armoreshop\ASBracerGND.nif,
DoD,D:\Wabbajack\modlists\DoD,Diaries of Dibella - Lord's Vision,VIGILANT - English Translation (Silent),1184,Vigilant.esm,D:\Wabbajack\modlists\DoD\mods\VIGILANT - English Translation (Silent)\Vigilant.esm,0x024FD711,zzVcgArshpGauntletsRust,Sir Torolf's Gauntlets (Rusty),plugin,Heavy,Heavy,Heavy,0.0,100,3.0,Hands,33,ArmorHeavy; PerkFistsDaedric; ArmorGauntlets; VendorItemArmor; ArmorMaterialImperialHeavy,0x0006BBD2; 0x0002C17B; 0x0006C0EF; 0x0008F959; 0x0006BBE2,ArmorMaterialImperialHeavy,ArmorGauntlets,VendorItemArmor,,,Armor\VigCgT\armoreshop\ASBracerGND.nif,
DoD,D:\Wabbajack\modlists\DoD,Diaries of Dibella - Lord's Vision,VIGILANT - English Translation (Silent),1184,Vigilant.esm,D:\Wabbajack\modlists\DoD\mods\VIGILANT - English Translation (Silent)\Vigilant.esm,0x024FE919,zzVcgAkatoshGauntlets,Time-Watcher Gauntlets,plugin,Heavy,Heavy,Heavy,0.0,180,2.0,Hands,33,ArmorHeavy; PerkFistsDaedric; ArmorGauntlets; VendorItemArmor; ArmorMaterialImperialHeavy,0x0006BBD2; 0x0002C17B; 0x0006C0EF; 0x0008F959; 0x0006BBE2,ArmorMaterialImperialHeavy,ArmorGauntlets,VendorItemArmor,,,Armor\VigCgT\kasheydd\BlackKnight\BKGauntletsGND.nif,
DoD,D:\Wabbajack\modlists\DoD,Diaries of Dibella - Lord's Vision,VIGILANT - English Translation (Silent),1184,Vigilant.esm,D:\Wabbajack\modlists\DoD\mods\VIGILANT - English Translation (Silent)\Vigilant.esm,0x024FE933,zzVcgMercenaryGauntlets,Sir Juncan's Gauntlets,plugin,Light,Light,Light,0.0,112,2.0,Hands,33,VendorItemArmor; PerkFistsDaedric; ArmorGauntlets; ArmorLight; ArmorMaterialImperialLight,0x0008F959; 0x0002C17B; 0x0006C0EF; 0x0006BBD3; 0x0006BBE0,ArmorMaterialImperialLight,ArmorGauntlets,VendorItemArmor,,,Armor\VigCgT\fajrulfnf\Mercenary\MercenaryGloveGND.nif,
DoD,D:\Wabbajack\modlists\DoD,Diaries of Dibella - Lord's Vision,VIGILANT - English Translation (Silent),1184,Vigilant.esm,D:\Wabbajack\modlists\DoD\mods\VIGILANT - English Translation (Silent)\Vigilant.esm,0x024FE955,zzVcgHospGauntlets,Sir Gregory's Gauntlets,plugin,Heavy,Heavy,Heavy,0.0,125,4.0,Hands,33,ArmorHeavy; PerkFistsDaedric; ArmorGauntlets; VendorItemArmor; ArmorMaterialImperialHeavy,0x0006BBD2; 0x0002C17B; 0x0006C0EF; 0x0008F959; 0x0006BBE2,ArmorMaterialImperialHeavy,ArmorGauntlets,VendorItemArmor,,,Armor\VigCgT\zeroswat\Hospitaller\HospGauntletsGND.nif,
DoD,D:\Wabbajack\modlists\DoD,Diaries of Dibella - Lord's Vision,VIGILANT - English Translation (Silent),1184,Vigilant.esm,D:\Wabbajack\modlists\DoD\mods\VIGILANT - English Translation (Silent)\Vigilant.esm,0x024FFB64,zzVCgSquireGauntlets,Colovian Swordsman Gauntlets,plugin,Light,Light,Light,0.0,92,2.0,Hands,33,VendorItemArmor; PerkFistsDaedric; ArmorGauntlets; ArmorLight; ArmorMaterialImperialLight,0x0008F959; 0x0002C17B; 0x0006C0EF; 0x0006BBD3; 0x0006BBE0,ArmorMaterialImperialLight,ArmorGauntlets,VendorItemArmor,,,Armor\VigCgT\pgclomax\Sqr\SqrGauntletsGND.nif,
DoD,D:\Wabbajack\modlists\DoD,Diaries of Dibella - Lord's Vision,VIGILANT - English Translation (Silent),1184,Vigilant.esm,D:\Wabbajack\modlists\DoD\mods\VIGILANT - English Translation (Silent)\Vigilant.esm,0x02502000,zzVcgRKGauntlets,Sir Amiel's Gauntlets,plugin,Heavy,Heavy,Heavy,0.0,110,3.5,Hands,33,ArmorHeavy; PerkFistsDaedric; ArmorGauntlets; VendorItemArmor; ArmorMaterialImperialHeavy,0x0006BBD2; 0x0002C17B; 0x0006C0EF; 0x0008F959; 0x0006BBE2,ArmorMaterialImperialHeavy,ArmorGauntlets,VendorItemArmor,,,Armor\VigCgT\danilsabirzhanov\RKGauntletsGND.nif,
DoD,D:\Wabbajack\modlists\DoD,Diaries of Dibella - Lord's Vision,VIGILANT - English Translation (Silent),1184,Vigilant.esm,D:\Wabbajack\modlists\DoD\mods\VIGILANT - English Translation (Silent)\Vigilant.esm,0x0250445C,zzVcgRKGauntletsRust,Sir Amiel's Gauntlets (Rusty),plugin,Heavy,Heavy,Heavy,0.0,100,3.5,Hands,33,ArmorHeavy; PerkFistsDaedric; ArmorGauntlets; VendorItemArmor; ArmorMaterialImperialHeavy,0x0006BBD2; 0x0002C17B; 0x0006C0EF; 0x0008F959; 0x0006BBE2,ArmorMaterialImperialHeavy,ArmorGauntlets,VendorItemArmor,,,Armor\VigCgT\danilsabirzhanov\RKGauntletsGND.nif,
DoD,D:\Wabbajack\modlists\DoD,Diaries of Dibella - Lord's Vision,VIGILANT - English Translation (Silent),1184,Vigilant.esm,D:\Wabbajack\modlists\DoD\mods\VIGILANT - English Translation (Silent)\Vigilant.esm,0x0250446D,zzVcgSkGauntlets,Sir Berich's Gauntlets,plugin,Heavy,Heavy,Heavy,0.0,115,4.0,Hands,33,ArmorHeavy; PerkFistsDaedric; ArmorGauntlets; VendorItemArmor; ArmorMaterialImperialHeavy,0x0006BBD2; 0x0002C17B; 0x0006C0EF; 0x0008F959; 0x0006BBE2,ArmorMaterialImperialHeavy,ArmorGauntlets,VendorItemArmor,,,Armor\VigCgT\ShaoKhan\Knight\SKGauntletsGND.nif,
DoD,D:\Wabbajack\modlists\DoD,Diaries of Dibella - Lord's Vision,VIGILANT - English Translation (Silent),1184,Vigilant.esm,D:\Wabbajack\modlists\DoD\mods\VIGILANT - English Translation (Silent)\Vigilant.esm,0x0250447B,zzVcgSkGauntletsRust,Sir Berich's Gauntlets (Rusty),plugin,Heavy,Heavy,Heavy,0.0,105,4.0,Hands,33,ArmorHeavy; PerkFistsDaedric; ArmorGauntlets; VendorItemArmor; ArmorMaterialImperialHeavy,0x0006BBD2; 0x0002C17B; 0x0006C0EF; 0x0008F959; 0x0006BBE2,ArmorMaterialImperialHeavy,ArmorGauntlets,VendorItemArmor,,,Armor\VigCgT\ShaoKhan\Knight\SKGauntletsGND.nif,
DoD,D:\Wabbajack\modlists\DoD,Diaries of Dibella - Lord's Vision,VIGILANT - English Translation (Silent),1184,Vigilant.esm,D:\Wabbajack\modlists\DoD\mods\VIGILANT - English Translation (Silent)\Vigilant.esm,0x025056AE,zzVcgHrGauntletsRust,Alessian Battlemage Gauntlets,plugin,Light,Light,Light,0.0,72,2.0,Hands,33,VendorItemArmor; PerkFistsDaedric; ArmorGauntlets; ArmorLight; ArmorMaterialImperialLight,0x0008F959; 0x0002C17B; 0x0006C0EF; 0x0006BBD3; 0x0006BBE0,ArmorMaterialImperialLight,ArmorGauntlets,VendorItemArmor,,,Armor\VigCgT\ShaoKhan\Hr\HrGauntletsGnd.nif,
DoD,D:\Wabbajack\modlists\DoD,Diaries of Dibella - Lord's Vision,VIGILANT - English Translation (Silent),1184,Vigilant.esm,D:\Wabbajack\modlists\DoD\mods\VIGILANT - English Translation (Silent)\Vigilant.esm,0x025056BA,zzVcgNpHrGauntlets,Marukhati Selective Gauntlets,plugin,Light,Light,Light,0.0,82,2.0,Hands,33,VendorItemArmor; PerkFistsDaedric; ArmorGauntlets; ArmorLight; ArmorMaterialImperialLight,0x0008F959; 0x0002C17B; 0x0006C0EF; 0x0006BBD3; 0x0006BBE0,ArmorMaterialImperialLight,ArmorGauntlets,VendorItemArmor,,,Armor\VigCgT\ShaoKhan\Hr\HrGauntletsGnd.nif,
DoD,D:\Wabbajack\modlists\DoD,Diaries of Dibella - Lord's Vision,VIGILANT - English Translation (Silent),1184,Vigilant.esm,D:\Wabbajack\modlists\DoD\mods\VIGILANT - English Translation (Silent)\Vigilant.esm,0x025056C6,zzVcgDrmrGauntlets,Alessian Soldier Gauntlets,plugin,Light,Light,Light,0.0,62,1.0,Hands,33,VendorItemArmor; PerkFistsDaedric; ArmorGauntlets; ArmorLight; ArmorMaterialImperialLight,0x0008F959; 0x0002C17B; 0x0006C0EF; 0x0006BBD3; 0x0006BBE0,ArmorMaterialImperialLight,ArmorGauntlets,VendorItemArmor,,,Armor\VigCgT\dorlak\Mercenary\DrmrGloveGND.nif,
DoD,D:\Wabbajack\modlists\DoD,Diaries of Dibella - Lord's Vision,VIGILANT - English Translation (Silent),1184,Vigilant.esm,D:\Wabbajack\modlists\DoD\mods\VIGILANT - English Translation (Silent)\Vigilant.esm,0x025056CA,zzVcgNpDrmrGauntlets,Alessian Soldier Gauntlets,plugin,Light,Light,Light,0.0,62,1.0,Hands,33,VendorItemArmor; PerkFistsDaedric; ArmorGauntlets; ArmorLight; ArmorMaterialImperialLight,0x0008F959; 0x0002C17B; 0x0006C0EF; 0x0006BBD3; 0x0006BBE0,ArmorMaterialImperialLight,ArmorGauntlets,VendorItemArmor,,,Armor\VigCgT\dorlak\Mercenary\DrmrGloveGND.nif,
DoD,D:\Wabbajack\modlists\DoD,Diaries of Dibella - Lord's Vision,VIGILANT - English Translation (Silent),1184,Vigilant.esm,D:\Wabbajack\modlists\DoD\mods\VIGILANT - English Translation (Silent)\Vigilant.esm,0x025068E6,zzVcgHrGauntlets,Marukhati Selective Gauntlets,plugin,Light,Light,Light,0.0,82,2.0,Hands,33,VendorItemArmor; PerkFistsDaedric; ArmorGauntlets; ArmorLight; ArmorMaterialImperialLight,0x0008F959; 0x0002C17B; 0x0006C0EF; 0x0006BBD3; 0x0006BBE0,ArmorMaterialImperialLight,ArmorGauntlets,VendorItemArmor,,,Armor\VigCgT\ShaoKhan\Hr\HrGauntletsGnd.nif,
DoD,D:\Wabbajack\modlists\DoD,Diaries of Dibella - Lord's Vision,VIGILANT - English Translation (Silent),1184,Vigilant.esm,D:\Wabbajack\modlists\DoD\mods\VIGILANT - English Translation (Silent)\Vigilant.esm,0x025068E8,zzVcgNpHrGauntletsRust,Alessian Battlemage Gauntlets,plugin,Light,Light,Light,0.0,72,2.0,Hands,33,VendorItemArmor; PerkFistsDaedric; ArmorGauntlets; ArmorLight; ArmorMaterialImperialLight,0x0008F959; 0x0002C17B; 0x0006C0EF; 0x0006BBD3; 0x0006BBE0,ArmorMaterialImperialLight,ArmorGauntlets,VendorItemArmor,,,Armor\VigCgT\ShaoKhan\Hr\HrGauntletsGnd.nif,
DoD,D:\Wabbajack\modlists\DoD,Diaries of Dibella - Lord's Vision,VIGILANT - English Translation (Silent),1184,Vigilant.esm,D:\Wabbajack\modlists\DoD\mods\VIGILANT - English Translation (Silent)\Vigilant.esm,0x0250F88F,zzVCgGrGauntlets,Sir Henrik's Gauntlets,plugin,Heavy,Heavy,Heavy,0.0,155,5.0,Hands,33,ArmorHeavy; PerkFistsDaedric; ArmorGauntlets; VendorItemArmor; ArmorMaterialImperialHeavy,0x0006BBD2; 0x0002C17B; 0x0006C0EF; 0x0008F959; 0x0006BBE2,ArmorMaterialImperialHeavy,ArmorGauntlets,VendorItemArmor,,,Armor\VigCgT\ShaoKhan\Gr\GrGauntletsGND.nif,
DoD,D:\Wabbajack\modlists\DoD,Diaries of Dibella - Lord's Vision,VIGILANT - English Translation (Silent),1184,Vigilant.esm,D:\Wabbajack\modlists\DoD\mods\VIGILANT - English Translation (Silent)\Vigilant.esm,0x0250F899,zzVCgGrLGauntlets,Cyrod Leather Gloves,plugin,Light,Light,Light,0.0,70,1.8,Hands,33,VendorItemArmor; PerkFistsDaedric; ArmorGauntlets; ArmorLight; ArmorMaterialImperialLight,0x0008F959; 0x0002C17B; 0x0006C0EF; 0x0006BBD3; 0x0006BBE0,ArmorMaterialImperialLight,ArmorGauntlets,VendorItemArmor,,,Armor\VigCgT\ShaoKhan\GrL\GrLGloveGND.nif,
DoD,D:\Wabbajack\modlists\DoD,Diaries of Dibella - Lord's Vision,VIGILANT - English Translation (Silent),1184,Vigilant.esm,D:\Wabbajack\modlists\DoD\mods\VIGILANT - English Translation (Silent)\Vigilant.esm,0x020C5D2F,zzzCHArmorMaraGauntlets,Mara Gauntlets,plugin,Heavy,Heavy,Heavy,0.0,200,10.0,Hands,33,ArmorHeavy; PerkFistsDaedric; ArmorGauntlets; VendorItemArmor; ArmorMaterialMoonstone,0x0006BBD2; 0x0002C17B; 0x0006C0EF; 0x0008F959; 0x0006BBD9,ArmorMaterialMoonstone,ArmorGauntlets,VendorItemArmor,,,Armor\AoM\mara\MaraGauntletsGND.nif,
DoD,D:\Wabbajack\modlists\DoD,Diaries of Dibella - Lord's Vision,VIGILANT - English Translation (Silent),1184,Vigilant.esm,D:\Wabbajack\modlists\DoD\mods\VIGILANT - English Translation (Silent)\Vigilant.esm,0x020C2D83,zzzCHArmorDaedricShieldUnplayable,Daedric Shield,plugin,Heavy,Heavy,,0.0,1600,1.0,Shield,39,ArmorMaterialDaedric; VendorItemArmor; ArmorShield,0x0006BBD4; 0x0008F959; 0x000965B2,ArmorMaterialDaedric,ArmorShield,VendorItemArmor,,,Armor\Daedric\DaedricShield.nif,
DoD,D:\Wabbajack\modlists\DoD,Diaries of Dibella - Lord's Vision,VIGILANT - English Translation (Silent),1184,Vigilant.esm,D:\Wabbajack\modlists\DoD\mods\VIGILANT - English Translation (Silent)\Vigilant.esm,0x020C5D3D,zzzCHArmorMaraGauntletsPlayable,Mara Gauntlets,plugin,Heavy,Heavy,Heavy,0.0,200,10.0,Hands,33,ArmorHeavy; PerkFistsDaedric; ArmorGauntlets; VendorItemArmor; ArmorMaterialMoonstone,0x0006BBD2; 0x0002C17B; 0x0006C0EF; 0x0008F959; 0x0006BBD9,ArmorMaterialMoonstone,ArmorGauntlets,VendorItemArmor,,,Armor\AoM\mara\MaraGauntletsGND.nif,
DoD,D:\Wabbajack\modlists\DoD,Diaries of Dibella - Lord's Vision,VIGILANT - English Translation (Silent),1184,Vigilant.esm,D:\Wabbajack\modlists\DoD\mods\VIGILANT - English Translation (Silent)\Vigilant.esm,0x020C6007,zzzCHArmorMaraKnightGauntlets,Knight of Mara Gauntlets,plugin,Heavy,Heavy,Heavy,0.0,125,8.0,Hands,33,ArmorHeavy; PerkFistsDaedric; ArmorGauntlets; VendorItemArmor; ArmorMaterialImperialHeavy,0x0006BBD2; 0x0002C17B; 0x0006C0EF; 0x0008F959; 0x0006BBE2,ArmorMaterialImperialHeavy,ArmorGauntlets,VendorItemArmor,,,Armor\AoM\MaraKnight\MaraKnightGauntletsGND.nif,
DoD,D:\Wabbajack\modlists\DoD,Diaries of Dibella - Lord's Vision,VIGILANT - English Translation (Silent),1184,Vigilant.esm,D:\Wabbajack\modlists\DoD\mods\VIGILANT - English Translation (Silent)\Vigilant.esm,0x020D9540,zzzCHArmorStendarrKnightGauntlets,Knight of Stendarr Gauntlets,plugin,Heavy,Heavy,Heavy,0.0,125,4.0,Hands,33,ArmorHeavy; PerkFistsDaedric; ArmorGauntlets; VendorItemArmor; ArmorMaterialImperialHeavy,0x0006BBD2; 0x0002C17B; 0x0006C0EF; 0x0008F959; 0x0006BBE2,ArmorMaterialImperialHeavy,ArmorGauntlets,VendorItemArmor,,,Armor\AoM\Vinland\IkaKnightGauntletsGND.nif,
DoD,D:\Wabbajack\modlists\DoD,Diaries of Dibella - Lord's Vision,VIGILANT - English Translation (Silent),1184,Vigilant.esm,D:\Wabbajack\modlists\DoD\mods\VIGILANT - English Translation (Silent)\Vigilant.esm,0x0252E723,zzzCHArmorDaedricMageHelmet,Daedric Cowl,plugin,Heavy,Heavy,Heavy,0.0,110,2.0,Hair; Circlet,31; 42,VendorItemArmor; MagicDisallowEnchanting; ArmorHelmet; ArmorMaterialDaedric; ArmorHeavy,0x0008F959; 0x000C27BD; 0x0006C0EE; 0x0006BBD4; 0x0006BBD2,ArmorMaterialDaedric,ArmorHelmet,VendorItemArmor,,,Armor\DBArmor\DBArmorHoodMasklessGND.nif,Armor\DBArmor\DBArmorHoodGND.nif
DoD,D:\Wabbajack\modlists\DoD,Diaries of Dibella - Lord's Vision,VIGILANT - English Translation (Silent),1184,Vigilant.esm,D:\Wabbajack\modlists\DoD\mods\VIGILANT - English Translation (Silent)\Vigilant.esm,0x0252E722,zzzCHArmorDaedricMageGauntlets,Daedric Gauntlets,plugin,Heavy,Heavy,Heavy,0.0,125,9.0,Hands,33,ArmorHeavy; ArmorMaterialDaedric; ArmorGauntlets; VendorItemArmor; PerkFistsDaedric,0x0006BBD2; 0x0006BBD4; 0x0006C0EF; 0x0008F959; 0x0002C17B,ArmorMaterialDaedric,ArmorGauntlets,VendorItemArmor,,,Armor\Daedric\DaedricGauntletsGO.nif,
DoD,D:\Wabbajack\modlists\DoD,Diaries of Dibella - Lord's Vision,VIGILANT - English Translation (Silent),1184,Vigilant.esm,D:\Wabbajack\modlists\DoD\mods\VIGILANT - English Translation (Silent)\Vigilant.esm,0x020DFD65,zzzCHArmorLazaBoots,Laza of Order Boots,plugin,Heavy,Heavy,Heavy,0.0,200,5.0,Feet,37,ArmorHeavy; VendorItemArmor; ArmorBoots; ArmorMaterialDaedric,0x0006BBD2; 0x0008F959; 0x0006C0ED; 0x0006BBD4,ArmorMaterialDaedric,ArmorBoots,VendorItemArmor,,,Armor\AoM\lancelot\LancelotBootsGND.nif,
DoD,D:\Wabbajack\modlists\DoD,Diaries of Dibella - Lord's Vision,VIGILANT - English Translation (Silent),1184,Vigilant.esm,D:\Wabbajack\modlists\DoD\mods\VIGILANT - English Translation (Silent)\Vigilant.esm,0x020DFD66,zzzCHArmorLazaCuirass,Laza of Order Cuirass,plugin,Heavy,Heavy,Heavy,0.0,700,25.0,Body,32,ArmorHeavy; VendorItemArmor; ArmorCuirass; ArmorMaterialDaedric,0x0006BBD2; 0x0008F959; 0x0006C0EC; 0x0006BBD4,ArmorMaterialDaedric,ArmorCuirass,VendorItemArmor,,,Armor\AoM\lancelot\LancelotCuirassGND.nif,
DoD,D:\Wabbajack\modlists\DoD,Diaries of Dibella - Lord's Vision,VIGILANT - English Translation (Silent),1184,Vigilant.esm,D:\Wabbajack\modlists\DoD\mods\VIGILANT - English Translation (Silent)\Vigilant.esm,0x020DFD67,zzzCHArmorLazaGauntlets,Laza of Order Gauntlets,plugin,Heavy,Heavy,Heavy,0.0,200,6.0,Hands,33,ArmorHeavy; PerkFistsDaedric; ArmorGauntlets; VendorItemArmor; ArmorMaterialDaedric,0x0006BBD2; 0x0002C17B; 0x0006C0EF; 0x0008F959; 0x0006BBD4,ArmorMaterialDaedric,ArmorGauntlets,VendorItemArmor,,,Armor\AoM\lancelot\LancelotGauntletsGND.nif,
DoD,D:\Wabbajack\modlists\DoD,Diaries of Dibella - Lord's Vision,VIGILANT - English Translation (Silent),1184,Vigilant.esm,D:\Wabbajack\modlists\DoD\mods\VIGILANT - English Translation (Silent)\Vigilant.esm,0x020DFD68,zzzCHArmorLazaHelmet,Laza of Order Helmet,plugin,Heavy,Heavy,Heavy,0.0,375,8.0,Head; Hair; Circlet; Ears,30; 31; 42; 43,ArmorHeavy; VendorItemArmor; ArmorHelmet; ArmorMaterialDaedric,0x0006BBD2; 0x0008F959; 0x0006C0EE; 0x0006BBD4,ArmorMaterialDaedric,ArmorHelmet,VendorItemArmor,,,Armor\AoM\lancelot\LancelotHelmetGND.nif,
DoD,D:\Wabbajack\modlists\DoD,Diaries of Dibella - Lord's Vision,VIGILANT - English Translation (Silent),1184,Vigilant.esm,D:\Wabbajack\modlists\DoD\mods\VIGILANT - English Translation (Silent)\Vigilant.esm,0x020E04B7,zzzCHArmorMaraKnightGauntletsSilver,Knight of Mara Gauntlets (Silver),plugin,Heavy,Heavy,Heavy,0.0,125,8.0,Hands,33,ArmorHeavy; PerkFistsDaedric; ArmorGauntlets; VendorItemArmor; ArmorMaterialImperialHeavy,0x0006BBD2; 0x0002C17B; 0x0006C0EF; 0x0008F959; 0x0006BBE2,ArmorMaterialImperialHeavy,ArmorGauntlets,VendorItemArmor,,,Armor\AoM\MaraKnight\MaraKnightGauntletsGND.nif,
DoD,D:\Wabbajack\modlists\DoD,Diaries of Dibella - Lord's Vision,VIGILANT - English Translation (Silent),1184,Vigilant.esm,D:\Wabbajack\modlists\DoD\mods\VIGILANT - English Translation (Silent)\Vigilant.esm,0x020E04B3,zzzCHArmorMaraGauntletsSilver,Mara Gauntlets (Silver),plugin,Heavy,Heavy,Heavy,0.0,200,10.0,Hands,33,ArmorHeavy; PerkFistsDaedric; ArmorGauntlets; VendorItemArmor; ArmorMaterialMoonstone,0x0006BBD2; 0x0002C17B; 0x0006C0EF; 0x0008F959; 0x0006BBD9,ArmorMaterialMoonstone,ArmorGauntlets,VendorItemArmor,,,Armor\AoM\mara\MaraGauntletsGND.nif,
DoD,D:\Wabbajack\modlists\DoD,Diaries of Dibella - Lord's Vision,VIGILANT - English Translation (Silent),1184,Vigilant.esm,D:\Wabbajack\modlists\DoD\mods\VIGILANT - English Translation (Silent)\Vigilant.esm,0x0253413C,zzVcgFatGauntlets,Heretic of Mara Gauntlets,plugin,Heavy,Heavy,Heavy,0.0,200,10.0,Hands,33,ArmorHeavy; PerkFistsDaedric; ArmorGauntlets; VendorItemArmor; ArmorMaterialMoonstone,0x0006BBD2; 0x0002C17B; 0x0006C0EF; 0x0008F959; 0x0006BBD9,ArmorMaterialMoonstone,ArmorGauntlets,VendorItemArmor,,,Armor\VigCgT\ue\Nkds\ft\FatGauntletsGND.nif,
DoD,D:\Wabbajack\modlists\DoD,Diaries of Dibella - Lord's Vision,VIGILANT - English Translation (Silent),1184,Vigilant.esm,D:\Wabbajack\modlists\DoD\mods\VIGILANT - English Translation (Silent)\Vigilant.esm,0x025365C3,zzVcgGothGauntlets,Pelinal's Gauntlets,plugin,Heavy,Heavy,Heavy,0.0,300,3.0,Hands,33,ArmorHeavy; PerkFistsDaedric; ArmorGauntlets; VendorItemArmor; ArmorMaterialEbony,0x0006BBD2; 0x0002C17B; 0x0006C0EF; 0x0008F959; 0x0006BBD8,ArmorMaterialEbony,ArmorGauntlets,VendorItemArmor,,,Armor\VigCgT\ue\AhSg\goth\GothGauntletsGND.nif,
DoD,D:\Wabbajack\modlists\DoD,Diaries of Dibella - Lord's Vision,VIGILANT - English Translation (Silent),1184,Vigilant.esm,D:\Wabbajack\modlists\DoD\mods\VIGILANT - English Translation (Silent)\Vigilant.esm,0x025365C7,zzVcgGothGauntletsRust,Pelinal's Gauntlets (Rusty),plugin,Heavy,Heavy,Heavy,0.0,250,3.0,Hands,33,ArmorHeavy; PerkFistsDaedric; ArmorGauntlets; VendorItemArmor; ArmorMaterialEbony,0x0006BBD2; 0x0002C17B; 0x0006C0EF; 0x0008F959; 0x0006BBD8,ArmorMaterialEbony,ArmorGauntlets,VendorItemArmor,,,Armor\VigCgT\ue\AhSg\gothR\GothGauntletsRustGND.nif,
DoD,D:\Wabbajack\modlists\DoD,Diaries of Dibella - Lord's Vision,VIGILANT - English Translation (Silent),1184,Vigilant.esm,D:\Wabbajack\modlists\DoD\mods\VIGILANT - English Translation (Silent)\Vigilant.esm,0x025365CC,zzVcgGothGauntletsPelinal,Pelinal's Gauntlets (Rusty),plugin,Heavy,Heavy,Heavy,0.0,250,3.0,Hands,33,ArmorHeavy; PerkFistsDaedric; ArmorGauntlets; VendorItemArmor; ArmorMaterialEbony,0x0006BBD2; 0x0002C17B; 0x0006C0EF; 0x0008F959; 0x0006BBD8,ArmorMaterialEbony,ArmorGauntlets,VendorItemArmor,,,Armor\VigCgT\ue\AhSg\gothR\GothGauntletsRustGND.nif,
DoD,D:\Wabbajack\modlists\DoD,Diaries of Dibella - Lord's Vision,VIGILANT - English Translation (Silent),1184,Vigilant.esm,D:\Wabbajack\modlists\DoD\mods\VIGILANT - English Translation (Silent)\Vigilant.esm,0x0210ECE3,zzzCHArmorLazaHelmetDark,Knight of the Lake Helmet,plugin,Heavy,Heavy,Heavy,0.0,375,8.0,Head; Hair; Circlet; Ears,30; 31; 42; 43,ArmorHeavy; VendorItemArmor; ArmorHelmet; ArmorMaterialDaedric,0x0006BBD2; 0x0008F959; 0x0006C0EE; 0x0006BBD4,ArmorMaterialDaedric,ArmorHelmet,VendorItemArmor,,,Armor\AoM\lancelot\DarkLancelotHelmetGND.nif,
DoD,D:\Wabbajack\modlists\DoD,Diaries of Dibella - Lord's Vision,VIGILANT - English Translation (Silent),1184,Vigilant.esm,D:\Wabbajack\modlists\DoD\mods\VIGILANT - English Translation (Silent)\Vigilant.esm,0x0210ECE2,zzzCHArmorLazaGauntletsDark,Knight of the Lake Gauntlets,plugin,Heavy,Heavy,Heavy,0.0,200,6.0,Hands,33,ArmorHeavy; PerkFistsDaedric; ArmorGauntlets; VendorItemArmor; ArmorMaterialDaedric,0x0006BBD2; 0x0002C17B; 0x0006C0EF; 0x0008F959; 0x0006BBD4,ArmorMaterialDaedric,ArmorGauntlets,VendorItemArmor,,,Armor\AoM\lancelot\DarkLancelotGauntletsGND.nif,
DoD,D:\Wabbajack\modlists\DoD,Diaries of Dibella - Lord's Vision,VIGILANT - English Translation (Silent),1184,Vigilant.esm,D:\Wabbajack\modlists\DoD\mods\VIGILANT - English Translation (Silent)\Vigilant.esm,0x0210ECE1,zzzCHArmorLazaCuirassDark,Knight of the Lake Cuirass,plugin,Heavy,Heavy,Heavy,0.0,700,25.0,Body,32,ArmorHeavy; VendorItemArmor; ArmorCuirass; ArmorMaterialDaedric,0x0006BBD2; 0x0008F959; 0x0006C0EC; 0x0006BBD4,ArmorMaterialDaedric,ArmorCuirass,VendorItemArmor,,,Armor\AoM\lancelot\DarkLancelotCuirassGND.nif,
DoD,D:\Wabbajack\modlists\DoD,Diaries of Dibella - Lord's Vision,VIGILANT - English Translation (Silent),1184,Vigilant.esm,D:\Wabbajack\modlists\DoD\mods\VIGILANT - English Translation (Silent)\Vigilant.esm,0x0210ECE0,zzzCHArmorLazaBootsDark,Knight of the Lake Boots,plugin,Heavy,Heavy,Heavy,0.0,200,5.0,Feet,37,ArmorHeavy; VendorItemArmor; ArmorBoots; ArmorMaterialDaedric,0x0006BBD2; 0x0008F959; 0x0006C0ED; 0x0006BBD4,ArmorMaterialDaedric,ArmorBoots,VendorItemArmor,,,Armor\AoM\lancelot\DarkLancelotBootsGND.nif,
DoD,D:\Wabbajack\modlists\DoD,Diaries of Dibella - Lord's Vision,VIGILANT - English Translation (Silent),1184,Vigilant.esm,D:\Wabbajack\modlists\DoD\mods\VIGILANT - English Translation (Silent)\Vigilant.esm,0x02102603,zzzCHArmorStendarrKnightGauntletsGold,Knight of Stendarr Gauntlets (Gold),plugin,Heavy,Heavy,Heavy,0.0,125,4.0,Hands,33,ArmorHeavy; PerkFistsDaedric; ArmorGauntlets; VendorItemArmor; ArmorMaterialImperialHeavy,0x0006BBD2; 0x0002C17B; 0x0006C0EF; 0x0008F959; 0x0006BBE2,ArmorMaterialImperialHeavy,ArmorGauntlets,VendorItemArmor,,,Armor\AoM\Vinland\IkaKnightGauntletsGND.nif,
DoD,D:\Wabbajack\modlists\DoD,Diaries of Dibella - Lord's Vision,VIGILANT - English Translation (Silent),1184,Vigilant.esm,D:\Wabbajack\modlists\DoD\mods\VIGILANT - English Translation (Silent)\Vigilant.esm,0x0253E51C,zzVcgCrs3Boots,Blood-Cursed Knight Boots,plugin,Heavy,Heavy,Heavy,0.0,375,3.0,Feet,37,ArmorHeavy; ArmorMaterialDaedric; ArmorBoots; VendorItemArmor,0x0006BBD2; 0x0006BBD4; 0x0006C0ED; 0x0008F959,ArmorMaterialDaedric,ArmorBoots,VendorItemArmor,,,Armor\VigCgT\dremorn\Cursed3\Cur3BootsGND.nif,
DoD,D:\Wabbajack\modlists\DoD,Diaries of Dibella - Lord's Vision,VIGILANT - English Translation (Silent),1184,Vigilant.esm,D:\Wabbajack\modlists\DoD\mods\VIGILANT - English Translation (Silent)\Vigilant.esm,0x0253E51D,zzVcgCrs3Cuirass,Blood-Cursed Knight Armor,plugin,Heavy,Heavy,Heavy,0.0,1200,18.0,Body,32,ArmorHeavy; ArmorMaterialDaedric; ArmorCuirass; VendorItemArmor,0x0006BBD2; 0x0006BBD4; 0x0006C0EC; 0x0008F959,ArmorMaterialDaedric,ArmorCuirass,VendorItemArmor,,,Armor\VigCgT\dremorn\Cursed3\Cur3TorsoGND.nif,
DoD,D:\Wabbajack\modlists\DoD,Diaries of Dibella - Lord's Vision,VIGILANT - English Translation (Silent),1184,Vigilant.esm,D:\Wabbajack\modlists\DoD\mods\VIGILANT - English Translation (Silent)\Vigilant.esm,0x0253E51E,zzVcgCrs3Gauntlets,Blood-Cursed Knight Gauntlets,plugin,Heavy,Heavy,Heavy,0.0,425,3.0,Hands,33,ArmorHeavy; ArmorMaterialDaedric; ArmorGauntlets; VendorItemArmor; PerkFistsDaedric,0x0006BBD2; 0x0006BBD4; 0x0006C0EF; 0x0008F959; 0x0002C17B,ArmorMaterialDaedric,ArmorGauntlets,VendorItemArmor,,,Armor\VigCgT\dremorn\Cursed3\Cur3GauntletsGND.nif,
DoD,D:\Wabbajack\modlists\DoD,Diaries of Dibella - Lord's Vision,VIGILANT - English Translation (Silent),1184,Vigilant.esm,D:\Wabbajack\modlists\DoD\mods\VIGILANT - English Translation (Silent)\Vigilant.esm,0x0253E51F,zzVcgCrs3Helmet,Blood-Cursed Knight Helmet,plugin,Heavy,Heavy,Heavy,0.0,800,4.5,Head; Hair; Circlet; Ears,30; 31; 42; 43,ArmorHeavy; ArmorMaterialDaedric; ArmorHelmet; VendorItemArmor,0x0006BBD2; 0x0006BBD4; 0x0006C0EE; 0x0008F959,ArmorMaterialDaedric,ArmorHelmet,VendorItemArmor,,,Armor\VigCgT\dremorn\Cursed3\Cur3HelmetGND.nif,
DoD,D:\Wabbajack\modlists\DoD,Diaries of Dibella - Lord's Vision,VIGILANT - English Translation (Silent),1184,Vigilant.esm,D:\Wabbajack\modlists\DoD\mods\VIGILANT - English Translation (Silent)\Vigilant.esm,0x02124F26,zzzCHArmorJulianosKnightGauntlets,Knight of Julianos Gauntlets,plugin,Heavy,Heavy,Heavy,0.0,125,4.0,Hands,33,ArmorHeavy; PerkFistsDaedric; ArmorGauntlets; VendorItemArmor; ArmorMaterialImperialHeavy,0x0006BBD2; 0x0002C17B; 0x0006C0EF; 0x0008F959; 0x0006BBE2,ArmorMaterialImperialHeavy,ArmorGauntlets,VendorItemArmor,,,Armor\AoM\katarina\KatarinaGauntletsGND.nif,
DoD,D:\Wabbajack\modlists\DoD,Diaries of Dibella - Lord's Vision,VIGILANT - English Translation (Silent),1184,Vigilant.esm,D:\Wabbajack\modlists\DoD\mods\VIGILANT - English Translation (Silent)\Vigilant.esm,0x0212DCA7,zzzCHArmorZenitharKnightGauntlets,Knight of Zenithar Gauntlets,plugin,Heavy,Heavy,Heavy,0.0,125,4.0,Hands,33,ArmorHeavy; PerkFistsDaedric; ArmorGauntlets; VendorItemArmor; ArmorMaterialImperialHeavy,0x0006BBD2; 0x0002C17B; 0x0006C0EF; 0x0008F959; 0x0006BBE2,ArmorMaterialImperialHeavy,ArmorGauntlets,VendorItemArmor,,,Armor\AoM\zenithar\ZenitharGauntletsGND.nif,
DoD,D:\Wabbajack\modlists\DoD,Diaries of Dibella - Lord's Vision,VIGILANT - English Translation (Silent),1184,Vigilant.esm,D:\Wabbajack\modlists\DoD\mods\VIGILANT - English Translation (Silent)\Vigilant.esm,0x0254645D,zzzCHCrXivkynCuirassA01,Xivkyn Armor,plugin,Heavy,Heavy,Heavy,0.0,640,38.0,Body; Amulet,32; 35,ArmorHeavy; ArmorMaterialDaedric; ArmorCuirass; VendorItemArmor,0x0006BBD2; 0x0006BBD4; 0x0006C0EC; 0x0008F959,ArmorMaterialDaedric,ArmorCuirass,VendorItemArmor,,,Armor\Daedric\DaedricCuirassGO.nif,
DoD,D:\Wabbajack\modlists\DoD,Diaries of Dibella - Lord's Vision,VIGILANT - English Translation (Silent),1184,Vigilant.esm,D:\Wabbajack\modlists\DoD\mods\VIGILANT - English Translation (Silent)\Vigilant.esm,0x0254645E,zzzCHCrXivkynCuirassA02,Xivkyn Armor,plugin,Heavy,Heavy,Heavy,0.0,640,38.0,Body,32,ArmorHeavy; ArmorMaterialDaedric; ArmorCuirass; VendorItemArmor,0x0006BBD2; 0x0006BBD4; 0x0006C0EC; 0x0008F959,ArmorMaterialDaedric,ArmorCuirass,VendorItemArmor,,,Armor\Daedric\DaedricCuirassGO.nif,
DoD,D:\Wabbajack\modlists\DoD,Diaries of Dibella - Lord's Vision,VIGILANT - English Translation (Silent),1184,Vigilant.esm,D:\Wabbajack\modlists\DoD\mods\VIGILANT - English Translation (Silent)\Vigilant.esm,0x0254645F,zzzCHCrXivkynCuirassB,Xivkyn Armor,plugin,Heavy,Heavy,Heavy,0.0,640,38.0,Body,32,ArmorHeavy; ArmorMaterialDaedric; ArmorCuirass; VendorItemArmor,0x0006BBD2; 0x0006BBD4; 0x0006C0EC; 0x0008F959,ArmorMaterialDaedric,ArmorCuirass,VendorItemArmor,,,Armor\Daedric\DaedricCuirassGO.nif,
DoD,D:\Wabbajack\modlists\DoD,Diaries of Dibella - Lord's Vision,VIGILANT - English Translation (Silent),1184,Vigilant.esm,D:\Wabbajack\modlists\DoD\mods\VIGILANT - English Translation (Silent)\Vigilant.esm,0x02546460,zzzCHCrXivkynCuirassC,Xivkyn Armor,plugin,Heavy,Heavy,Heavy,0.0,640,38.0,Body,32,ArmorHeavy; ArmorMaterialDaedric; ArmorCuirass; VendorItemArmor,0x0006BBD2; 0x0006BBD4; 0x0006C0EC; 0x0008F959,ArmorMaterialDaedric,ArmorCuirass,VendorItemArmor,,,Armor\Daedric\DaedricCuirassGO.nif,
DoD,D:\Wabbajack\modlists\DoD,Diaries of Dibella - Lord's Vision,VIGILANT - English Translation (Silent),1184,Vigilant.esm,D:\Wabbajack\modlists\DoD\mods\VIGILANT - English Translation (Silent)\Vigilant.esm,0x0212B49A,zzzCHArmorJulianosKnightGauntlets_steel,Knight of Julianos Gauntlets (Steel),plugin,Heavy,Heavy,Heavy,0.0,125,4.0,Hands,33,ArmorHeavy; PerkFistsDaedric; ArmorGauntlets; VendorItemArmor; ArmorMaterialImperialHeavy,0x0006BBD2; 0x0002C17B; 0x0006C0EF; 0x0008F959; 0x0006BBE2,ArmorMaterialImperialHeavy,ArmorGauntlets,VendorItemArmor,,,Armor\AoM\katarina\KatarinaGauntletsGND.nif,
DoD,D:\Wabbajack\modlists\DoD,Diaries of Dibella - Lord's Vision,VIGILANT - English Translation (Silent),1184,Vigilant.esm,D:\Wabbajack\modlists\DoD\mods\VIGILANT - English Translation (Silent)\Vigilant.esm,0x02132DC8,zzzCHArmorZenitharKnightGauntlets_steel,Knight of Zenithar Gauntlets (Steel),plugin,Heavy,Heavy,Heavy,0.0,125,4.0,Hands,33,ArmorHeavy; PerkFistsDaedric; ArmorGauntlets; VendorItemArmor; ArmorMaterialImperialHeavy,0x0006BBD2; 0x0002C17B; 0x0006C0EF; 0x0008F959; 0x0006BBE2,ArmorMaterialImperialHeavy,ArmorGauntlets,VendorItemArmor,,,Armor\AoM\zenithar\ZenitharGauntletsGND.nif,
DoD,D:\Wabbajack\modlists\DoD,Diaries of Dibella - Lord's Vision,VIGILANT - English Translation (Silent),1184,Vigilant.esm,D:\Wabbajack\modlists\DoD\mods\VIGILANT - English Translation (Silent)\Vigilant.esm,0x02136B1B,zzzCHArmorDibellaKnightGauntlets,Knight of Dibella Gauntlets,plugin,Heavy,Heavy,Heavy,0.0,125,2.0,Hands,33,ArmorHeavy; PerkFistsDaedric; ArmorGauntlets; VendorItemArmor; ArmorMaterialImperialHeavy,0x0006BBD2; 0x0002C17B; 0x0006C0EF; 0x0008F959; 0x0006BBE2,ArmorMaterialImperialHeavy,ArmorGauntlets,VendorItemArmor,,,Armor\AoM\dibella\DibellaGloveGND.nif,
DoD,D:\Wabbajack\modlists\DoD,Diaries of Dibella - Lord's Vision,VIGILANT Voiced - English Addon,1185,Vigilant.esm,D:\Wabbajack\modlists\DoD\mods\VIGILANT Voiced - English Addon\Vigilant.esm,0x0215BAE3,zzzCHArmorAkatoshKnightGauntlets,Knight of Akatosh Gauntlets,plugin,Heavy,Heavy,Heavy,0.0,125,4.0,Hands,33,ArmorHeavy; PerkFistsDaedric; ArmorGauntlets; VendorItemArmor; ArmorMaterialImperialHeavy,0x0006BBD2; 0x0002C17B; 0x0006C0EF; 0x0008F959; 0x0006BBE2,ArmorMaterialImperialHeavy,ArmorGauntlets,VendorItemArmor,,,Armor\AoM\akatosh\AkatoshGauntletsGND.nif,
DoD,D:\Wabbajack\modlists\DoD,Diaries of Dibella - Lord's Vision,VIGILANT Voiced - English Addon,1185,Vigilant.esm,D:\Wabbajack\modlists\DoD\mods\VIGILANT Voiced - English Addon\Vigilant.esm,0x0215CE28,zzzCHArmorAkatoshKnightGauntlets_rust,Knight of Akatosh Gauntlets (Rusty),plugin,Heavy,Heavy,Heavy,0.0,100,4.0,Hands,33,ArmorHeavy; PerkFistsDaedric; ArmorGauntlets; VendorItemArmor; ArmorMaterialImperialHeavy,0x0006BBD2; 0x0002C17B; 0x0006C0EF; 0x0008F959; 0x0006BBE2,ArmorMaterialImperialHeavy,ArmorGauntlets,VendorItemArmor,,,Armor\AoM\akatosh\AkatoshGauntletsGND.nif,
DoD,D:\Wabbajack\modlists\DoD,Diaries of Dibella - Lord's Vision,VIGILANT Voiced - English Addon,1185,Vigilant.esm,D:\Wabbajack\modlists\DoD\mods\VIGILANT Voiced - English Addon\Vigilant.esm,0x02162E2B,zzzCHArmorTalosKnightGauntlets,Knight of Talos Gauntlets,plugin,Heavy,Heavy,Heavy,0.0,125,5.0,Hands,33,ArmorHeavy; PerkFistsDaedric; ArmorGauntlets; VendorItemArmor; ArmorMaterialImperialHeavy,0x0006BBD2; 0x0002C17B; 0x0006C0EF; 0x0008F959; 0x0006BBE2,ArmorMaterialImperialHeavy,ArmorGauntlets,VendorItemArmor,,,Armor\AoM\Talos\TalosGauntletsGND.nif,
DoD,D:\Wabbajack\modlists\DoD,Diaries of Dibella - Lord's Vision,VIGILANT Voiced - English Addon,1185,Vigilant.esm,D:\Wabbajack\modlists\DoD\mods\VIGILANT Voiced - English Addon\Vigilant.esm,0x02164165,zzzCHArmorTalosKnightGauntlets_Rust,Knight of Talos Gauntlets (Rusty),plugin,Heavy,Heavy,Heavy,0.0,100,5.0,Hands,33,ArmorHeavy; PerkFistsDaedric; ArmorGauntlets; VendorItemArmor; ArmorMaterialImperialHeavy,0x0006BBD2; 0x0002C17B; 0x0006C0EF; 0x0008F959; 0x0006BBE2,ArmorMaterialImperialHeavy,ArmorGauntlets,VendorItemArmor,,,Armor\AoM\Talos\TalosGauntletsGND.nif,
DoD,D:\Wabbajack\modlists\DoD,Diaries of Dibella - Lord's Vision,VIGILANT Voiced - English Addon,1185,Vigilant.esm,D:\Wabbajack\modlists\DoD\mods\VIGILANT Voiced - English Addon\Vigilant.esm,0x0218782B,zzzCHArmorMinosGauntlets,Morihaus' Gauntlets,plugin,Heavy,Heavy,Heavy,0.0,200,6.0,Hands,33,ArmorHeavy; PerkFistsDaedric; ArmorGauntlets; VendorItemArmor; ArmorMaterialEbony,0x0006BBD2; 0x0002C17B; 0x0006C0EF; 0x0008F959; 0x0006BBD8,ArmorMaterialEbony,ArmorGauntlets,VendorItemArmor,,,Armor\AoM\Minos\MinosGauntletsGND.nif,
DoD,D:\Wabbajack\modlists\DoD,Diaries of Dibella - Lord's Vision,VIGILANT Voiced - English Addon,1185,Vigilant.esm,D:\Wabbajack\modlists\DoD\mods\VIGILANT Voiced - English Addon\Vigilant.esm,0x021B3216,zzzCHArmorArkayKnightGauntlets,Knight of Arkay Gauntlets,plugin,Heavy,Heavy,Heavy,0.0,125,4.0,Hands,33,ArmorHeavy; PerkFistsDaedric; ArmorGauntlets; VendorItemArmor; ArmorMaterialImperialHeavy,0x0006BBD2; 0x0002C17B; 0x0006C0EF; 0x0008F959; 0x0006BBE2,ArmorMaterialImperialHeavy,ArmorGauntlets,VendorItemArmor,,,Armor\AoM\Arkay\ArkayGauntletsGND.nif,
DoD,D:\Wabbajack\modlists\DoD,Diaries of Dibella - Lord's Vision,VIGILANT Voiced - English Addon,1185,Vigilant.esm,D:\Wabbajack\modlists\DoD\mods\VIGILANT Voiced - English Addon\Vigilant.esm,0x021B454F,zzzCHArmorArkayKnightGauntletsRust,Knight of Arkay Gauntlets (Rusty),plugin,Heavy,Heavy,Heavy,0.0,100,4.0,Hands,33,ArmorHeavy; PerkFistsDaedric; ArmorGauntlets; VendorItemArmor; ArmorMaterialImperialHeavy,0x0006BBD2; 0x0002C17B; 0x0006C0EF; 0x0008F959; 0x0006BBE2,ArmorMaterialImperialHeavy,ArmorGauntlets,VendorItemArmor,,,Armor\AoM\Arkay\ArkayGauntletsGND.nif,
DoD,D:\Wabbajack\modlists\DoD,Diaries of Dibella - Lord's Vision,VIGILANT Voiced - English Addon,1185,Vigilant.esm,D:\Wabbajack\modlists\DoD\mods\VIGILANT Voiced - English Addon\Vigilant.esm,0x021B6BC6,zzzCHArmorAkavirGauntlets,Remanite Shock Corps Gauntlets,plugin,Light,Light,Light,0.0,75,2.0,Hands,33,VendorItemArmor; PerkFistsDaedric; ArmorGauntlets; ArmorMaterialImperialLight; ArmorLight,0x0008F959; 0x0002C17B; 0x0006C0EF; 0x0006BBE0; 0x0006BBD3,ArmorMaterialImperialLight,ArmorGauntlets,VendorItemArmor,,,Armor\AoM\Akavir\AkavirGloveGND.nif,
DoD,D:\Wabbajack\modlists\DoD,Diaries of Dibella - Lord's Vision,VIGILANT Voiced - English Addon,1185,Vigilant.esm,D:\Wabbajack\modlists\DoD\mods\VIGILANT Voiced - English Addon\Vigilant.esm,0x021D0689,zzzCHArmorGorieusGauntlets,Gorieus' Dragonmaster Knight Gauntlets,plugin,Heavy,Heavy,Heavy,0.0,200,4.0,Hands,33,ArmorHeavy; PerkFistsDaedric; ArmorGauntlets; VendorItemArmor; ArmorMaterialImperialHeavy,0x0006BBD2; 0x0002C17B; 0x0006C0EF; 0x0008F959; 0x0006BBE2,ArmorMaterialImperialHeavy,ArmorGauntlets,VendorItemArmor,,,Armor\AoM\Gorieus\GorieusGauntletsGND.nif,
DoD,D:\Wabbajack\modlists\DoD,Diaries of Dibella - Lord's Vision,VIGILANT Voiced - English Addon,1185,Vigilant.esm,D:\Wabbajack\modlists\DoD\mods\VIGILANT Voiced - English Addon\Vigilant.esm,0x022083DB,zzzCHArmorGorieusGauntlets_ebony,Gorieus' Dragonrider Knight Gauntlets,plugin,Heavy,Heavy,Heavy,0.0,625,4.0,Hands,33,ArmorHeavy; PerkFistsDaedric; ArmorGauntlets; VendorItemArmor; ArmorMaterialImperialHeavy,0x0006BBD2; 0x0002C17B; 0x0006C0EF; 0x0008F959; 0x0006BBE2,ArmorMaterialImperialHeavy,ArmorGauntlets,VendorItemArmor,,,Armor\AoM\Gorieus\GorieusGauntletsGND.nif,
DoD,D:\Wabbajack\modlists\DoD,Diaries of Dibella - Lord's Vision,VIGILANT Voiced - English Addon,1185,Vigilant.esm,D:\Wabbajack\modlists\DoD\mods\VIGILANT Voiced - English Addon\Vigilant.esm,0x02209720,zzzCHArmorGorieusGauntlets_blood,Gorieus' Dragonblood Knight Gauntlets,plugin,Heavy,Heavy,Heavy,0.0,175,4.0,Hands,33,ArmorHeavy; PerkFistsDaedric; ArmorGauntlets; VendorItemArmor; ArmorMaterialImperialHeavy,0x0006BBD2; 0x0002C17B; 0x0006C0EF; 0x0008F959; 0x0006BBE2,ArmorMaterialImperialHeavy,ArmorGauntlets,VendorItemArmor,,,Armor\AoM\Gorieus\GorieusGauntletsGND.nif,
DoD,D:\Wabbajack\modlists\DoD,Diaries of Dibella - Lord's Vision,VIGILANT Voiced - English Addon,1185,Vigilant.esm,D:\Wabbajack\modlists\DoD\mods\VIGILANT Voiced - English Addon\Vigilant.esm,0x0220974E,zzzCHArmorGorieusGauntlets_blood_npc,Gorieus' Dragonblood Knight Gauntlets,plugin,Heavy,Heavy,Heavy,0.0,175,4.0,Hands,33,ArmorHeavy; PerkFistsDaedric; ArmorGauntlets; VendorItemArmor; ArmorMaterialImperialHeavy,0x0006BBD2; 0x0002C17B; 0x0006C0EF; 0x0008F959; 0x0006BBE2,ArmorMaterialImperialHeavy,ArmorGauntlets,VendorItemArmor,,,Armor\AoM\Gorieus\GorieusGauntletsGND.nif,
DoD,D:\Wabbajack\modlists\DoD,Diaries of Dibella - Lord's Vision,VIGILANT Voiced - English Addon,1185,Vigilant.esm,D:\Wabbajack\modlists\DoD\mods\VIGILANT Voiced - English Addon\Vigilant.esm,0x0220974F,zzzCHArmorGorieusGauntlets_ebony_npc,Gorieus' Dragonrider Knight Gauntlets,plugin,Heavy,Heavy,Heavy,0.0,625,4.0,Hands,33,ArmorHeavy; PerkFistsDaedric; ArmorGauntlets; VendorItemArmor; ArmorMaterialImperialHeavy,0x0006BBD2; 0x0002C17B; 0x0006C0EF; 0x0008F959; 0x0006BBE2,ArmorMaterialImperialHeavy,ArmorGauntlets,VendorItemArmor,,,Armor\AoM\Gorieus\GorieusGauntletsGND.nif,
DoD,D:\Wabbajack\modlists\DoD,Diaries of Dibella - Lord's Vision,VIGILANT Voiced - English Addon,1185,Vigilant.esm,D:\Wabbajack\modlists\DoD\mods\VIGILANT Voiced - English Addon\Vigilant.esm,0x0222D9FB,zzzCHArmorTowerGauntlets,Belharza's Dragonmaster Knight Gauntlets,plugin,Heavy,Heavy,Heavy,0.0,200,5.0,Hands,33,ArmorHeavy; PerkFistsDaedric; ArmorGauntlets; VendorItemArmor; ArmorMaterialImperialHeavy,0x0006BBD2; 0x0002C17B; 0x0006C0EF; 0x0008F959; 0x0006BBE2,ArmorMaterialImperialHeavy,ArmorGauntlets,VendorItemArmor,,,Armor\AoM\Tower\TowerGauntletsGND.nif,
DoD,D:\Wabbajack\modlists\DoD,Diaries of Dibella - Lord's Vision,VIGILANT Voiced - English Addon,1185,Vigilant.esm,D:\Wabbajack\modlists\DoD\mods\VIGILANT Voiced - English Addon\Vigilant.esm,0x0222ED3D,zzzCHArmorTowerGauntlets_blood,Belharza's Dragonblood Knight Gauntlets,plugin,Heavy,Heavy,Heavy,0.0,175,5.0,Hands,33,ArmorHeavy; PerkFistsDaedric; ArmorGauntlets; VendorItemArmor; ArmorMaterialImperialHeavy,0x0006BBD2; 0x0002C17B; 0x0006C0EF; 0x0008F959; 0x0006BBE2,ArmorMaterialImperialHeavy,ArmorGauntlets,VendorItemArmor,,,Armor\AoM\Tower\TowerGauntletsGND.nif,
DoD,D:\Wabbajack\modlists\DoD,Diaries of Dibella - Lord's Vision,VIGILANT Voiced - English Addon,1185,Vigilant.esm,D:\Wabbajack\modlists\DoD\mods\VIGILANT Voiced - English Addon\Vigilant.esm,0x0222ED3E,zzzCHArmorTowerGauntlets_ebony,Belharza's Dragonrider Knight Gauntlets,plugin,Heavy,Heavy,Heavy,0.0,150,5.0,Hands,33,ArmorHeavy; PerkFistsDaedric; ArmorGauntlets; VendorItemArmor; ArmorMaterialImperialHeavy,0x0006BBD2; 0x0002C17B; 0x0006C0EF; 0x0008F959; 0x0006BBE2,ArmorMaterialImperialHeavy,ArmorGauntlets,VendorItemArmor,,,Armor\AoM\Tower\TowerGauntletsGND.nif,
DoD,D:\Wabbajack\modlists\DoD,Diaries of Dibella - Lord's Vision,VIGILANT Voiced - English Addon,1185,Vigilant.esm,D:\Wabbajack\modlists\DoD\mods\VIGILANT Voiced - English Addon\Vigilant.esm,0x02234DE3,zzzCHArmorTowerGauntlets_blood_npc,Belharza's Dragonblood Knight Gauntlets,plugin,Heavy,Heavy,Heavy,0.0,175,5.0,Hands,33,ArmorHeavy; PerkFistsDaedric; ArmorGauntlets; VendorItemArmor; ArmorMaterialImperialHeavy,0x0006BBD2; 0x0002C17B; 0x0006C0EF; 0x0008F959; 0x0006BBE2,ArmorMaterialImperialHeavy,ArmorGauntlets,VendorItemArmor,,,Armor\AoM\Tower\TowerGauntletsGND.nif,
DoD,D:\Wabbajack\modlists\DoD,Diaries of Dibella - Lord's Vision,VIGILANT Voiced - English Addon,1185,Vigilant.esm,D:\Wabbajack\modlists\DoD\mods\VIGILANT Voiced - English Addon\Vigilant.esm,0x02234DE4,zzzCHArmorTowerGauntlets_ebony_npc,Belharza's Dragonrider Knight Gauntlets,plugin,Heavy,Heavy,Heavy,0.0,150,5.0,Hands,33,ArmorHeavy; PerkFistsDaedric; ArmorGauntlets; VendorItemArmor; ArmorMaterialImperialHeavy,0x0006BBD2; 0x0002C17B; 0x0006C0EF; 0x0008F959; 0x0006BBE2,ArmorMaterialImperialHeavy,ArmorGauntlets,VendorItemArmor,,,Armor\AoM\Tower\TowerGauntletsGND.nif,
DoD,D:\Wabbajack\modlists\DoD,Diaries of Dibella - Lord's Vision,VIGILANT Voiced - English Addon,1185,Vigilant.esm,D:\Wabbajack\modlists\DoD\mods\VIGILANT Voiced - English Addon\Vigilant.esm,0x022699FD,zzzCHArmorUmarilGauntlets,Umaril's Gauntlets,plugin,Heavy,Heavy,Heavy,0.0,200,6.0,Hands,33,ArmorHeavy; PerkFistsDaedric; ArmorGauntlets; VendorItemArmor; ArmorMaterialMoonstone,0x0006BBD2; 0x0002C17B; 0x0006C0EF; 0x0008F959; 0x0006BBD9,ArmorMaterialMoonstone,ArmorGauntlets,VendorItemArmor,,,Armor\AoM\Umaril\UmarilGauntletsGND.nif,
DoD,D:\Wabbajack\modlists\DoD,Diaries of Dibella - Lord's Vision,VIGILANT Voiced - English Addon,1185,Vigilant.esm,D:\Wabbajack\modlists\DoD\mods\VIGILANT Voiced - English Addon\Vigilant.esm,0x02270D5F,zzzCHArmorMinionGauntlets,Auroran Gauntlets,plugin,Heavy,Heavy,Heavy,0.0,175,6.0,Hands,33,ArmorHeavy; PerkFistsDaedric; ArmorGauntlets; VendorItemArmor; ArmorMaterialMoonstone,0x0006BBD2; 0x0002C17B; 0x0006C0EF; 0x0008F959; 0x0006BBD9,ArmorMaterialMoonstone,ArmorGauntlets,VendorItemArmor,,,Armor\AoM\Umaril\UmarilGauntletsGND.nif,
DoD,D:\Wabbajack\modlists\DoD,Diaries of Dibella - Lord's Vision,VIGILANT Voiced - English Addon,1185,Vigilant.esm,D:\Wabbajack\modlists\DoD\mods\VIGILANT Voiced - English Addon\Vigilant.esm,0x02270D63,zzzCHArmorMinionGauntlets_npc,Auroran Gauntlets,plugin,Heavy,Heavy,Heavy,0.0,175,2.0,Hands,33,ArmorHeavy; PerkFistsDaedric; ArmorGauntlets; VendorItemArmor; ArmorMaterialMoonstone,0x0006BBD2; 0x0002C17B; 0x0006C0EF; 0x0008F959; 0x0006BBD9,ArmorMaterialMoonstone,ArmorGauntlets,VendorItemArmor,,,Armor\AoM\Umaril\UmarilGauntletsGND.nif,
DoD,D:\Wabbajack\modlists\DoD,Diaries of Dibella - Lord's Vision,VIGILANT Voiced - English Addon,1185,Vigilant.esm,D:\Wabbajack\modlists\DoD\mods\VIGILANT Voiced - English Addon\Vigilant.esm,0x02270D67,zzzCHArmorUmarilGauntlets_npc,Umaril's Gauntlets,plugin,Heavy,Heavy,Heavy,0.0,200,6.0,Hands,33,ArmorHeavy; PerkFistsDaedric; ArmorGauntlets; VendorItemArmor; ArmorMaterialMoonstone,0x0006BBD2; 0x0002C17B; 0x0006C0EF; 0x0008F959; 0x0006BBD9,ArmorMaterialMoonstone,ArmorGauntlets,VendorItemArmor,,,Armor\AoM\Umaril\UmarilGauntletsGND.nif,
DoD,D:\Wabbajack\modlists\DoD,Diaries of Dibella - Lord's Vision,VIGILANT Voiced - English Addon,1185,Vigilant.esm,D:\Wabbajack\modlists\DoD\mods\VIGILANT Voiced - English Addon\Vigilant.esm,0x0231C3B7,zzzAoMCursedArmAltano,Cursed Arm,plugin,Heavy,Heavy,Heavy,0.0,10,1.0,Ring,36,ArmorHeavy; ArmorMaterialDaedric; ArmorGauntlets; VendorItemArmor; PerkFistsDaedric,0x0006BBD2; 0x0006BBD4; 0x0006C0EF; 0x0008F959; 0x0002C17B,ArmorMaterialDaedric,ArmorGauntlets,VendorItemArmor,,,Armor\AoM\MolagBal\MolagBalGauntletsGND.nif,
DoD,D:\Wabbajack\modlists\DoD,Diaries of Dibella - Lord's Vision,VIGILANT Voiced - English Addon,1185,Vigilant.esm,D:\Wabbajack\modlists\DoD\mods\VIGILANT Voiced - English Addon\Vigilant.esm,0x020368E5,zzzCHArmorMolagBoots,Molag Bal Boots,plugin,Heavy,Heavy,Heavy,0.0,200,3.0,Feet,37,ArmorHeavy; ArmorMaterialDaedric; ArmorBoots; VendorItemArmor,0x0006BBD2; 0x0006BBD4; 0x0006C0ED; 0x0008F959,ArmorMaterialDaedric,ArmorBoots,VendorItemArmor,,,Armor\AoM\MolagBal\MolagBalBootsGND.nif,
DoD,D:\Wabbajack\modlists\DoD,Diaries of Dibella - Lord's Vision,VIGILANT Voiced - English Addon,1185,Vigilant.esm,D:\Wabbajack\modlists\DoD\mods\VIGILANT Voiced - English Addon\Vigilant.esm,0x020368E6,zzzCHArmorMolagCuirass,Molag Bal Armor,plugin,Heavy,Heavy,Heavy,0.0,700,18.0,Body,32,ArmorHeavy; ArmorMaterialDaedric; ArmorCuirass; VendorItemArmor,0x0006BBD2; 0x0006BBD4; 0x0006C0EC; 0x0008F959,ArmorMaterialDaedric,ArmorCuirass,VendorItemArmor,,,Armor\AoM\MolagBal\MolagBalCuirassGND.nif,
DoD,D:\Wabbajack\modlists\DoD,Diaries of Dibella - Lord's Vision,VIGILANT Voiced - English Addon,1185,Vigilant.esm,D:\Wabbajack\modlists\DoD\mods\VIGILANT Voiced - English Addon\Vigilant.esm,0x020368E7,zzzCHArmorMolagGauntlets,Molag Bal Gauntlets,plugin,Heavy,Heavy,Heavy,0.0,200,3.0,Hands,33,ArmorHeavy; ArmorMaterialDaedric; ArmorGauntlets; VendorItemArmor; PerkFistsDaedric,0x0006BBD2; 0x0006BBD4; 0x0006C0EF; 0x0008F959; 0x0002C17B,ArmorMaterialDaedric,ArmorGauntlets,VendorItemArmor,,,Armor\AoM\MolagBal\MolagBalGauntletsGND.nif,
DoD,D:\Wabbajack\modlists\DoD,Diaries of Dibella - Lord's Vision,VIGILANT Voiced - English Addon,1185,Vigilant.esm,D:\Wabbajack\modlists\DoD\mods\VIGILANT Voiced - English Addon\Vigilant.esm,0x020368E8,zzzCHArmorMolagHelmet,Molag Bal Helmet,plugin,Heavy,Heavy,Heavy,0.0,375,4.0,Head; Hair; Circlet; Ears,30; 31; 42; 43,ArmorHeavy; ArmorMaterialDaedric; ArmorHelmet; VendorItemArmor,0x0006BBD2; 0x0006BBD4; 0x0006C0EE; 0x0008F959,ArmorMaterialDaedric,ArmorHelmet,VendorItemArmor,,,Armor\AoM\MolagBal\MolagBalHelmGND.nif,
DoD,D:\Wabbajack\modlists\DoD,Diaries of Dibella - Lord's Vision,VIGILANT Voiced - English Addon,1185,Vigilant.esm,D:\Wabbajack\modlists\DoD\mods\VIGILANT Voiced - English Addon\Vigilant.esm,0x0203D788,zzzCHArmorDaedricMageCuirass,Daedric Mage Cuirass,plugin,Heavy,Heavy,Heavy,0.0,1,10.0,Body,32,ArmorHeavy; ArmorMaterialDaedric; ArmorCuirass; VendorItemArmor,0x0006BBD2; 0x0006BBD4; 0x0006C0EC; 0x0008F959,ArmorMaterialDaedric,ArmorCuirass,VendorItemArmor,,,Armor\Daedric\DaedricCuirassGO.nif,
DoD,D:\Wabbajack\modlists\DoD,Diaries of Dibella - Lord's Vision,VIGILANT Voiced - English Addon,1185,Vigilant.esm,D:\Wabbajack\modlists\DoD\mods\VIGILANT Voiced - English Addon\Vigilant.esm,0x02044682,zzzCHArmorMolagBootsRustyNPC,Rusty Boots,plugin,Heavy,Heavy,Heavy,0.0,175,6.0,Feet,37,ArmorHeavy; ArmorMaterialDaedric; ArmorBoots; VendorItemArmor,0x0006BBD2; 0x0006BBD4; 0x0006C0ED; 0x0008F959,ArmorMaterialDaedric,ArmorBoots,VendorItemArmor,,,Armor\AoM\MolagBal\RustyMolagBalBootsGND.nif,
DoD,D:\Wabbajack\modlists\DoD,Diaries of Dibella - Lord's Vision,VIGILANT Voiced - English Addon,1185,Vigilant.esm,D:\Wabbajack\modlists\DoD\mods\VIGILANT Voiced - English Addon\Vigilant.esm,0x02044683,zzzCHArmorMolagBootsNPC,Molag Bal Boots,plugin,Heavy,Heavy,Heavy,0.0,200,5.0,Feet,37,ArmorHeavy; ArmorMaterialDaedric; ArmorBoots; VendorItemArmor,0x0006BBD2; 0x0006BBD4; 0x0006C0ED; 0x0008F959,ArmorMaterialDaedric,ArmorBoots,VendorItemArmor,,,Armor\AoM\MolagBal\MolagBalBootsGND.nif,
DoD,D:\Wabbajack\modlists\DoD,Diaries of Dibella - Lord's Vision,VIGILANT Voiced - English Addon,1185,Vigilant.esm,D:\Wabbajack\modlists\DoD\mods\VIGILANT Voiced - English Addon\Vigilant.esm,0x02044684,zzzCHArmorMolagCuirassNPC,Molag Bal Armor,plugin,Heavy,Heavy,Heavy,0.0,700,24.0,Body; Tail,32; 40,ArmorHeavy; ArmorMaterialDaedric; ArmorCuirass; VendorItemArmor,0x0006BBD2; 0x0006BBD4; 0x0006C0EC; 0x0008F959,ArmorMaterialDaedric,ArmorCuirass,VendorItemArmor,,,Armor\AoM\MolagBal\MolagBalCuirassGND.nif,
DoD,D:\Wabbajack\modlists\DoD,Diaries of Dibella - Lord's Vision,VIGILANT Voiced - English Addon,1185,Vigilant.esm,D:\Wabbajack\modlists\DoD\mods\VIGILANT Voiced - English Addon\Vigilant.esm,0x02044685,zzzCHArmorMolagCuirassRustyNPC,Rusty Armor,plugin,Heavy,Heavy,Heavy,0.0,675,24.0,Body; Tail,32; 40,ArmorHeavy; ArmorMaterialDaedric; ArmorCuirass; VendorItemArmor,0x0006BBD2; 0x0006BBD4; 0x0006C0EC; 0x0008F959,ArmorMaterialDaedric,ArmorCuirass,VendorItemArmor,,,Armor\AoM\MolagBal\RustyMolagBalCuirassGND.nif,
DoD,D:\Wabbajack\modlists\DoD,Diaries of Dibella - Lord's Vision,VIGILANT Voiced - English Addon,1185,Vigilant.esm,D:\Wabbajack\modlists\DoD\mods\VIGILANT Voiced - English Addon\Vigilant.esm,0x02044686,zzzCHArmorMolagGauntletsNPC,Molag Bal Gauntlets,plugin,Heavy,Heavy,Heavy,0.0,200,6.0,Hands,33,ArmorHeavy; ArmorMaterialDaedric; ArmorGauntlets; VendorItemArmor; PerkFistsDaedric,0x0006BBD2; 0x0006BBD4; 0x0006C0EF; 0x0008F959; 0x0002C17B,ArmorMaterialDaedric,ArmorGauntlets,VendorItemArmor,,,Armor\AoM\MolagBal\MolagBalGauntletsGND.nif,
DoD,D:\Wabbajack\modlists\DoD,Diaries of Dibella - Lord's Vision,VIGILANT Voiced - English Addon,1185,Vigilant.esm,D:\Wabbajack\modlists\DoD\mods\VIGILANT Voiced - English Addon\Vigilant.esm,0x02044687,zzzCHArmorMolagGauntletsRustyNPC,Rusty Gauntlets,plugin,Heavy,Heavy,Heavy,0.0,175,6.0,Hands,33,ArmorHeavy; ArmorMaterialDaedric; ArmorGauntlets; VendorItemArmor; PerkFistsDaedric,0x0006BBD2; 0x0006BBD4; 0x0006C0EF; 0x0008F959; 0x0002C17B,ArmorMaterialDaedric,ArmorGauntlets,VendorItemArmor,,,Armor\AoM\MolagBal\RustyMolagBalGauntletsGND.nif,
DoD,D:\Wabbajack\modlists\DoD,Diaries of Dibella - Lord's Vision,VIGILANT Voiced - English Addon,1185,Vigilant.esm,D:\Wabbajack\modlists\DoD\mods\VIGILANT Voiced - English Addon\Vigilant.esm,0x02044688,zzzCHArmorMolagHelmetNPC,Molag Bal Helmet,plugin,Heavy,Heavy,Heavy,0.0,375,8.0,Head; Hair; Circlet; Ears,30; 31; 42; 43,ArmorHeavy; ArmorMaterialDaedric; ArmorHelmet; VendorItemArmor,0x0006BBD2; 0x0006BBD4; 0x0006C0EE; 0x0008F959,ArmorMaterialDaedric,ArmorHelmet,VendorItemArmor,,,Armor\AoM\MolagBal\MolagBalHelmGND.nif,
DoD,D:\Wabbajack\modlists\DoD,Diaries of Dibella - Lord's Vision,VIGILANT Voiced - English Addon,1185,Vigilant.esm,D:\Wabbajack\modlists\DoD\mods\VIGILANT Voiced - English Addon\Vigilant.esm,0x02044689,zzzCHArmorMolagHelmetRustyNPC,Rusty Helmet,plugin,Heavy,Heavy,Heavy,0.0,350,8.0,Head; Hair; Circlet; Ears,30; 31; 42; 43,ArmorHeavy; ArmorMaterialDaedric; ArmorHelmet; VendorItemArmor,0x0006BBD2; 0x0006BBD4; 0x0006C0EE; 0x0008F959,ArmorMaterialDaedric,ArmorHelmet,VendorItemArmor,,,Armor\AoM\MolagBal\RustyMolagBalHelmGND.nif,
DoD,D:\Wabbajack\modlists\DoD,Diaries of Dibella - Lord's Vision,VIGILANT Voiced - English Addon,1185,Vigilant.esm,D:\Wabbajack\modlists\DoD\mods\VIGILANT Voiced - English Addon\Vigilant.esm,0x02044F48,zzzCHArmorMolagBootsRusty,Rusty Boots,plugin,Heavy,Heavy,Heavy,0.0,175,3.0,Feet,37,ArmorHeavy; ArmorMaterialDaedric; ArmorBoots; VendorItemArmor,0x0006BBD2; 0x0006BBD4; 0x0006C0ED; 0x0008F959,ArmorMaterialDaedric,ArmorBoots,VendorItemArmor,,,Armor\AoM\MolagBal\RustyMolagBalBootsGND.nif,
DoD,D:\Wabbajack\modlists\DoD,Diaries of Dibella - Lord's Vision,VIGILANT Voiced - English Addon,1185,Vigilant.esm,D:\Wabbajack\modlists\DoD\mods\VIGILANT Voiced - English Addon\Vigilant.esm,0x02044F49,zzzCHArmorMolagCuirassRusty,Rusty Armor,plugin,Heavy,Heavy,Heavy,0.0,675,18.0,Body,32,ArmorHeavy; ArmorMaterialDaedric; ArmorCuirass; VendorItemArmor,0x0006BBD2; 0x0006BBD4; 0x0006C0EC; 0x0008F959,ArmorMaterialDaedric,ArmorCuirass,VendorItemArmor,,,Armor\AoM\MolagBal\RustyMolagBalCuirassGND.nif,
DoD,D:\Wabbajack\modlists\DoD,Diaries of Dibella - Lord's Vision,VIGILANT Voiced - English Addon,1185,Vigilant.esm,D:\Wabbajack\modlists\DoD\mods\VIGILANT Voiced - English Addon\Vigilant.esm,0x02044F4A,zzzCHArmorMolagGauntletsRusty,Rusty Gauntlets,plugin,Heavy,Heavy,Heavy,0.0,175,3.0,Hands,33,ArmorHeavy; ArmorMaterialDaedric; ArmorGauntlets; VendorItemArmor; PerkFistsDaedric,0x0006BBD2; 0x0006BBD4; 0x0006C0EF; 0x0008F959; 0x0002C17B,ArmorMaterialDaedric,ArmorGauntlets,VendorItemArmor,,,Armor\AoM\MolagBal\RustyMolagBalGauntletsGND.nif,
DoD,D:\Wabbajack\modlists\DoD,Diaries of Dibella - Lord's Vision,VIGILANT Voiced - English Addon,1185,Vigilant.esm,D:\Wabbajack\modlists\DoD\mods\VIGILANT Voiced - English Addon\Vigilant.esm,0x02044F4B,zzzCHArmorMolagHelmetRusty,Rusty Helmet,plugin,Heavy,Heavy,Heavy,0.0,350,4.0,Head; Hair; Circlet; Ears,30; 31; 42; 43,ArmorHeavy; ArmorMaterialDaedric; ArmorHelmet; VendorItemArmor,0x0006BBD2; 0x0006BBD4; 0x0006C0EE; 0x0008F959,ArmorMaterialDaedric,ArmorHelmet,VendorItemArmor,,,Armor\AoM\MolagBal\RustyMolagBalHelmGND.nif,
DoD,D:\Wabbajack\modlists\DoD,Diaries of Dibella - Lord's Vision,VIGILANT Voiced - English Addon,1185,Vigilant.esm,D:\Wabbajack\modlists\DoD\mods\VIGILANT Voiced - English Addon\Vigilant.esm,0x020B0EAC,zzzCHArmorPelinalGauntlets,Huna's Gauntlets,plugin,Heavy,Heavy,Heavy,0.0,200,3.0,Hands,33,ArmorHeavy; PerkFistsDaedric; ArmorGauntlets; VendorItemArmor; ArmorMaterialEbony,0x0006BBD2; 0x0002C17B; 0x0006C0EF; 0x0008F959; 0x0006BBD8,ArmorMaterialEbony,ArmorGauntlets,VendorItemArmor,,,Armor\AoM\credo\Pelin\PelinGauntletsGND.nif,
DoD,D:\Wabbajack\modlists\DoD,Diaries of Dibella - Lord's Vision,VIGILANT Voiced - English Addon,1185,Vigilant.esm,D:\Wabbajack\modlists\DoD\mods\VIGILANT Voiced - English Addon\Vigilant.esm,0x020B1CE8,zzzCHArmorKnightOfOrder,Shell of Order,plugin,Heavy,Heavy,Heavy,0.0,500,15.0,Head; Hair; Body; Hands; Feet; Circlet; Ears,30; 31; 32; 33; 37; 42; 43,ArmorHeavy; VendorItemArmor; ArmorMaterialDaedric,0x0006BBD2; 0x0008F959; 0x0006BBD4,ArmorMaterialDaedric,,VendorItemArmor,,,Clutter\AoM\OrderHeart.nif,
DoD,D:\Wabbajack\modlists\DoD,Diaries of Dibella - Lord's Vision,VIGILANT Voiced - English Addon,1185,Vigilant.esm,D:\Wabbajack\modlists\DoD\mods\VIGILANT Voiced - English Addon\Vigilant.esm,0x020B1CE9,zzzCHArmorJyggalag,Shell of Jyggalag,plugin,Heavy,Heavy,Heavy,0.0,750,15.0,Head; Hair; Body; Hands; Feet; Circlet; Ears,30; 31; 32; 33; 37; 42; 43,ArmorHeavy; VendorItemArmor; ArmorMaterialDaedric,0x0006BBD2; 0x0008F959; 0x0006BBD4,ArmorMaterialDaedric,,VendorItemArmor,,,Clutter\AoM\OrderHeart.nif,
DoD,D:\Wabbajack\modlists\DoD,Diaries of Dibella - Lord's Vision,VIGILANT Voiced - English Addon,1185,Vigilant.esm,D:\Wabbajack\modlists\DoD\mods\VIGILANT Voiced - English Addon\Vigilant.esm,0x024FD6C4,zzVcgPDKnightGauntlets,Knight-Errant Gauntlets,plugin,Heavy,Heavy,Heavy,0.0,125,4.0,Hands,33,ArmorHeavy; PerkFistsDaedric; ArmorGauntlets; VendorItemArmor; ArmorMaterialImperialHeavy,0x0006BBD2; 0x0002C17B; 0x0006C0EF; 0x0008F959; 0x0006BBE2,ArmorMaterialImperialHeavy,ArmorGauntlets,VendorItemArmor,,,Armor\VigCgT\PackDev\PDGauntletsGND.nif,
DoD,D:\Wabbajack\modlists\DoD,Diaries of Dibella - Lord's Vision,VIGILANT Voiced - English Addon,1185,Vigilant.esm,D:\Wabbajack\modlists\DoD\mods\VIGILANT Voiced - English Addon\Vigilant.esm,0x024FD6C8,zzVcgPDKnightGauntletsRust,Knight-Errant Gauntlets (Rusty),plugin,Heavy,Heavy,Heavy,0.0,100,4.0,Hands,33,ArmorHeavy; PerkFistsDaedric; ArmorGauntlets; VendorItemArmor; ArmorMaterialImperialHeavy,0x0006BBD2; 0x0002C17B; 0x0006C0EF; 0x0008F959; 0x0006BBE2,ArmorMaterialImperialHeavy,ArmorGauntlets,VendorItemArmor,,,Armor\VigCgT\PackDev\PDGauntletsGND.nif,
DoD,D:\Wabbajack\modlists\DoD,Diaries of Dibella - Lord's Vision,VIGILANT Voiced - English Addon,1185,Vigilant.esm,D:\Wabbajack\modlists\DoD\mods\VIGILANT Voiced - English Addon\Vigilant.esm,0x024FD6E2,zzVcgLandsknechtGauntlets,Sir Caius' Gauntlets,plugin,Heavy,Heavy,Heavy,0.0,125,4.0,Hands,33,ArmorHeavy; PerkFistsDaedric; ArmorGauntlets; VendorItemArmor; ArmorMaterialImperialHeavy,0x0006BBD2; 0x0002C17B; 0x0006C0EF; 0x0008F959; 0x0006BBE2,ArmorMaterialImperialHeavy,ArmorGauntlets,VendorItemArmor,,,Armor\VigCgT\ddzemesiuk\LandsknechtGauntletsGND.nif,
DoD,D:\Wabbajack\modlists\DoD,Diaries of Dibella - Lord's Vision,VIGILANT Voiced - English Addon,1185,Vigilant.esm,D:\Wabbajack\modlists\DoD\mods\VIGILANT Voiced - English Addon\Vigilant.esm,0x024FD6FE,zzVcgArshpGauntlets,Sir Torolf's Gauntlets,plugin,Heavy,Heavy,Heavy,0.0,115,3.0,Hands,33,ArmorHeavy; PerkFistsDaedric; ArmorGauntlets; VendorItemArmor; ArmorMaterialImperialHeavy,0x0006BBD2; 0x0002C17B; 0x0006C0EF; 0x0008F959; 0x0006BBE2,ArmorMaterialImperialHeavy,ArmorGauntlets,VendorItemArmor,,,Armor\VigCgT\armoreshop\ASBracerGND.nif,
DoD,D:\Wabbajack\modlists\DoD,Diaries of Dibella - Lord's Vision,VIGILANT Voiced - English Addon,1185,Vigilant.esm,D:\Wabbajack\modlists\DoD\mods\VIGILANT Voiced - English Addon\Vigilant.esm,0x024FD711,zzVcgArshpGauntletsRust,Sir Torolf's Gauntlets (Rusty),plugin,Heavy,Heavy,Heavy,0.0,100,3.0,Hands,33,ArmorHeavy; PerkFistsDaedric; ArmorGauntlets; VendorItemArmor; ArmorMaterialImperialHeavy,0x0006BBD2; 0x0002C17B; 0x0006C0EF; 0x0008F959; 0x0006BBE2,ArmorMaterialImperialHeavy,ArmorGauntlets,VendorItemArmor,,,Armor\VigCgT\armoreshop\ASBracerGND.nif,
DoD,D:\Wabbajack\modlists\DoD,Diaries of Dibella - Lord's Vision,VIGILANT Voiced - English Addon,1185,Vigilant.esm,D:\Wabbajack\modlists\DoD\mods\VIGILANT Voiced - English Addon\Vigilant.esm,0x024FE919,zzVcgAkatoshGauntlets,Time-Watcher Gauntlets,plugin,Heavy,Heavy,Heavy,0.0,180,2.0,Hands,33,ArmorHeavy; PerkFistsDaedric; ArmorGauntlets; VendorItemArmor; ArmorMaterialImperialHeavy,0x0006BBD2; 0x0002C17B; 0x0006C0EF; 0x0008F959; 0x0006BBE2,ArmorMaterialImperialHeavy,ArmorGauntlets,VendorItemArmor,,,Armor\VigCgT\kasheydd\BlackKnight\BKGauntletsGND.nif,
DoD,D:\Wabbajack\modlists\DoD,Diaries of Dibella - Lord's Vision,VIGILANT Voiced - English Addon,1185,Vigilant.esm,D:\Wabbajack\modlists\DoD\mods\VIGILANT Voiced - English Addon\Vigilant.esm,0x024FE933,zzVcgMercenaryGauntlets,Sir Juncan's Gauntlets,plugin,Light,Light,Light,0.0,112,2.0,Hands,33,VendorItemArmor; PerkFistsDaedric; ArmorGauntlets; ArmorLight; ArmorMaterialImperialLight,0x0008F959; 0x0002C17B; 0x0006C0EF; 0x0006BBD3; 0x0006BBE0,ArmorMaterialImperialLight,ArmorGauntlets,VendorItemArmor,,,Armor\VigCgT\fajrulfnf\Mercenary\MercenaryGloveGND.nif,
DoD,D:\Wabbajack\modlists\DoD,Diaries of Dibella - Lord's Vision,VIGILANT Voiced - English Addon,1185,Vigilant.esm,D:\Wabbajack\modlists\DoD\mods\VIGILANT Voiced - English Addon\Vigilant.esm,0x024FE955,zzVcgHospGauntlets,Sir Gregory's Gauntlets,plugin,Heavy,Heavy,Heavy,0.0,125,4.0,Hands,33,ArmorHeavy; PerkFistsDaedric; ArmorGauntlets; VendorItemArmor; ArmorMaterialImperialHeavy,0x0006BBD2; 0x0002C17B; 0x0006C0EF; 0x0008F959; 0x0006BBE2,ArmorMaterialImperialHeavy,ArmorGauntlets,VendorItemArmor,,,Armor\VigCgT\zeroswat\Hospitaller\HospGauntletsGND.nif,
DoD,D:\Wabbajack\modlists\DoD,Diaries of Dibella - Lord's Vision,VIGILANT Voiced - English Addon,1185,Vigilant.esm,D:\Wabbajack\modlists\DoD\mods\VIGILANT Voiced - English Addon\Vigilant.esm,0x024FFB64,zzVCgSquireGauntlets,Colovian Swordsman Gauntlets,plugin,Light,Light,Light,0.0,92,2.0,Hands,33,VendorItemArmor; PerkFistsDaedric; ArmorGauntlets; ArmorLight; ArmorMaterialImperialLight,0x0008F959; 0x0002C17B; 0x0006C0EF; 0x0006BBD3; 0x0006BBE0,ArmorMaterialImperialLight,ArmorGauntlets,VendorItemArmor,,,Armor\VigCgT\pgclomax\Sqr\SqrGauntletsGND.nif,
DoD,D:\Wabbajack\modlists\DoD,Diaries of Dibella - Lord's Vision,VIGILANT Voiced - English Addon,1185,Vigilant.esm,D:\Wabbajack\modlists\DoD\mods\VIGILANT Voiced - English Addon\Vigilant.esm,0x02502000,zzVcgRKGauntlets,Sir Amiel's Gauntlets,plugin,Heavy,Heavy,Heavy,0.0,110,3.5,Hands,33,ArmorHeavy; PerkFistsDaedric; ArmorGauntlets; VendorItemArmor; ArmorMaterialImperialHeavy,0x0006BBD2; 0x0002C17B; 0x0006C0EF; 0x0008F959; 0x0006BBE2,ArmorMaterialImperialHeavy,ArmorGauntlets,VendorItemArmor,,,Armor\VigCgT\danilsabirzhanov\RKGauntletsGND.nif,
DoD,D:\Wabbajack\modlists\DoD,Diaries of Dibella - Lord's Vision,VIGILANT Voiced - English Addon,1185,Vigilant.esm,D:\Wabbajack\modlists\DoD\mods\VIGILANT Voiced - English Addon\Vigilant.esm,0x0250445C,zzVcgRKGauntletsRust,Sir Amiel's Gauntlets (Rusty),plugin,Heavy,Heavy,Heavy,0.0,100,3.5,Hands,33,ArmorHeavy; PerkFistsDaedric; ArmorGauntlets; VendorItemArmor; ArmorMaterialImperialHeavy,0x0006BBD2; 0x0002C17B; 0x0006C0EF; 0x0008F959; 0x0006BBE2,ArmorMaterialImperialHeavy,ArmorGauntlets,VendorItemArmor,,,Armor\VigCgT\danilsabirzhanov\RKGauntletsGND.nif,
DoD,D:\Wabbajack\modlists\DoD,Diaries of Dibella - Lord's Vision,VIGILANT Voiced - English Addon,1185,Vigilant.esm,D:\Wabbajack\modlists\DoD\mods\VIGILANT Voiced - English Addon\Vigilant.esm,0x0250446D,zzVcgSkGauntlets,Sir Berich's Gauntlets,plugin,Heavy,Heavy,Heavy,0.0,115,4.0,Hands,33,ArmorHeavy; PerkFistsDaedric; ArmorGauntlets; VendorItemArmor; ArmorMaterialImperialHeavy,0x0006BBD2; 0x0002C17B; 0x0006C0EF; 0x0008F959; 0x0006BBE2,ArmorMaterialImperialHeavy,ArmorGauntlets,VendorItemArmor,,,Armor\VigCgT\ShaoKhan\Knight\SKGauntletsGND.nif,
DoD,D:\Wabbajack\modlists\DoD,Diaries of Dibella - Lord's Vision,VIGILANT Voiced - English Addon,1185,Vigilant.esm,D:\Wabbajack\modlists\DoD\mods\VIGILANT Voiced - English Addon\Vigilant.esm,0x0250447B,zzVcgSkGauntletsRust,Sir Berich's Gauntlets (Rusty),plugin,Heavy,Heavy,Heavy,0.0,105,4.0,Hands,33,ArmorHeavy; PerkFistsDaedric; ArmorGauntlets; VendorItemArmor; ArmorMaterialImperialHeavy,0x0006BBD2; 0x0002C17B; 0x0006C0EF; 0x0008F959; 0x0006BBE2,ArmorMaterialImperialHeavy,ArmorGauntlets,VendorItemArmor,,,Armor\VigCgT\ShaoKhan\Knight\SKGauntletsGND.nif,
DoD,D:\Wabbajack\modlists\DoD,Diaries of Dibella - Lord's Vision,VIGILANT Voiced - English Addon,1185,Vigilant.esm,D:\Wabbajack\modlists\DoD\mods\VIGILANT Voiced - English Addon\Vigilant.esm,0x025056AE,zzVcgHrGauntletsRust,Alessian Battlemage Gauntlets,plugin,Light,Light,Light,0.0,72,2.0,Hands,33,VendorItemArmor; PerkFistsDaedric; ArmorGauntlets; ArmorLight; ArmorMaterialImperialLight,0x0008F959; 0x0002C17B; 0x0006C0EF; 0x0006BBD3; 0x0006BBE0,ArmorMaterialImperialLight,ArmorGauntlets,VendorItemArmor,,,Armor\VigCgT\ShaoKhan\Hr\HrGauntletsGnd.nif,
DoD,D:\Wabbajack\modlists\DoD,Diaries of Dibella - Lord's Vision,VIGILANT Voiced - English Addon,1185,Vigilant.esm,D:\Wabbajack\modlists\DoD\mods\VIGILANT Voiced - English Addon\Vigilant.esm,0x025056BA,zzVcgNpHrGauntlets,Marukhati Selective Gauntlets,plugin,Light,Light,Light,0.0,82,2.0,Hands,33,VendorItemArmor; PerkFistsDaedric; ArmorGauntlets; ArmorLight; ArmorMaterialImperialLight,0x0008F959; 0x0002C17B; 0x0006C0EF; 0x0006BBD3; 0x0006BBE0,ArmorMaterialImperialLight,ArmorGauntlets,VendorItemArmor,,,Armor\VigCgT\ShaoKhan\Hr\HrGauntletsGnd.nif,
DoD,D:\Wabbajack\modlists\DoD,Diaries of Dibella - Lord's Vision,VIGILANT Voiced - English Addon,1185,Vigilant.esm,D:\Wabbajack\modlists\DoD\mods\VIGILANT Voiced - English Addon\Vigilant.esm,0x025056C6,zzVcgDrmrGauntlets,Alessian Soldier Gauntlets,plugin,Light,Light,Light,0.0,62,1.0,Hands,33,VendorItemArmor; PerkFistsDaedric; ArmorGauntlets; ArmorLight; ArmorMaterialImperialLight,0x0008F959; 0x0002C17B; 0x0006C0EF; 0x0006BBD3; 0x0006BBE0,ArmorMaterialImperialLight,ArmorGauntlets,VendorItemArmor,,,Armor\VigCgT\dorlak\Mercenary\DrmrGloveGND.nif,
DoD,D:\Wabbajack\modlists\DoD,Diaries of Dibella - Lord's Vision,VIGILANT Voiced - English Addon,1185,Vigilant.esm,D:\Wabbajack\modlists\DoD\mods\VIGILANT Voiced - English Addon\Vigilant.esm,0x025056CA,zzVcgNpDrmrGauntlets,Alessian Soldier Gauntlets,plugin,Light,Light,Light,0.0,62,1.0,Hands,33,VendorItemArmor; PerkFistsDaedric; ArmorGauntlets; ArmorLight; ArmorMaterialImperialLight,0x0008F959; 0x0002C17B; 0x0006C0EF; 0x0006BBD3; 0x0006BBE0,ArmorMaterialImperialLight,ArmorGauntlets,VendorItemArmor,,,Armor\VigCgT\dorlak\Mercenary\DrmrGloveGND.nif,
DoD,D:\Wabbajack\modlists\DoD,Diaries of Dibella - Lord's Vision,VIGILANT Voiced - English Addon,1185,Vigilant.esm,D:\Wabbajack\modlists\DoD\mods\VIGILANT Voiced - English Addon\Vigilant.esm,0x025068E6,zzVcgHrGauntlets,Marukhati Selective Gauntlets,plugin,Light,Light,Light,0.0,82,2.0,Hands,33,VendorItemArmor; PerkFistsDaedric; ArmorGauntlets; ArmorLight; ArmorMaterialImperialLight,0x0008F959; 0x0002C17B; 0x0006C0EF; 0x0006BBD3; 0x0006BBE0,ArmorMaterialImperialLight,ArmorGauntlets,VendorItemArmor,,,Armor\VigCgT\ShaoKhan\Hr\HrGauntletsGnd.nif,
DoD,D:\Wabbajack\modlists\DoD,Diaries of Dibella - Lord's Vision,VIGILANT Voiced - English Addon,1185,Vigilant.esm,D:\Wabbajack\modlists\DoD\mods\VIGILANT Voiced - English Addon\Vigilant.esm,0x025068E8,zzVcgNpHrGauntletsRust,Alessian Battlemage Gauntlets,plugin,Light,Light,Light,0.0,72,2.0,Hands,33,VendorItemArmor; PerkFistsDaedric; ArmorGauntlets; ArmorLight; ArmorMaterialImperialLight,0x0008F959; 0x0002C17B; 0x0006C0EF; 0x0006BBD3; 0x0006BBE0,ArmorMaterialImperialLight,ArmorGauntlets,VendorItemArmor,,,Armor\VigCgT\ShaoKhan\Hr\HrGauntletsGnd.nif,
DoD,D:\Wabbajack\modlists\DoD,Diaries of Dibella - Lord's Vision,VIGILANT Voiced - English Addon,1185,Vigilant.esm,D:\Wabbajack\modlists\DoD\mods\VIGILANT Voiced - English Addon\Vigilant.esm,0x0250F88F,zzVCgGrGauntlets,Sir Henrik's Gauntlets,plugin,Heavy,Heavy,Heavy,0.0,155,5.0,Hands,33,ArmorHeavy; PerkFistsDaedric; ArmorGauntlets; VendorItemArmor; ArmorMaterialImperialHeavy,0x0006BBD2; 0x0002C17B; 0x0006C0EF; 0x0008F959; 0x0006BBE2,ArmorMaterialImperialHeavy,ArmorGauntlets,VendorItemArmor,,,Armor\VigCgT\ShaoKhan\Gr\GrGauntletsGND.nif,
DoD,D:\Wabbajack\modlists\DoD,Diaries of Dibella - Lord's Vision,VIGILANT Voiced - English Addon,1185,Vigilant.esm,D:\Wabbajack\modlists\DoD\mods\VIGILANT Voiced - English Addon\Vigilant.esm,0x0250F899,zzVCgGrLGauntlets,Cyrod Leather Gloves,plugin,Light,Light,Light,0.0,70,1.8,Hands,33,VendorItemArmor; PerkFistsDaedric; ArmorGauntlets; ArmorLight; ArmorMaterialImperialLight,0x0008F959; 0x0002C17B; 0x0006C0EF; 0x0006BBD3; 0x0006BBE0,ArmorMaterialImperialLight,ArmorGauntlets,VendorItemArmor,,,Armor\VigCgT\ShaoKhan\GrL\GrLGloveGND.nif,
DoD,D:\Wabbajack\modlists\DoD,Diaries of Dibella - Lord's Vision,VIGILANT Voiced - English Addon,1185,Vigilant.esm,D:\Wabbajack\modlists\DoD\mods\VIGILANT Voiced - English Addon\Vigilant.esm,0x020C5D2F,zzzCHArmorMaraGauntlets,Mara Gauntlets,plugin,Heavy,Heavy,Heavy,0.0,200,10.0,Hands,33,ArmorHeavy; PerkFistsDaedric; ArmorGauntlets; VendorItemArmor; ArmorMaterialMoonstone,0x0006BBD2; 0x0002C17B; 0x0006C0EF; 0x0008F959; 0x0006BBD9,ArmorMaterialMoonstone,ArmorGauntlets,VendorItemArmor,,,Armor\AoM\mara\MaraGauntletsGND.nif,
DoD,D:\Wabbajack\modlists\DoD,Diaries of Dibella - Lord's Vision,VIGILANT Voiced - English Addon,1185,Vigilant.esm,D:\Wabbajack\modlists\DoD\mods\VIGILANT Voiced - English Addon\Vigilant.esm,0x020C2D83,zzzCHArmorDaedricShieldUnplayable,Daedric Shield,plugin,Heavy,Heavy,,0.0,1600,1.0,Shield,39,ArmorMaterialDaedric; VendorItemArmor; ArmorShield,0x0006BBD4; 0x0008F959; 0x000965B2,ArmorMaterialDaedric,ArmorShield,VendorItemArmor,,,Armor\Daedric\DaedricShield.nif,
DoD,D:\Wabbajack\modlists\DoD,Diaries of Dibella - Lord's Vision,VIGILANT Voiced - English Addon,1185,Vigilant.esm,D:\Wabbajack\modlists\DoD\mods\VIGILANT Voiced - English Addon\Vigilant.esm,0x020C5D3D,zzzCHArmorMaraGauntletsPlayable,Mara Gauntlets,plugin,Heavy,Heavy,Heavy,0.0,200,10.0,Hands,33,ArmorHeavy; PerkFistsDaedric; ArmorGauntlets; VendorItemArmor; ArmorMaterialMoonstone,0x0006BBD2; 0x0002C17B; 0x0006C0EF; 0x0008F959; 0x0006BBD9,ArmorMaterialMoonstone,ArmorGauntlets,VendorItemArmor,,,Armor\AoM\mara\MaraGauntletsGND.nif,
DoD,D:\Wabbajack\modlists\DoD,Diaries of Dibella - Lord's Vision,VIGILANT Voiced - English Addon,1185,Vigilant.esm,D:\Wabbajack\modlists\DoD\mods\VIGILANT Voiced - English Addon\Vigilant.esm,0x020C6007,zzzCHArmorMaraKnightGauntlets,Knight of Mara Gauntlets,plugin,Heavy,Heavy,Heavy,0.0,125,8.0,Hands,33,ArmorHeavy; PerkFistsDaedric; ArmorGauntlets; VendorItemArmor; ArmorMaterialImperialHeavy,0x0006BBD2; 0x0002C17B; 0x0006C0EF; 0x0008F959; 0x0006BBE2,ArmorMaterialImperialHeavy,ArmorGauntlets,VendorItemArmor,,,Armor\AoM\MaraKnight\MaraKnightGauntletsGND.nif,
DoD,D:\Wabbajack\modlists\DoD,Diaries of Dibella - Lord's Vision,VIGILANT Voiced - English Addon,1185,Vigilant.esm,D:\Wabbajack\modlists\DoD\mods\VIGILANT Voiced - English Addon\Vigilant.esm,0x020D9540,zzzCHArmorStendarrKnightGauntlets,Knight of Stendarr Gauntlets,plugin,Heavy,Heavy,Heavy,0.0,125,4.0,Hands,33,ArmorHeavy; PerkFistsDaedric; ArmorGauntlets; VendorItemArmor; ArmorMaterialImperialHeavy,0x0006BBD2; 0x0002C17B; 0x0006C0EF; 0x0008F959; 0x0006BBE2,ArmorMaterialImperialHeavy,ArmorGauntlets,VendorItemArmor,,,Armor\AoM\Vinland\IkaKnightGauntletsGND.nif,
DoD,D:\Wabbajack\modlists\DoD,Diaries of Dibella - Lord's Vision,VIGILANT Voiced - English Addon,1185,Vigilant.esm,D:\Wabbajack\modlists\DoD\mods\VIGILANT Voiced - English Addon\Vigilant.esm,0x0252E723,zzzCHArmorDaedricMageHelmet,Daedric Cowl,plugin,Heavy,Heavy,Heavy,0.0,110,2.0,Hair; Circlet,31; 42,VendorItemArmor; MagicDisallowEnchanting; ArmorHelmet; ArmorMaterialDaedric; ArmorHeavy,0x0008F959; 0x000C27BD; 0x0006C0EE; 0x0006BBD4; 0x0006BBD2,ArmorMaterialDaedric,ArmorHelmet,VendorItemArmor,,,Armor\DBArmor\DBArmorHoodMasklessGND.nif,Armor\DBArmor\DBArmorHoodGND.nif
DoD,D:\Wabbajack\modlists\DoD,Diaries of Dibella - Lord's Vision,VIGILANT Voiced - English Addon,1185,Vigilant.esm,D:\Wabbajack\modlists\DoD\mods\VIGILANT Voiced - English Addon\Vigilant.esm,0x0252E722,zzzCHArmorDaedricMageGauntlets,Daedric Gauntlets,plugin,Heavy,Heavy,Heavy,0.0,125,9.0,Hands,33,ArmorHeavy; ArmorMaterialDaedric; ArmorGauntlets; VendorItemArmor; PerkFistsDaedric,0x0006BBD2; 0x0006BBD4; 0x0006C0EF; 0x0008F959; 0x0002C17B,ArmorMaterialDaedric,ArmorGauntlets,VendorItemArmor,,,Armor\Daedric\DaedricGauntletsGO.nif,
DoD,D:\Wabbajack\modlists\DoD,Diaries of Dibella - Lord's Vision,VIGILANT Voiced - English Addon,1185,Vigilant.esm,D:\Wabbajack\modlists\DoD\mods\VIGILANT Voiced - English Addon\Vigilant.esm,0x020DFD65,zzzCHArmorLazaBoots,Laza of Order Boots,plugin,Heavy,Heavy,Heavy,0.0,200,5.0,Feet,37,ArmorHeavy; VendorItemArmor; ArmorBoots; ArmorMaterialDaedric,0x0006BBD2; 0x0008F959; 0x0006C0ED; 0x0006BBD4,ArmorMaterialDaedric,ArmorBoots,VendorItemArmor,,,Armor\AoM\lancelot\LancelotBootsGND.nif,
DoD,D:\Wabbajack\modlists\DoD,Diaries of Dibella - Lord's Vision,VIGILANT Voiced - English Addon,1185,Vigilant.esm,D:\Wabbajack\modlists\DoD\mods\VIGILANT Voiced - English Addon\Vigilant.esm,0x020DFD66,zzzCHArmorLazaCuirass,Laza of Order Cuirass,plugin,Heavy,Heavy,Heavy,0.0,700,25.0,Body,32,ArmorHeavy; VendorItemArmor; ArmorCuirass; ArmorMaterialDaedric,0x0006BBD2; 0x0008F959; 0x0006C0EC; 0x0006BBD4,ArmorMaterialDaedric,ArmorCuirass,VendorItemArmor,,,Armor\AoM\lancelot\LancelotCuirassGND.nif,
DoD,D:\Wabbajack\modlists\DoD,Diaries of Dibella - Lord's Vision,VIGILANT Voiced - English Addon,1185,Vigilant.esm,D:\Wabbajack\modlists\DoD\mods\VIGILANT Voiced - English Addon\Vigilant.esm,0x020DFD67,zzzCHArmorLazaGauntlets,Laza of Order Gauntlets,plugin,Heavy,Heavy,Heavy,0.0,200,6.0,Hands,33,ArmorHeavy; PerkFistsDaedric; ArmorGauntlets; VendorItemArmor; ArmorMaterialDaedric,0x0006BBD2; 0x0002C17B; 0x0006C0EF; 0x0008F959; 0x0006BBD4,ArmorMaterialDaedric,ArmorGauntlets,VendorItemArmor,,,Armor\AoM\lancelot\LancelotGauntletsGND.nif,
DoD,D:\Wabbajack\modlists\DoD,Diaries of Dibella - Lord's Vision,VIGILANT Voiced - English Addon,1185,Vigilant.esm,D:\Wabbajack\modlists\DoD\mods\VIGILANT Voiced - English Addon\Vigilant.esm,0x020DFD68,zzzCHArmorLazaHelmet,Laza of Order Helmet,plugin,Heavy,Heavy,Heavy,0.0,375,8.0,Head; Hair; Circlet; Ears,30; 31; 42; 43,ArmorHeavy; VendorItemArmor; ArmorHelmet; ArmorMaterialDaedric,0x0006BBD2; 0x0008F959; 0x0006C0EE; 0x0006BBD4,ArmorMaterialDaedric,ArmorHelmet,VendorItemArmor,,,Armor\AoM\lancelot\LancelotHelmetGND.nif,
DoD,D:\Wabbajack\modlists\DoD,Diaries of Dibella - Lord's Vision,VIGILANT Voiced - English Addon,1185,Vigilant.esm,D:\Wabbajack\modlists\DoD\mods\VIGILANT Voiced - English Addon\Vigilant.esm,0x020E04B7,zzzCHArmorMaraKnightGauntletsSilver,Knight of Mara Gauntlets (Silver),plugin,Heavy,Heavy,Heavy,0.0,125,8.0,Hands,33,ArmorHeavy; PerkFistsDaedric; ArmorGauntlets; VendorItemArmor; ArmorMaterialImperialHeavy,0x0006BBD2; 0x0002C17B; 0x0006C0EF; 0x0008F959; 0x0006BBE2,ArmorMaterialImperialHeavy,ArmorGauntlets,VendorItemArmor,,,Armor\AoM\MaraKnight\MaraKnightGauntletsGND.nif,
DoD,D:\Wabbajack\modlists\DoD,Diaries of Dibella - Lord's Vision,VIGILANT Voiced - English Addon,1185,Vigilant.esm,D:\Wabbajack\modlists\DoD\mods\VIGILANT Voiced - English Addon\Vigilant.esm,0x020E04B3,zzzCHArmorMaraGauntletsSilver,Mara Gauntlets (Silver),plugin,Heavy,Heavy,Heavy,0.0,200,10.0,Hands,33,ArmorHeavy; PerkFistsDaedric; ArmorGauntlets; VendorItemArmor; ArmorMaterialMoonstone,0x0006BBD2; 0x0002C17B; 0x0006C0EF; 0x0008F959; 0x0006BBD9,ArmorMaterialMoonstone,ArmorGauntlets,VendorItemArmor,,,Armor\AoM\mara\MaraGauntletsGND.nif,
DoD,D:\Wabbajack\modlists\DoD,Diaries of Dibella - Lord's Vision,VIGILANT Voiced - English Addon,1185,Vigilant.esm,D:\Wabbajack\modlists\DoD\mods\VIGILANT Voiced - English Addon\Vigilant.esm,0x0253413C,zzVcgFatGauntlets,Heretic of Mara Gauntlets,plugin,Heavy,Heavy,Heavy,0.0,200,10.0,Hands,33,ArmorHeavy; PerkFistsDaedric; ArmorGauntlets; VendorItemArmor; ArmorMaterialMoonstone,0x0006BBD2; 0x0002C17B; 0x0006C0EF; 0x0008F959; 0x0006BBD9,ArmorMaterialMoonstone,ArmorGauntlets,VendorItemArmor,,,Armor\VigCgT\ue\Nkds\ft\FatGauntletsGND.nif,
DoD,D:\Wabbajack\modlists\DoD,Diaries of Dibella - Lord's Vision,VIGILANT Voiced - English Addon,1185,Vigilant.esm,D:\Wabbajack\modlists\DoD\mods\VIGILANT Voiced - English Addon\Vigilant.esm,0x025365C3,zzVcgGothGauntlets,Pelinal's Gauntlets,plugin,Heavy,Heavy,Heavy,0.0,300,3.0,Hands,33,ArmorHeavy; PerkFistsDaedric; ArmorGauntlets; VendorItemArmor; ArmorMaterialEbony,0x0006BBD2; 0x0002C17B; 0x0006C0EF; 0x0008F959; 0x0006BBD8,ArmorMaterialEbony,ArmorGauntlets,VendorItemArmor,,,Armor\VigCgT\ue\AhSg\goth\GothGauntletsGND.nif,
DoD,D:\Wabbajack\modlists\DoD,Diaries of Dibella - Lord's Vision,VIGILANT Voiced - English Addon,1185,Vigilant.esm,D:\Wabbajack\modlists\DoD\mods\VIGILANT Voiced - English Addon\Vigilant.esm,0x025365C7,zzVcgGothGauntletsRust,Pelinal's Gauntlets (Rusty),plugin,Heavy,Heavy,Heavy,0.0,250,3.0,Hands,33,ArmorHeavy; PerkFistsDaedric; ArmorGauntlets; VendorItemArmor; ArmorMaterialEbony,0x0006BBD2; 0x0002C17B; 0x0006C0EF; 0x0008F959; 0x0006BBD8,ArmorMaterialEbony,ArmorGauntlets,VendorItemArmor,,,Armor\VigCgT\ue\AhSg\gothR\GothGauntletsRustGND.nif,
DoD,D:\Wabbajack\modlists\DoD,Diaries of Dibella - Lord's Vision,VIGILANT Voiced - English Addon,1185,Vigilant.esm,D:\Wabbajack\modlists\DoD\mods\VIGILANT Voiced - English Addon\Vigilant.esm,0x025365CC,zzVcgGothGauntletsPelinal,Pelinal's Gauntlets (Rusty),plugin,Heavy,Heavy,Heavy,0.0,250,3.0,Hands,33,ArmorHeavy; PerkFistsDaedric; ArmorGauntlets; VendorItemArmor; ArmorMaterialEbony,0x0006BBD2; 0x0002C17B; 0x0006C0EF; 0x0008F959; 0x0006BBD8,ArmorMaterialEbony,ArmorGauntlets,VendorItemArmor,,,Armor\VigCgT\ue\AhSg\gothR\GothGauntletsRustGND.nif,
DoD,D:\Wabbajack\modlists\DoD,Diaries of Dibella - Lord's Vision,VIGILANT Voiced - English Addon,1185,Vigilant.esm,D:\Wabbajack\modlists\DoD\mods\VIGILANT Voiced - English Addon\Vigilant.esm,0x0210ECE3,zzzCHArmorLazaHelmetDark,Knight of the Lake Helmet,plugin,Heavy,Heavy,Heavy,0.0,375,8.0,Head; Hair; Circlet; Ears,30; 31; 42; 43,ArmorHeavy; VendorItemArmor; ArmorHelmet; ArmorMaterialDaedric,0x0006BBD2; 0x0008F959; 0x0006C0EE; 0x0006BBD4,ArmorMaterialDaedric,ArmorHelmet,VendorItemArmor,,,Armor\AoM\lancelot\DarkLancelotHelmetGND.nif,
DoD,D:\Wabbajack\modlists\DoD,Diaries of Dibella - Lord's Vision,VIGILANT Voiced - English Addon,1185,Vigilant.esm,D:\Wabbajack\modlists\DoD\mods\VIGILANT Voiced - English Addon\Vigilant.esm,0x0210ECE2,zzzCHArmorLazaGauntletsDark,Knight of the Lake Gauntlets,plugin,Heavy,Heavy,Heavy,0.0,200,6.0,Hands,33,ArmorHeavy; PerkFistsDaedric; ArmorGauntlets; VendorItemArmor; ArmorMaterialDaedric,0x0006BBD2; 0x0002C17B; 0x0006C0EF; 0x0008F959; 0x0006BBD4,ArmorMaterialDaedric,ArmorGauntlets,VendorItemArmor,,,Armor\AoM\lancelot\DarkLancelotGauntletsGND.nif,
DoD,D:\Wabbajack\modlists\DoD,Diaries of Dibella - Lord's Vision,VIGILANT Voiced - English Addon,1185,Vigilant.esm,D:\Wabbajack\modlists\DoD\mods\VIGILANT Voiced - English Addon\Vigilant.esm,0x0210ECE1,zzzCHArmorLazaCuirassDark,Knight of the Lake Cuirass,plugin,Heavy,Heavy,Heavy,0.0,700,25.0,Body,32,ArmorHeavy; VendorItemArmor; ArmorCuirass; ArmorMaterialDaedric,0x0006BBD2; 0x0008F959; 0x0006C0EC; 0x0006BBD4,ArmorMaterialDaedric,ArmorCuirass,VendorItemArmor,,,Armor\AoM\lancelot\DarkLancelotCuirassGND.nif,
DoD,D:\Wabbajack\modlists\DoD,Diaries of Dibella - Lord's Vision,VIGILANT Voiced - English Addon,1185,Vigilant.esm,D:\Wabbajack\modlists\DoD\mods\VIGILANT Voiced - English Addon\Vigilant.esm,0x0210ECE0,zzzCHArmorLazaBootsDark,Knight of the Lake Boots,plugin,Heavy,Heavy,Heavy,0.0,200,5.0,Feet,37,ArmorHeavy; VendorItemArmor; ArmorBoots; ArmorMaterialDaedric,0x0006BBD2; 0x0008F959; 0x0006C0ED; 0x0006BBD4,ArmorMaterialDaedric,ArmorBoots,VendorItemArmor,,,Armor\AoM\lancelot\DarkLancelotBootsGND.nif,
DoD,D:\Wabbajack\modlists\DoD,Diaries of Dibella - Lord's Vision,VIGILANT Voiced - English Addon,1185,Vigilant.esm,D:\Wabbajack\modlists\DoD\mods\VIGILANT Voiced - English Addon\Vigilant.esm,0x02102603,zzzCHArmorStendarrKnightGauntletsGold,Knight of Stendarr Gauntlets (Gold),plugin,Heavy,Heavy,Heavy,0.0,125,4.0,Hands,33,ArmorHeavy; PerkFistsDaedric; ArmorGauntlets; VendorItemArmor; ArmorMaterialImperialHeavy,0x0006BBD2; 0x0002C17B; 0x0006C0EF; 0x0008F959; 0x0006BBE2,ArmorMaterialImperialHeavy,ArmorGauntlets,VendorItemArmor,,,Armor\AoM\Vinland\IkaKnightGauntletsGND.nif,
DoD,D:\Wabbajack\modlists\DoD,Diaries of Dibella - Lord's Vision,VIGILANT Voiced - English Addon,1185,Vigilant.esm,D:\Wabbajack\modlists\DoD\mods\VIGILANT Voiced - English Addon\Vigilant.esm,0x0253E51C,zzVcgCrs3Boots,Blood-Cursed Knight Boots,plugin,Heavy,Heavy,Heavy,0.0,375,3.0,Feet,37,ArmorHeavy; ArmorMaterialDaedric; ArmorBoots; VendorItemArmor,0x0006BBD2; 0x0006BBD4; 0x0006C0ED; 0x0008F959,ArmorMaterialDaedric,ArmorBoots,VendorItemArmor,,,Armor\VigCgT\dremorn\Cursed3\Cur3BootsGND.nif,
DoD,D:\Wabbajack\modlists\DoD,Diaries of Dibella - Lord's Vision,VIGILANT Voiced - English Addon,1185,Vigilant.esm,D:\Wabbajack\modlists\DoD\mods\VIGILANT Voiced - English Addon\Vigilant.esm,0x0253E51D,zzVcgCrs3Cuirass,Blood-Cursed Knight Armor,plugin,Heavy,Heavy,Heavy,0.0,1200,18.0,Body,32,ArmorHeavy; ArmorMaterialDaedric; ArmorCuirass; VendorItemArmor,0x0006BBD2; 0x0006BBD4; 0x0006C0EC; 0x0008F959,ArmorMaterialDaedric,ArmorCuirass,VendorItemArmor,,,Armor\VigCgT\dremorn\Cursed3\Cur3TorsoGND.nif,
DoD,D:\Wabbajack\modlists\DoD,Diaries of Dibella - Lord's Vision,VIGILANT Voiced - English Addon,1185,Vigilant.esm,D:\Wabbajack\modlists\DoD\mods\VIGILANT Voiced - English Addon\Vigilant.esm,0x0253E51E,zzVcgCrs3Gauntlets,Blood-Cursed Knight Gauntlets,plugin,Heavy,Heavy,Heavy,0.0,425,3.0,Hands,33,ArmorHeavy; ArmorMaterialDaedric; ArmorGauntlets; VendorItemArmor; PerkFistsDaedric,0x0006BBD2; 0x0006BBD4; 0x0006C0EF; 0x0008F959; 0x0002C17B,ArmorMaterialDaedric,ArmorGauntlets,VendorItemArmor,,,Armor\VigCgT\dremorn\Cursed3\Cur3GauntletsGND.nif,
DoD,D:\Wabbajack\modlists\DoD,Diaries of Dibella - Lord's Vision,VIGILANT Voiced - English Addon,1185,Vigilant.esm,D:\Wabbajack\modlists\DoD\mods\VIGILANT Voiced - English Addon\Vigilant.esm,0x0253E51F,zzVcgCrs3Helmet,Blood-Cursed Knight Helmet,plugin,Heavy,Heavy,Heavy,0.0,800,4.5,Head; Hair; Circlet; Ears,30; 31; 42; 43,ArmorHeavy; ArmorMaterialDaedric; ArmorHelmet; VendorItemArmor,0x0006BBD2; 0x0006BBD4; 0x0006C0EE; 0x0008F959,ArmorMaterialDaedric,ArmorHelmet,VendorItemArmor,,,Armor\VigCgT\dremorn\Cursed3\Cur3HelmetGND.nif,
DoD,D:\Wabbajack\modlists\DoD,Diaries of Dibella - Lord's Vision,VIGILANT Voiced - English Addon,1185,Vigilant.esm,D:\Wabbajack\modlists\DoD\mods\VIGILANT Voiced - English Addon\Vigilant.esm,0x02124F26,zzzCHArmorJulianosKnightGauntlets,Knight of Julianos Gauntlets,plugin,Heavy,Heavy,Heavy,0.0,125,4.0,Hands,33,ArmorHeavy; PerkFistsDaedric; ArmorGauntlets; VendorItemArmor; ArmorMaterialImperialHeavy,0x0006BBD2; 0x0002C17B; 0x0006C0EF; 0x0008F959; 0x0006BBE2,ArmorMaterialImperialHeavy,ArmorGauntlets,VendorItemArmor,,,Armor\AoM\katarina\KatarinaGauntletsGND.nif,
DoD,D:\Wabbajack\modlists\DoD,Diaries of Dibella - Lord's Vision,VIGILANT Voiced - English Addon,1185,Vigilant.esm,D:\Wabbajack\modlists\DoD\mods\VIGILANT Voiced - English Addon\Vigilant.esm,0x0212DCA7,zzzCHArmorZenitharKnightGauntlets,Knight of Zenithar Gauntlets,plugin,Heavy,Heavy,Heavy,0.0,125,4.0,Hands,33,ArmorHeavy; PerkFistsDaedric; ArmorGauntlets; VendorItemArmor; ArmorMaterialImperialHeavy,0x0006BBD2; 0x0002C17B; 0x0006C0EF; 0x0008F959; 0x0006BBE2,ArmorMaterialImperialHeavy,ArmorGauntlets,VendorItemArmor,,,Armor\AoM\zenithar\ZenitharGauntletsGND.nif,
DoD,D:\Wabbajack\modlists\DoD,Diaries of Dibella - Lord's Vision,VIGILANT Voiced - English Addon,1185,Vigilant.esm,D:\Wabbajack\modlists\DoD\mods\VIGILANT Voiced - English Addon\Vigilant.esm,0x0254645D,zzzCHCrXivkynCuirassA01,Xivkyn Armor,plugin,Heavy,Heavy,Heavy,0.0,640,38.0,Body; Amulet,32; 35,ArmorHeavy; ArmorMaterialDaedric; ArmorCuirass; VendorItemArmor,0x0006BBD2; 0x0006BBD4; 0x0006C0EC; 0x0008F959,ArmorMaterialDaedric,ArmorCuirass,VendorItemArmor,,,Armor\Daedric\DaedricCuirassGO.nif,
DoD,D:\Wabbajack\modlists\DoD,Diaries of Dibella - Lord's Vision,VIGILANT Voiced - English Addon,1185,Vigilant.esm,D:\Wabbajack\modlists\DoD\mods\VIGILANT Voiced - English Addon\Vigilant.esm,0x0254645E,zzzCHCrXivkynCuirassA02,Xivkyn Armor,plugin,Heavy,Heavy,Heavy,0.0,640,38.0,Body,32,ArmorHeavy; ArmorMaterialDaedric; ArmorCuirass; VendorItemArmor,0x0006BBD2; 0x0006BBD4; 0x0006C0EC; 0x0008F959,ArmorMaterialDaedric,ArmorCuirass,VendorItemArmor,,,Armor\Daedric\DaedricCuirassGO.nif,
DoD,D:\Wabbajack\modlists\DoD,Diaries of Dibella - Lord's Vision,VIGILANT Voiced - English Addon,1185,Vigilant.esm,D:\Wabbajack\modlists\DoD\mods\VIGILANT Voiced - English Addon\Vigilant.esm,0x0254645F,zzzCHCrXivkynCuirassB,Xivkyn Armor,plugin,Heavy,Heavy,Heavy,0.0,640,38.0,Body,32,ArmorHeavy; ArmorMaterialDaedric; ArmorCuirass; VendorItemArmor,0x0006BBD2; 0x0006BBD4; 0x0006C0EC; 0x0008F959,ArmorMaterialDaedric,ArmorCuirass,VendorItemArmor,,,Armor\Daedric\DaedricCuirassGO.nif,
DoD,D:\Wabbajack\modlists\DoD,Diaries of Dibella - Lord's Vision,VIGILANT Voiced - English Addon,1185,Vigilant.esm,D:\Wabbajack\modlists\DoD\mods\VIGILANT Voiced - English Addon\Vigilant.esm,0x02546460,zzzCHCrXivkynCuirassC,Xivkyn Armor,plugin,Heavy,Heavy,Heavy,0.0,640,38.0,Body,32,ArmorHeavy; ArmorMaterialDaedric; ArmorCuirass; VendorItemArmor,0x0006BBD2; 0x0006BBD4; 0x0006C0EC; 0x0008F959,ArmorMaterialDaedric,ArmorCuirass,VendorItemArmor,,,Armor\Daedric\DaedricCuirassGO.nif,
DoD,D:\Wabbajack\modlists\DoD,Diaries of Dibella - Lord's Vision,VIGILANT Voiced - English Addon,1185,Vigilant.esm,D:\Wabbajack\modlists\DoD\mods\VIGILANT Voiced - English Addon\Vigilant.esm,0x0212B49A,zzzCHArmorJulianosKnightGauntlets_steel,Knight of Julianos Gauntlets (Steel),plugin,Heavy,Heavy,Heavy,0.0,125,4.0,Hands,33,ArmorHeavy; PerkFistsDaedric; ArmorGauntlets; VendorItemArmor; ArmorMaterialImperialHeavy,0x0006BBD2; 0x0002C17B; 0x0006C0EF; 0x0008F959; 0x0006BBE2,ArmorMaterialImperialHeavy,ArmorGauntlets,VendorItemArmor,,,Armor\AoM\katarina\KatarinaGauntletsGND.nif,
DoD,D:\Wabbajack\modlists\DoD,Diaries of Dibella - Lord's Vision,VIGILANT Voiced - English Addon,1185,Vigilant.esm,D:\Wabbajack\modlists\DoD\mods\VIGILANT Voiced - English Addon\Vigilant.esm,0x02132DC8,zzzCHArmorZenitharKnightGauntlets_steel,Knight of Zenithar Gauntlets (Steel),plugin,Heavy,Heavy,Heavy,0.0,125,4.0,Hands,33,ArmorHeavy; PerkFistsDaedric; ArmorGauntlets; VendorItemArmor; ArmorMaterialImperialHeavy,0x0006BBD2; 0x0002C17B; 0x0006C0EF; 0x0008F959; 0x0006BBE2,ArmorMaterialImperialHeavy,ArmorGauntlets,VendorItemArmor,,,Armor\AoM\zenithar\ZenitharGauntletsGND.nif,
DoD,D:\Wabbajack\modlists\DoD,Diaries of Dibella - Lord's Vision,VIGILANT Voiced - English Addon,1185,Vigilant.esm,D:\Wabbajack\modlists\DoD\mods\VIGILANT Voiced - English Addon\Vigilant.esm,0x02136B1B,zzzCHArmorDibellaKnightGauntlets,Knight of Dibella Gauntlets,plugin,Heavy,Heavy,Heavy,0.0,125,2.0,Hands,33,ArmorHeavy; PerkFistsDaedric; ArmorGauntlets; VendorItemArmor; ArmorMaterialImperialHeavy,0x0006BBD2; 0x0002C17B; 0x0006C0EF; 0x0008F959; 0x0006BBE2,ArmorMaterialImperialHeavy,ArmorGauntlets,VendorItemArmor,,,Armor\AoM\dibella\DibellaGloveGND.nif,
DoD,D:\Wabbajack\modlists\DoD,Diaries of Dibella - Lord's Vision,VIGILANT SEAE,1188,Vigilant.esm,D:\Wabbajack\modlists\DoD\mods\VIGILANT SEAE\Vigilant.esm,0x0215BAE3,zzzCHArmorAkatoshKnightGauntlets,Akatosh Knight Gauntlets,plugin,Heavy,Heavy,Heavy,0.0,125,4.0,Hands,33,ArmorHeavy; PerkFistsDaedric; ArmorGauntlets; VendorItemArmor; ArmorMaterialImperialHeavy,0x0006BBD2; 0x0002C17B; 0x0006C0EF; 0x0008F959; 0x0006BBE2,ArmorMaterialImperialHeavy,ArmorGauntlets,VendorItemArmor,,,Armor\AoM\akatosh\AkatoshGauntletsGND.nif,
DoD,D:\Wabbajack\modlists\DoD,Diaries of Dibella - Lord's Vision,VIGILANT SEAE,1188,Vigilant.esm,D:\Wabbajack\modlists\DoD\mods\VIGILANT SEAE\Vigilant.esm,0x0215CE28,zzzCHArmorAkatoshKnightGauntlets_rust,Akatosh Knight Gauntlets (Rust),plugin,Heavy,Heavy,Heavy,0.0,100,4.0,Hands,33,ArmorHeavy; PerkFistsDaedric; ArmorGauntlets; VendorItemArmor; ArmorMaterialImperialHeavy,0x0006BBD2; 0x0002C17B; 0x0006C0EF; 0x0008F959; 0x0006BBE2,ArmorMaterialImperialHeavy,ArmorGauntlets,VendorItemArmor,,,Armor\AoM\akatosh\AkatoshGauntletsGND.nif,
DoD,D:\Wabbajack\modlists\DoD,Diaries of Dibella - Lord's Vision,VIGILANT SEAE,1188,Vigilant.esm,D:\Wabbajack\modlists\DoD\mods\VIGILANT SEAE\Vigilant.esm,0x02162E2B,zzzCHArmorTalosKnightGauntlets,Talos Knight Gauntlets,plugin,Heavy,Heavy,Heavy,0.0,125,5.0,Hands,33,ArmorHeavy; PerkFistsDaedric; ArmorGauntlets; VendorItemArmor; ArmorMaterialImperialHeavy,0x0006BBD2; 0x0002C17B; 0x0006C0EF; 0x0008F959; 0x0006BBE2,ArmorMaterialImperialHeavy,ArmorGauntlets,VendorItemArmor,,,Armor\AoM\Talos\TalosGauntletsGND.nif,
DoD,D:\Wabbajack\modlists\DoD,Diaries of Dibella - Lord's Vision,VIGILANT SEAE,1188,Vigilant.esm,D:\Wabbajack\modlists\DoD\mods\VIGILANT SEAE\Vigilant.esm,0x02164165,zzzCHArmorTalosKnightGauntlets_Rust,Talos Knight Gauntlets (Rust),plugin,Heavy,Heavy,Heavy,0.0,100,5.0,Hands,33,ArmorHeavy; PerkFistsDaedric; ArmorGauntlets; VendorItemArmor; ArmorMaterialImperialHeavy,0x0006BBD2; 0x0002C17B; 0x0006C0EF; 0x0008F959; 0x0006BBE2,ArmorMaterialImperialHeavy,ArmorGauntlets,VendorItemArmor,,,Armor\AoM\Talos\TalosGauntletsGND.nif,
DoD,D:\Wabbajack\modlists\DoD,Diaries of Dibella - Lord's Vision,VIGILANT SEAE,1188,Vigilant.esm,D:\Wabbajack\modlists\DoD\mods\VIGILANT SEAE\Vigilant.esm,0x0218782B,zzzCHArmorMinosGauntlets,Morihaus Gauntlets,plugin,Heavy,Heavy,Heavy,0.0,200,6.0,Hands,33,ArmorHeavy; PerkFistsDaedric; ArmorGauntlets; VendorItemArmor; ArmorMaterialEbony,0x0006BBD2; 0x0002C17B; 0x0006C0EF; 0x0008F959; 0x0006BBD8,ArmorMaterialEbony,ArmorGauntlets,VendorItemArmor,,,Armor\AoM\Minos\MinosGauntletsGND.nif,
DoD,D:\Wabbajack\modlists\DoD,Diaries of Dibella - Lord's Vision,VIGILANT SEAE,1188,Vigilant.esm,D:\Wabbajack\modlists\DoD\mods\VIGILANT SEAE\Vigilant.esm,0x021B3216,zzzCHArmorArkayKnightGauntlets,Arkay Knight Gauntlets,plugin,Heavy,Heavy,Heavy,0.0,125,4.0,Hands,33,ArmorHeavy; PerkFistsDaedric; ArmorGauntlets; VendorItemArmor; ArmorMaterialImperialHeavy,0x0006BBD2; 0x0002C17B; 0x0006C0EF; 0x0008F959; 0x0006BBE2,ArmorMaterialImperialHeavy,ArmorGauntlets,VendorItemArmor,,,Armor\AoM\Arkay\ArkayGauntletsGND.nif,
DoD,D:\Wabbajack\modlists\DoD,Diaries of Dibella - Lord's Vision,VIGILANT SEAE,1188,Vigilant.esm,D:\Wabbajack\modlists\DoD\mods\VIGILANT SEAE\Vigilant.esm,0x021B454F,zzzCHArmorArkayKnightGauntletsRust,Arkay Knight Gauntlets (Rust),plugin,Heavy,Heavy,Heavy,0.0,100,4.0,Hands,33,ArmorHeavy; PerkFistsDaedric; ArmorGauntlets; VendorItemArmor; ArmorMaterialImperialHeavy,0x0006BBD2; 0x0002C17B; 0x0006C0EF; 0x0008F959; 0x0006BBE2,ArmorMaterialImperialHeavy,ArmorGauntlets,VendorItemArmor,,,Armor\AoM\Arkay\ArkayGauntletsGND.nif,
DoD,D:\Wabbajack\modlists\DoD,Diaries of Dibella - Lord's Vision,VIGILANT SEAE,1188,Vigilant.esm,D:\Wabbajack\modlists\DoD\mods\VIGILANT SEAE\Vigilant.esm,0x021B6BC6,zzzCHArmorAkavirGauntlets,Reman Shock Corps Gauntlets,plugin,Light,Light,Light,0.0,75,2.0,Hands,33,VendorItemArmor; PerkFistsDaedric; ArmorGauntlets; ArmorMaterialImperialLight; ArmorLight,0x0008F959; 0x0002C17B; 0x0006C0EF; 0x0006BBE0; 0x0006BBD3,ArmorMaterialImperialLight,ArmorGauntlets,VendorItemArmor,,,Armor\AoM\Akavir\AkavirGloveGND.nif,
DoD,D:\Wabbajack\modlists\DoD,Diaries of Dibella - Lord's Vision,VIGILANT SEAE,1188,Vigilant.esm,D:\Wabbajack\modlists\DoD\mods\VIGILANT SEAE\Vigilant.esm,0x021D0689,zzzCHArmorGorieusGauntlets,Gorieus Dragonmaster Gauntlets,plugin,Heavy,Heavy,Heavy,0.0,200,4.0,Hands,33,ArmorHeavy; PerkFistsDaedric; ArmorGauntlets; VendorItemArmor; ArmorMaterialImperialHeavy,0x0006BBD2; 0x0002C17B; 0x0006C0EF; 0x0008F959; 0x0006BBE2,ArmorMaterialImperialHeavy,ArmorGauntlets,VendorItemArmor,,,Armor\AoM\Gorieus\GorieusGauntletsGND.nif,
DoD,D:\Wabbajack\modlists\DoD,Diaries of Dibella - Lord's Vision,VIGILANT SEAE,1188,Vigilant.esm,D:\Wabbajack\modlists\DoD\mods\VIGILANT SEAE\Vigilant.esm,0x022083DB,zzzCHArmorGorieusGauntlets_ebony,Gorieus Dragonrider Gauntlets,plugin,Heavy,Heavy,Heavy,0.0,625,4.0,Hands,33,ArmorHeavy; PerkFistsDaedric; ArmorGauntlets; VendorItemArmor; ArmorMaterialImperialHeavy,0x0006BBD2; 0x0002C17B; 0x0006C0EF; 0x0008F959; 0x0006BBE2,ArmorMaterialImperialHeavy,ArmorGauntlets,VendorItemArmor,,,Armor\AoM\Gorieus\GorieusGauntletsGND.nif,
DoD,D:\Wabbajack\modlists\DoD,Diaries of Dibella - Lord's Vision,VIGILANT SEAE,1188,Vigilant.esm,D:\Wabbajack\modlists\DoD\mods\VIGILANT SEAE\Vigilant.esm,0x02209720,zzzCHArmorGorieusGauntlets_blood,Gorieus Dragonblood Gauntlets,plugin,Heavy,Heavy,Heavy,0.0,175,4.0,Hands,33,ArmorHeavy; PerkFistsDaedric; ArmorGauntlets; VendorItemArmor; ArmorMaterialImperialHeavy,0x0006BBD2; 0x0002C17B; 0x0006C0EF; 0x0008F959; 0x0006BBE2,ArmorMaterialImperialHeavy,ArmorGauntlets,VendorItemArmor,,,Armor\AoM\Gorieus\GorieusGauntletsGND.nif,
DoD,D:\Wabbajack\modlists\DoD,Diaries of Dibella - Lord's Vision,VIGILANT SEAE,1188,Vigilant.esm,D:\Wabbajack\modlists\DoD\mods\VIGILANT SEAE\Vigilant.esm,0x0220974E,zzzCHArmorGorieusGauntlets_blood_npc,Gorieus Dragonblood Gauntlets,plugin,Heavy,Heavy,Heavy,0.0,175,4.0,Hands,33,ArmorHeavy; PerkFistsDaedric; ArmorGauntlets; VendorItemArmor; ArmorMaterialImperialHeavy,0x0006BBD2; 0x0002C17B; 0x0006C0EF; 0x0008F959; 0x0006BBE2,ArmorMaterialImperialHeavy,ArmorGauntlets,VendorItemArmor,,,Armor\AoM\Gorieus\GorieusGauntletsGND.nif,
DoD,D:\Wabbajack\modlists\DoD,Diaries of Dibella - Lord's Vision,VIGILANT SEAE,1188,Vigilant.esm,D:\Wabbajack\modlists\DoD\mods\VIGILANT SEAE\Vigilant.esm,0x0220974F,zzzCHArmorGorieusGauntlets_ebony_npc,Gorieus Dragonrider Gauntlets,plugin,Heavy,Heavy,Heavy,0.0,625,4.0,Hands,33,ArmorHeavy; PerkFistsDaedric; ArmorGauntlets; VendorItemArmor; ArmorMaterialImperialHeavy,0x0006BBD2; 0x0002C17B; 0x0006C0EF; 0x0008F959; 0x0006BBE2,ArmorMaterialImperialHeavy,ArmorGauntlets,VendorItemArmor,,,Armor\AoM\Gorieus\GorieusGauntletsGND.nif,
DoD,D:\Wabbajack\modlists\DoD,Diaries of Dibella - Lord's Vision,VIGILANT SEAE,1188,Vigilant.esm,D:\Wabbajack\modlists\DoD\mods\VIGILANT SEAE\Vigilant.esm,0x0222D9FB,zzzCHArmorTowerGauntlets,Belharza Dragonmaster Gauntlets,plugin,Heavy,Heavy,Heavy,0.0,200,5.0,Hands,33,ArmorHeavy; PerkFistsDaedric; ArmorGauntlets; VendorItemArmor; ArmorMaterialImperialHeavy,0x0006BBD2; 0x0002C17B; 0x0006C0EF; 0x0008F959; 0x0006BBE2,ArmorMaterialImperialHeavy,ArmorGauntlets,VendorItemArmor,,,Armor\AoM\Tower\TowerGauntletsGND.nif,
DoD,D:\Wabbajack\modlists\DoD,Diaries of Dibella - Lord's Vision,VIGILANT SEAE,1188,Vigilant.esm,D:\Wabbajack\modlists\DoD\mods\VIGILANT SEAE\Vigilant.esm,0x0222ED3D,zzzCHArmorTowerGauntlets_blood,Belharza Dragonblood Gauntlets,plugin,Heavy,Heavy,Heavy,0.0,175,5.0,Hands,33,ArmorHeavy; PerkFistsDaedric; ArmorGauntlets; VendorItemArmor; ArmorMaterialImperialHeavy,0x0006BBD2; 0x0002C17B; 0x0006C0EF; 0x0008F959; 0x0006BBE2,ArmorMaterialImperialHeavy,ArmorGauntlets,VendorItemArmor,,,Armor\AoM\Tower\TowerGauntletsGND.nif,
DoD,D:\Wabbajack\modlists\DoD,Diaries of Dibella - Lord's Vision,VIGILANT SEAE,1188,Vigilant.esm,D:\Wabbajack\modlists\DoD\mods\VIGILANT SEAE\Vigilant.esm,0x0222ED3E,zzzCHArmorTowerGauntlets_ebony,Belharza Dragonrider Gauntlets,plugin,Heavy,Heavy,Heavy,0.0,150,5.0,Hands,33,ArmorHeavy; PerkFistsDaedric; ArmorGauntlets; VendorItemArmor; ArmorMaterialImperialHeavy,0x0006BBD2; 0x0002C17B; 0x0006C0EF; 0x0008F959; 0x0006BBE2,ArmorMaterialImperialHeavy,ArmorGauntlets,VendorItemArmor,,,Armor\AoM\Tower\TowerGauntletsGND.nif,
DoD,D:\Wabbajack\modlists\DoD,Diaries of Dibella - Lord's Vision,VIGILANT SEAE,1188,Vigilant.esm,D:\Wabbajack\modlists\DoD\mods\VIGILANT SEAE\Vigilant.esm,0x02234DE3,zzzCHArmorTowerGauntlets_blood_npc,Belharza Dragonblood Gauntlets,plugin,Heavy,Heavy,Heavy,0.0,175,5.0,Hands,33,ArmorHeavy; PerkFistsDaedric; ArmorGauntlets; VendorItemArmor; ArmorMaterialImperialHeavy,0x0006BBD2; 0x0002C17B; 0x0006C0EF; 0x0008F959; 0x0006BBE2,ArmorMaterialImperialHeavy,ArmorGauntlets,VendorItemArmor,,,Armor\AoM\Tower\TowerGauntletsGND.nif,
DoD,D:\Wabbajack\modlists\DoD,Diaries of Dibella - Lord's Vision,VIGILANT SEAE,1188,Vigilant.esm,D:\Wabbajack\modlists\DoD\mods\VIGILANT SEAE\Vigilant.esm,0x02234DE4,zzzCHArmorTowerGauntlets_ebony_npc,Belharza Dragonrider Gauntlets,plugin,Heavy,Heavy,Heavy,0.0,150,5.0,Hands,33,ArmorHeavy; PerkFistsDaedric; ArmorGauntlets; VendorItemArmor; ArmorMaterialImperialHeavy,0x0006BBD2; 0x0002C17B; 0x0006C0EF; 0x0008F959; 0x0006BBE2,ArmorMaterialImperialHeavy,ArmorGauntlets,VendorItemArmor,,,Armor\AoM\Tower\TowerGauntletsGND.nif,
DoD,D:\Wabbajack\modlists\DoD,Diaries of Dibella - Lord's Vision,VIGILANT SEAE,1188,Vigilant.esm,D:\Wabbajack\modlists\DoD\mods\VIGILANT SEAE\Vigilant.esm,0x022699FD,zzzCHArmorUmarilGauntlets,Umaril Gauntlets,plugin,Heavy,Heavy,Heavy,0.0,200,6.0,Hands,33,ArmorHeavy; PerkFistsDaedric; ArmorGauntlets; VendorItemArmor; ArmorMaterialMoonstone,0x0006BBD2; 0x0002C17B; 0x0006C0EF; 0x0008F959; 0x0006BBD9,ArmorMaterialMoonstone,ArmorGauntlets,VendorItemArmor,,,Armor\AoM\Umaril\UmarilGauntletsGND.nif,
DoD,D:\Wabbajack\modlists\DoD,Diaries of Dibella - Lord's Vision,VIGILANT SEAE,1188,Vigilant.esm,D:\Wabbajack\modlists\DoD\mods\VIGILANT SEAE\Vigilant.esm,0x02270D5F,zzzCHArmorMinionGauntlets,Auroran Gauntlets,plugin,Heavy,Heavy,Heavy,0.0,175,6.0,Hands,33,ArmorHeavy; PerkFistsDaedric; ArmorGauntlets; VendorItemArmor; ArmorMaterialMoonstone,0x0006BBD2; 0x0002C17B; 0x0006C0EF; 0x0008F959; 0x0006BBD9,ArmorMaterialMoonstone,ArmorGauntlets,VendorItemArmor,,,Armor\AoM\Umaril\UmarilGauntletsGND.nif,
DoD,D:\Wabbajack\modlists\DoD,Diaries of Dibella - Lord's Vision,VIGILANT SEAE,1188,Vigilant.esm,D:\Wabbajack\modlists\DoD\mods\VIGILANT SEAE\Vigilant.esm,0x02270D63,zzzCHArmorMinionGauntlets_npc,Auroran Gauntlets,plugin,Heavy,Heavy,Heavy,0.0,175,2.0,Hands,33,ArmorHeavy; PerkFistsDaedric; ArmorGauntlets; VendorItemArmor; ArmorMaterialMoonstone,0x0006BBD2; 0x0002C17B; 0x0006C0EF; 0x0008F959; 0x0006BBD9,ArmorMaterialMoonstone,ArmorGauntlets,VendorItemArmor,,,Armor\AoM\Umaril\UmarilGauntletsGND.nif,
DoD,D:\Wabbajack\modlists\DoD,Diaries of Dibella - Lord's Vision,VIGILANT SEAE,1188,Vigilant.esm,D:\Wabbajack\modlists\DoD\mods\VIGILANT SEAE\Vigilant.esm,0x02270D67,zzzCHArmorUmarilGauntlets_npc,Umaril Gauntlets,plugin,Heavy,Heavy,Heavy,0.0,200,6.0,Hands,33,ArmorHeavy; PerkFistsDaedric; ArmorGauntlets; VendorItemArmor; ArmorMaterialMoonstone,0x0006BBD2; 0x0002C17B; 0x0006C0EF; 0x0008F959; 0x0006BBD9,ArmorMaterialMoonstone,ArmorGauntlets,VendorItemArmor,,,Armor\AoM\Umaril\UmarilGauntletsGND.nif,
DoD,D:\Wabbajack\modlists\DoD,Diaries of Dibella - Lord's Vision,VIGILANT SEAE,1188,Vigilant.esm,D:\Wabbajack\modlists\DoD\mods\VIGILANT SEAE\Vigilant.esm,0x0231C3B7,zzzAoMCursedArmAltano,Cursed Arm,plugin,Heavy,Heavy,Heavy,0.0,10,1.0,Ring,36,ArmorHeavy; ArmorMaterialDaedric; ArmorGauntlets; VendorItemArmor; PerkFistsDaedric,0x0006BBD2; 0x0006BBD4; 0x0006C0EF; 0x0008F959; 0x0002C17B,ArmorMaterialDaedric,ArmorGauntlets,VendorItemArmor,,,Armor\AoM\MolagBal\MolagBalGauntletsGND.nif,
DoD,D:\Wabbajack\modlists\DoD,Diaries of Dibella - Lord's Vision,VIGILANT SEAE,1188,Vigilant.esm,D:\Wabbajack\modlists\DoD\mods\VIGILANT SEAE\Vigilant.esm,0x020368E5,zzzCHArmorMolagBoots,Molag Bal Boots,plugin,Heavy,Heavy,Heavy,0.0,200,3.0,Feet,37,ArmorHeavy; ArmorMaterialDaedric; ArmorBoots; VendorItemArmor,0x0006BBD2; 0x0006BBD4; 0x0006C0ED; 0x0008F959,ArmorMaterialDaedric,ArmorBoots,VendorItemArmor,,,Armor\AoM\MolagBal\MolagBalBootsGND.nif,
DoD,D:\Wabbajack\modlists\DoD,Diaries of Dibella - Lord's Vision,VIGILANT SEAE,1188,Vigilant.esm,D:\Wabbajack\modlists\DoD\mods\VIGILANT SEAE\Vigilant.esm,0x020368E6,zzzCHArmorMolagCuirass,Molag Bal Armor,plugin,Heavy,Heavy,Heavy,0.0,700,18.0,Body,32,ArmorHeavy; ArmorMaterialDaedric; ArmorCuirass; VendorItemArmor,0x0006BBD2; 0x0006BBD4; 0x0006C0EC; 0x0008F959,ArmorMaterialDaedric,ArmorCuirass,VendorItemArmor,,,Armor\AoM\MolagBal\MolagBalCuirassGND.nif,
DoD,D:\Wabbajack\modlists\DoD,Diaries of Dibella - Lord's Vision,VIGILANT SEAE,1188,Vigilant.esm,D:\Wabbajack\modlists\DoD\mods\VIGILANT SEAE\Vigilant.esm,0x020368E7,zzzCHArmorMolagGauntlets,Molag Bal Gauntlets,plugin,Heavy,Heavy,Heavy,0.0,200,3.0,Hands,33,ArmorHeavy; ArmorMaterialDaedric; ArmorGauntlets; VendorItemArmor; PerkFistsDaedric,0x0006BBD2; 0x0006BBD4; 0x0006C0EF; 0x0008F959; 0x0002C17B,ArmorMaterialDaedric,ArmorGauntlets,VendorItemArmor,,,Armor\AoM\MolagBal\MolagBalGauntletsGND.nif,
DoD,D:\Wabbajack\modlists\DoD,Diaries of Dibella - Lord's Vision,VIGILANT SEAE,1188,Vigilant.esm,D:\Wabbajack\modlists\DoD\mods\VIGILANT SEAE\Vigilant.esm,0x020368E8,zzzCHArmorMolagHelmet,Molag Bal Helmet,plugin,Heavy,Heavy,Heavy,0.0,375,4.0,Head; Hair; Circlet; Ears,30; 31; 42; 43,ArmorHeavy; ArmorMaterialDaedric; ArmorHelmet; VendorItemArmor,0x0006BBD2; 0x0006BBD4; 0x0006C0EE; 0x0008F959,ArmorMaterialDaedric,ArmorHelmet,VendorItemArmor,,,Armor\AoM\MolagBal\MolagBalHelmGND.nif,
DoD,D:\Wabbajack\modlists\DoD,Diaries of Dibella - Lord's Vision,VIGILANT SEAE,1188,Vigilant.esm,D:\Wabbajack\modlists\DoD\mods\VIGILANT SEAE\Vigilant.esm,0x0203D788,zzzCHArmorDaedricMageCuirass,Daedric Mage Cuirass,plugin,Heavy,Heavy,Heavy,0.0,1,10.0,Body,32,ArmorHeavy; ArmorMaterialDaedric; ArmorCuirass; VendorItemArmor,0x0006BBD2; 0x0006BBD4; 0x0006C0EC; 0x0008F959,ArmorMaterialDaedric,ArmorCuirass,VendorItemArmor,,,Armor\Daedric\DaedricCuirassGO.nif,
DoD,D:\Wabbajack\modlists\DoD,Diaries of Dibella - Lord's Vision,VIGILANT SEAE,1188,Vigilant.esm,D:\Wabbajack\modlists\DoD\mods\VIGILANT SEAE\Vigilant.esm,0x02044682,zzzCHArmorMolagBootsRustyNPC,Rusty Molag Bal Boots,plugin,Heavy,Heavy,Heavy,0.0,175,6.0,Feet,37,ArmorHeavy; ArmorMaterialDaedric; ArmorBoots; VendorItemArmor,0x0006BBD2; 0x0006BBD4; 0x0006C0ED; 0x0008F959,ArmorMaterialDaedric,ArmorBoots,VendorItemArmor,,,Armor\AoM\MolagBal\RustyMolagBalBootsGND.nif,
DoD,D:\Wabbajack\modlists\DoD,Diaries of Dibella - Lord's Vision,VIGILANT SEAE,1188,Vigilant.esm,D:\Wabbajack\modlists\DoD\mods\VIGILANT SEAE\Vigilant.esm,0x02044683,zzzCHArmorMolagBootsNPC,Molag Bal Boots,plugin,Heavy,Heavy,Heavy,0.0,200,5.0,Feet,37,ArmorHeavy; ArmorMaterialDaedric; ArmorBoots; VendorItemArmor,0x0006BBD2; 0x0006BBD4; 0x0006C0ED; 0x0008F959,ArmorMaterialDaedric,ArmorBoots,VendorItemArmor,,,Armor\AoM\MolagBal\MolagBalBootsGND.nif,
DoD,D:\Wabbajack\modlists\DoD,Diaries of Dibella - Lord's Vision,VIGILANT SEAE,1188,Vigilant.esm,D:\Wabbajack\modlists\DoD\mods\VIGILANT SEAE\Vigilant.esm,0x02044684,zzzCHArmorMolagCuirassNPC,Molag Bal Armor,plugin,Heavy,Heavy,Heavy,0.0,700,24.0,Body; Tail,32; 40,ArmorHeavy; ArmorMaterialDaedric; ArmorCuirass; VendorItemArmor,0x0006BBD2; 0x0006BBD4; 0x0006C0EC; 0x0008F959,ArmorMaterialDaedric,ArmorCuirass,VendorItemArmor,,,Armor\AoM\MolagBal\MolagBalCuirassGND.nif,
DoD,D:\Wabbajack\modlists\DoD,Diaries of Dibella - Lord's Vision,VIGILANT SEAE,1188,Vigilant.esm,D:\Wabbajack\modlists\DoD\mods\VIGILANT SEAE\Vigilant.esm,0x02044685,zzzCHArmorMolagCuirassRustyNPC,Rusty Molag Bal Armor,plugin,Heavy,Heavy,Heavy,0.0,675,24.0,Body; Tail,32; 40,ArmorHeavy; ArmorMaterialDaedric; ArmorCuirass; VendorItemArmor,0x0006BBD2; 0x0006BBD4; 0x0006C0EC; 0x0008F959,ArmorMaterialDaedric,ArmorCuirass,VendorItemArmor,,,Armor\AoM\MolagBal\RustyMolagBalCuirassGND.nif,
DoD,D:\Wabbajack\modlists\DoD,Diaries of Dibella - Lord's Vision,VIGILANT SEAE,1188,Vigilant.esm,D:\Wabbajack\modlists\DoD\mods\VIGILANT SEAE\Vigilant.esm,0x02044686,zzzCHArmorMolagGauntletsNPC,Molag Bal Gauntlets,plugin,Heavy,Heavy,Heavy,0.0,200,6.0,Hands,33,ArmorHeavy; ArmorMaterialDaedric; ArmorGauntlets; VendorItemArmor; PerkFistsDaedric,0x0006BBD2; 0x0006BBD4; 0x0006C0EF; 0x0008F959; 0x0002C17B,ArmorMaterialDaedric,ArmorGauntlets,VendorItemArmor,,,Armor\AoM\MolagBal\MolagBalGauntletsGND.nif,
DoD,D:\Wabbajack\modlists\DoD,Diaries of Dibella - Lord's Vision,VIGILANT SEAE,1188,Vigilant.esm,D:\Wabbajack\modlists\DoD\mods\VIGILANT SEAE\Vigilant.esm,0x02044687,zzzCHArmorMolagGauntletsRustyNPC,Rusty Molag Bal Gauntlets,plugin,Heavy,Heavy,Heavy,0.0,175,6.0,Hands,33,ArmorHeavy; ArmorMaterialDaedric; ArmorGauntlets; VendorItemArmor; PerkFistsDaedric,0x0006BBD2; 0x0006BBD4; 0x0006C0EF; 0x0008F959; 0x0002C17B,ArmorMaterialDaedric,ArmorGauntlets,VendorItemArmor,,,Armor\AoM\MolagBal\RustyMolagBalGauntletsGND.nif,
DoD,D:\Wabbajack\modlists\DoD,Diaries of Dibella - Lord's Vision,VIGILANT SEAE,1188,Vigilant.esm,D:\Wabbajack\modlists\DoD\mods\VIGILANT SEAE\Vigilant.esm,0x02044688,zzzCHArmorMolagHelmetNPC,Molag Bal Helmet,plugin,Heavy,Heavy,Heavy,0.0,375,8.0,Head; Hair; Circlet; Ears,30; 31; 42; 43,ArmorHeavy; ArmorMaterialDaedric; ArmorHelmet; VendorItemArmor,0x0006BBD2; 0x0006BBD4; 0x0006C0EE; 0x0008F959,ArmorMaterialDaedric,ArmorHelmet,VendorItemArmor,,,Armor\AoM\MolagBal\MolagBalHelmGND.nif,
DoD,D:\Wabbajack\modlists\DoD,Diaries of Dibella - Lord's Vision,VIGILANT SEAE,1188,Vigilant.esm,D:\Wabbajack\modlists\DoD\mods\VIGILANT SEAE\Vigilant.esm,0x02044689,zzzCHArmorMolagHelmetRustyNPC,Rusty Molag Bal Helmet,plugin,Heavy,Heavy,Heavy,0.0,350,8.0,Head; Hair; Circlet; Ears,30; 31; 42; 43,ArmorHeavy; ArmorMaterialDaedric; ArmorHelmet; VendorItemArmor,0x0006BBD2; 0x0006BBD4; 0x0006C0EE; 0x0008F959,ArmorMaterialDaedric,ArmorHelmet,VendorItemArmor,,,Armor\AoM\MolagBal\RustyMolagBalHelmGND.nif,
DoD,D:\Wabbajack\modlists\DoD,Diaries of Dibella - Lord's Vision,VIGILANT SEAE,1188,Vigilant.esm,D:\Wabbajack\modlists\DoD\mods\VIGILANT SEAE\Vigilant.esm,0x02044F48,zzzCHArmorMolagBootsRusty,Rusty Molag Bal Boots,plugin,Heavy,Heavy,Heavy,0.0,175,3.0,Feet,37,ArmorHeavy; ArmorMaterialDaedric; ArmorBoots; VendorItemArmor,0x0006BBD2; 0x0006BBD4; 0x0006C0ED; 0x0008F959,ArmorMaterialDaedric,ArmorBoots,VendorItemArmor,,,Armor\AoM\MolagBal\RustyMolagBalBootsGND.nif,
DoD,D:\Wabbajack\modlists\DoD,Diaries of Dibella - Lord's Vision,VIGILANT SEAE,1188,Vigilant.esm,D:\Wabbajack\modlists\DoD\mods\VIGILANT SEAE\Vigilant.esm,0x02044F49,zzzCHArmorMolagCuirassRusty,Rusty Molag Bal Armor,plugin,Heavy,Heavy,Heavy,0.0,675,18.0,Body,32,ArmorHeavy; ArmorMaterialDaedric; ArmorCuirass; VendorItemArmor,0x0006BBD2; 0x0006BBD4; 0x0006C0EC; 0x0008F959,ArmorMaterialDaedric,ArmorCuirass,VendorItemArmor,,,Armor\AoM\MolagBal\RustyMolagBalCuirassGND.nif,
DoD,D:\Wabbajack\modlists\DoD,Diaries of Dibella - Lord's Vision,VIGILANT SEAE,1188,Vigilant.esm,D:\Wabbajack\modlists\DoD\mods\VIGILANT SEAE\Vigilant.esm,0x02044F4A,zzzCHArmorMolagGauntletsRusty,Rusty Molag Bal Gauntlets,plugin,Heavy,Heavy,Heavy,0.0,175,3.0,Hands,33,ArmorHeavy; ArmorMaterialDaedric; ArmorGauntlets; VendorItemArmor; PerkFistsDaedric,0x0006BBD2; 0x0006BBD4; 0x0006C0EF; 0x0008F959; 0x0002C17B,ArmorMaterialDaedric,ArmorGauntlets,VendorItemArmor,,,Armor\AoM\MolagBal\RustyMolagBalGauntletsGND.nif,
DoD,D:\Wabbajack\modlists\DoD,Diaries of Dibella - Lord's Vision,VIGILANT SEAE,1188,Vigilant.esm,D:\Wabbajack\modlists\DoD\mods\VIGILANT SEAE\Vigilant.esm,0x02044F4B,zzzCHArmorMolagHelmetRusty,Rusty Molag Bal Helmet,plugin,Heavy,Heavy,Heavy,0.0,350,4.0,Head; Hair; Circlet; Ears,30; 31; 42; 43,ArmorHeavy; ArmorMaterialDaedric; ArmorHelmet; VendorItemArmor,0x0006BBD2; 0x0006BBD4; 0x0006C0EE; 0x0008F959,ArmorMaterialDaedric,ArmorHelmet,VendorItemArmor,,,Armor\AoM\MolagBal\RustyMolagBalHelmGND.nif,
DoD,D:\Wabbajack\modlists\DoD,Diaries of Dibella - Lord's Vision,VIGILANT SEAE,1188,Vigilant.esm,D:\Wabbajack\modlists\DoD\mods\VIGILANT SEAE\Vigilant.esm,0x020B0EAC,zzzCHArmorPelinalGauntlets,Huna Gauntlets,plugin,Heavy,Heavy,Heavy,0.0,200,3.0,Hands,33,ArmorHeavy; PerkFistsDaedric; ArmorGauntlets; VendorItemArmor; ArmorMaterialEbony,0x0006BBD2; 0x0002C17B; 0x0006C0EF; 0x0008F959; 0x0006BBD8,ArmorMaterialEbony,ArmorGauntlets,VendorItemArmor,,,Armor\AoM\credo\Pelin\PelinGauntletsGND.nif,
DoD,D:\Wabbajack\modlists\DoD,Diaries of Dibella - Lord's Vision,VIGILANT SEAE,1188,Vigilant.esm,D:\Wabbajack\modlists\DoD\mods\VIGILANT SEAE\Vigilant.esm,0x020B1CE8,zzzCHArmorKnightOfOrder,Shell of Order,plugin,Heavy,Heavy,Heavy,0.0,500,15.0,Head; Hair; Body; Hands; Feet; Circlet; Ears,30; 31; 32; 33; 37; 42; 43,ArmorHeavy; VendorItemArmor; ArmorMaterialDaedric,0x0006BBD2; 0x0008F959; 0x0006BBD4,ArmorMaterialDaedric,,VendorItemArmor,,,Clutter\AoM\OrderHeart.nif,
DoD,D:\Wabbajack\modlists\DoD,Diaries of Dibella - Lord's Vision,VIGILANT SEAE,1188,Vigilant.esm,D:\Wabbajack\modlists\DoD\mods\VIGILANT SEAE\Vigilant.esm,0x020B1CE9,zzzCHArmorJyggalag,Shell of Jyggalag,plugin,Heavy,Heavy,Heavy,0.0,750,15.0,Head; Hair; Body; Hands; Feet; Circlet; Ears,30; 31; 32; 33; 37; 42; 43,ArmorHeavy; VendorItemArmor; ArmorMaterialDaedric,0x0006BBD2; 0x0008F959; 0x0006BBD4,ArmorMaterialDaedric,,VendorItemArmor,,,Clutter\AoM\OrderHeart.nif,
DoD,D:\Wabbajack\modlists\DoD,Diaries of Dibella - Lord's Vision,VIGILANT SEAE,1188,Vigilant.esm,D:\Wabbajack\modlists\DoD\mods\VIGILANT SEAE\Vigilant.esm,0x024FD6C4,zzVcgPDKnightGauntlets,Knight-Errant Gauntlets,plugin,Heavy,Heavy,Heavy,0.0,125,4.0,Hands,33,ArmorHeavy; PerkFistsDaedric; ArmorGauntlets; VendorItemArmor; ArmorMaterialImperialHeavy,0x0006BBD2; 0x0002C17B; 0x0006C0EF; 0x0008F959; 0x0006BBE2,ArmorMaterialImperialHeavy,ArmorGauntlets,VendorItemArmor,,,Armor\VigCgT\PackDev\PDGauntletsGND.nif,
DoD,D:\Wabbajack\modlists\DoD,Diaries of Dibella - Lord's Vision,VIGILANT SEAE,1188,Vigilant.esm,D:\Wabbajack\modlists\DoD\mods\VIGILANT SEAE\Vigilant.esm,0x024FD6C8,zzVcgPDKnightGauntletsRust,Knight-Errant Gauntlets (Rust),plugin,Heavy,Heavy,Heavy,0.0,100,4.0,Hands,33,ArmorHeavy; PerkFistsDaedric; ArmorGauntlets; VendorItemArmor; ArmorMaterialImperialHeavy,0x0006BBD2; 0x0002C17B; 0x0006C0EF; 0x0008F959; 0x0006BBE2,ArmorMaterialImperialHeavy,ArmorGauntlets,VendorItemArmor,,,Armor\VigCgT\PackDev\PDGauntletsGND.nif,
DoD,D:\Wabbajack\modlists\DoD,Diaries of Dibella - Lord's Vision,VIGILANT SEAE,1188,Vigilant.esm,D:\Wabbajack\modlists\DoD\mods\VIGILANT SEAE\Vigilant.esm,0x024FD6E2,zzVcgLandsknechtGauntlets,Sir Caius Gauntlets,plugin,Heavy,Heavy,Heavy,0.0,125,4.0,Hands,33,ArmorHeavy; PerkFistsDaedric; ArmorGauntlets; VendorItemArmor; ArmorMaterialImperialHeavy,0x0006BBD2; 0x0002C17B; 0x0006C0EF; 0x0008F959; 0x0006BBE2,ArmorMaterialImperialHeavy,ArmorGauntlets,VendorItemArmor,,,Armor\VigCgT\ddzemesiuk\LandsknechtGauntletsGND.nif,
DoD,D:\Wabbajack\modlists\DoD,Diaries of Dibella - Lord's Vision,VIGILANT SEAE,1188,Vigilant.esm,D:\Wabbajack\modlists\DoD\mods\VIGILANT SEAE\Vigilant.esm,0x024FD6FE,zzVcgArshpGauntlets,Sir Torolf Gauntlets,plugin,Heavy,Heavy,Heavy,0.0,115,3.0,Hands,33,ArmorHeavy; PerkFistsDaedric; ArmorGauntlets; VendorItemArmor; ArmorMaterialImperialHeavy,0x0006BBD2; 0x0002C17B; 0x0006C0EF; 0x0008F959; 0x0006BBE2,ArmorMaterialImperialHeavy,ArmorGauntlets,VendorItemArmor,,,Armor\VigCgT\armoreshop\ASBracerGND.nif,
DoD,D:\Wabbajack\modlists\DoD,Diaries of Dibella - Lord's Vision,VIGILANT SEAE,1188,Vigilant.esm,D:\Wabbajack\modlists\DoD\mods\VIGILANT SEAE\Vigilant.esm,0x024FD711,zzVcgArshpGauntletsRust,Sir Torolf Gauntlets (Rust),plugin,Heavy,Heavy,Heavy,0.0,100,3.0,Hands,33,ArmorHeavy; PerkFistsDaedric; ArmorGauntlets; VendorItemArmor; ArmorMaterialImperialHeavy,0x0006BBD2; 0x0002C17B; 0x0006C0EF; 0x0008F959; 0x0006BBE2,ArmorMaterialImperialHeavy,ArmorGauntlets,VendorItemArmor,,,Armor\VigCgT\armoreshop\ASBracerGND.nif,
DoD,D:\Wabbajack\modlists\DoD,Diaries of Dibella - Lord's Vision,VIGILANT SEAE,1188,Vigilant.esm,D:\Wabbajack\modlists\DoD\mods\VIGILANT SEAE\Vigilant.esm,0x024FE919,zzVcgAkatoshGauntlets,Time Watcher Gauntlets,plugin,Heavy,Heavy,Heavy,0.0,180,2.0,Hands,33,ArmorHeavy; PerkFistsDaedric; ArmorGauntlets; VendorItemArmor; ArmorMaterialImperialHeavy,0x0006BBD2; 0x0002C17B; 0x0006C0EF; 0x0008F959; 0x0006BBE2,ArmorMaterialImperialHeavy,ArmorGauntlets,VendorItemArmor,,,Armor\VigCgT\kasheydd\BlackKnight\BKGauntletsGND.nif,
DoD,D:\Wabbajack\modlists\DoD,Diaries of Dibella - Lord's Vision,VIGILANT SEAE,1188,Vigilant.esm,D:\Wabbajack\modlists\DoD\mods\VIGILANT SEAE\Vigilant.esm,0x024FE933,zzVcgMercenaryGauntlets,Sir Juncan Gauntlets,plugin,Light,Light,Light,0.0,112,2.0,Hands,33,VendorItemArmor; PerkFistsDaedric; ArmorGauntlets; ArmorLight; ArmorMaterialImperialLight,0x0008F959; 0x0002C17B; 0x0006C0EF; 0x0006BBD3; 0x0006BBE0,ArmorMaterialImperialLight,ArmorGauntlets,VendorItemArmor,,,Armor\VigCgT\fajrulfnf\Mercenary\MercenaryGloveGND.nif,
DoD,D:\Wabbajack\modlists\DoD,Diaries of Dibella - Lord's Vision,VIGILANT SEAE,1188,Vigilant.esm,D:\Wabbajack\modlists\DoD\mods\VIGILANT SEAE\Vigilant.esm,0x024FE955,zzVcgHospGauntlets,Sir Gregory Gauntlets,plugin,Heavy,Heavy,Heavy,0.0,125,4.0,Hands,33,ArmorHeavy; PerkFistsDaedric; ArmorGauntlets; VendorItemArmor; ArmorMaterialImperialHeavy,0x0006BBD2; 0x0002C17B; 0x0006C0EF; 0x0008F959; 0x0006BBE2,ArmorMaterialImperialHeavy,ArmorGauntlets,VendorItemArmor,,,Armor\VigCgT\zeroswat\Hospitaller\HospGauntletsGND.nif,
DoD,D:\Wabbajack\modlists\DoD,Diaries of Dibella - Lord's Vision,VIGILANT SEAE,1188,Vigilant.esm,D:\Wabbajack\modlists\DoD\mods\VIGILANT SEAE\Vigilant.esm,0x024FFB64,zzVCgSquireGauntlets,Colovian Swordman Gauntlets,plugin,Light,Light,Light,0.0,92,2.0,Hands,33,VendorItemArmor; PerkFistsDaedric; ArmorGauntlets; ArmorLight; ArmorMaterialImperialLight,0x0008F959; 0x0002C17B; 0x0006C0EF; 0x0006BBD3; 0x0006BBE0,ArmorMaterialImperialLight,ArmorGauntlets,VendorItemArmor,,,Armor\VigCgT\pgclomax\Sqr\SqrGauntletsGND.nif,
DoD,D:\Wabbajack\modlists\DoD,Diaries of Dibella - Lord's Vision,VIGILANT SEAE,1188,Vigilant.esm,D:\Wabbajack\modlists\DoD\mods\VIGILANT SEAE\Vigilant.esm,0x02502000,zzVcgRKGauntlets,Sir Amiel Gauntlets,plugin,Heavy,Heavy,Heavy,0.0,110,3.5,Hands,33,ArmorHeavy; PerkFistsDaedric; ArmorGauntlets; VendorItemArmor; ArmorMaterialImperialHeavy,0x0006BBD2; 0x0002C17B; 0x0006C0EF; 0x0008F959; 0x0006BBE2,ArmorMaterialImperialHeavy,ArmorGauntlets,VendorItemArmor,,,Armor\VigCgT\danilsabirzhanov\RKGauntletsGND.nif,
DoD,D:\Wabbajack\modlists\DoD,Diaries of Dibella - Lord's Vision,VIGILANT SEAE,1188,Vigilant.esm,D:\Wabbajack\modlists\DoD\mods\VIGILANT SEAE\Vigilant.esm,0x0250445C,zzVcgRKGauntletsRust,Sir Amiel Gauntlets (Rust),plugin,Heavy,Heavy,Heavy,0.0,100,3.5,Hands,33,ArmorHeavy; PerkFistsDaedric; ArmorGauntlets; VendorItemArmor; ArmorMaterialImperialHeavy,0x0006BBD2; 0x0002C17B; 0x0006C0EF; 0x0008F959; 0x0006BBE2,ArmorMaterialImperialHeavy,ArmorGauntlets,VendorItemArmor,,,Armor\VigCgT\danilsabirzhanov\RKGauntletsGND.nif,
DoD,D:\Wabbajack\modlists\DoD,Diaries of Dibella - Lord's Vision,VIGILANT SEAE,1188,Vigilant.esm,D:\Wabbajack\modlists\DoD\mods\VIGILANT SEAE\Vigilant.esm,0x0250446D,zzVcgSkGauntlets,Sir Berich Gauntlets,plugin,Heavy,Heavy,Heavy,0.0,115,4.0,Hands,33,ArmorHeavy; PerkFistsDaedric; ArmorGauntlets; VendorItemArmor; ArmorMaterialImperialHeavy,0x0006BBD2; 0x0002C17B; 0x0006C0EF; 0x0008F959; 0x0006BBE2,ArmorMaterialImperialHeavy,ArmorGauntlets,VendorItemArmor,,,Armor\VigCgT\ShaoKhan\Knight\SKGauntletsGND.nif,
DoD,D:\Wabbajack\modlists\DoD,Diaries of Dibella - Lord's Vision,VIGILANT SEAE,1188,Vigilant.esm,D:\Wabbajack\modlists\DoD\mods\VIGILANT SEAE\Vigilant.esm,0x0250447B,zzVcgSkGauntletsRust,Sir Berich Gauntlets (Rust),plugin,Heavy,Heavy,Heavy,0.0,105,4.0,Hands,33,ArmorHeavy; PerkFistsDaedric; ArmorGauntlets; VendorItemArmor; ArmorMaterialImperialHeavy,0x0006BBD2; 0x0002C17B; 0x0006C0EF; 0x0008F959; 0x0006BBE2,ArmorMaterialImperialHeavy,ArmorGauntlets,VendorItemArmor,,,Armor\VigCgT\ShaoKhan\Knight\SKGauntletsGND.nif,
DoD,D:\Wabbajack\modlists\DoD,Diaries of Dibella - Lord's Vision,VIGILANT SEAE,1188,Vigilant.esm,D:\Wabbajack\modlists\DoD\mods\VIGILANT SEAE\Vigilant.esm,0x025056AE,zzVcgHrGauntletsRust,Alessian Battlemage Gauntlets,plugin,Light,Light,Light,0.0,72,2.0,Hands,33,VendorItemArmor; PerkFistsDaedric; ArmorGauntlets; ArmorLight; ArmorMaterialImperialLight,0x0008F959; 0x0002C17B; 0x0006C0EF; 0x0006BBD3; 0x0006BBE0,ArmorMaterialImperialLight,ArmorGauntlets,VendorItemArmor,,,Armor\VigCgT\ShaoKhan\Hr\HrGauntletsGnd.nif,
DoD,D:\Wabbajack\modlists\DoD,Diaries of Dibella - Lord's Vision,VIGILANT SEAE,1188,Vigilant.esm,D:\Wabbajack\modlists\DoD\mods\VIGILANT SEAE\Vigilant.esm,0x025056BA,zzVcgNpHrGauntlets,Marukhati Selectives Gauntlets,plugin,Light,Light,Light,0.0,82,2.0,Hands,33,VendorItemArmor; PerkFistsDaedric; ArmorGauntlets; ArmorLight; ArmorMaterialImperialLight,0x0008F959; 0x0002C17B; 0x0006C0EF; 0x0006BBD3; 0x0006BBE0,ArmorMaterialImperialLight,ArmorGauntlets,VendorItemArmor,,,Armor\VigCgT\ShaoKhan\Hr\HrGauntletsGnd.nif,
DoD,D:\Wabbajack\modlists\DoD,Diaries of Dibella - Lord's Vision,VIGILANT SEAE,1188,Vigilant.esm,D:\Wabbajack\modlists\DoD\mods\VIGILANT SEAE\Vigilant.esm,0x025056C6,zzVcgDrmrGauntlets,Alessian Soldier Gauntlets,plugin,Light,Light,Light,0.0,62,1.0,Hands,33,VendorItemArmor; PerkFistsDaedric; ArmorGauntlets; ArmorLight; ArmorMaterialImperialLight,0x0008F959; 0x0002C17B; 0x0006C0EF; 0x0006BBD3; 0x0006BBE0,ArmorMaterialImperialLight,ArmorGauntlets,VendorItemArmor,,,Armor\VigCgT\dorlak\Mercenary\DrmrGloveGND.nif,
DoD,D:\Wabbajack\modlists\DoD,Diaries of Dibella - Lord's Vision,VIGILANT SEAE,1188,Vigilant.esm,D:\Wabbajack\modlists\DoD\mods\VIGILANT SEAE\Vigilant.esm,0x025056CA,zzVcgNpDrmrGauntlets,Alessian Soldier Gauntlets,plugin,Light,Light,Light,0.0,62,1.0,Hands,33,VendorItemArmor; PerkFistsDaedric; ArmorGauntlets; ArmorLight; ArmorMaterialImperialLight,0x0008F959; 0x0002C17B; 0x0006C0EF; 0x0006BBD3; 0x0006BBE0,ArmorMaterialImperialLight,ArmorGauntlets,VendorItemArmor,,,Armor\VigCgT\dorlak\Mercenary\DrmrGloveGND.nif,
DoD,D:\Wabbajack\modlists\DoD,Diaries of Dibella - Lord's Vision,VIGILANT SEAE,1188,Vigilant.esm,D:\Wabbajack\modlists\DoD\mods\VIGILANT SEAE\Vigilant.esm,0x025068E6,zzVcgHrGauntlets,Marukhati Selectives Gauntlets,plugin,Light,Light,Light,0.0,82,2.0,Hands,33,VendorItemArmor; PerkFistsDaedric; ArmorGauntlets; ArmorLight; ArmorMaterialImperialLight,0x0008F959; 0x0002C17B; 0x0006C0EF; 0x0006BBD3; 0x0006BBE0,ArmorMaterialImperialLight,ArmorGauntlets,VendorItemArmor,,,Armor\VigCgT\ShaoKhan\Hr\HrGauntletsGnd.nif,
DoD,D:\Wabbajack\modlists\DoD,Diaries of Dibella - Lord's Vision,VIGILANT SEAE,1188,Vigilant.esm,D:\Wabbajack\modlists\DoD\mods\VIGILANT SEAE\Vigilant.esm,0x025068E8,zzVcgNpHrGauntletsRust,Alessian Battlemage Gauntlets,plugin,Light,Light,Light,0.0,72,2.0,Hands,33,VendorItemArmor; PerkFistsDaedric; ArmorGauntlets; ArmorLight; ArmorMaterialImperialLight,0x0008F959; 0x0002C17B; 0x0006C0EF; 0x0006BBD3; 0x0006BBE0,ArmorMaterialImperialLight,ArmorGauntlets,VendorItemArmor,,,Armor\VigCgT\ShaoKhan\Hr\HrGauntletsGnd.nif,
DoD,D:\Wabbajack\modlists\DoD,Diaries of Dibella - Lord's Vision,VIGILANT SEAE,1188,Vigilant.esm,D:\Wabbajack\modlists\DoD\mods\VIGILANT SEAE\Vigilant.esm,0x0250F88F,zzVCgGrGauntlets,Sir Henrik Gauntlets,plugin,Heavy,Heavy,Heavy,0.0,155,5.0,Hands,33,ArmorHeavy; PerkFistsDaedric; ArmorGauntlets; VendorItemArmor; ArmorMaterialImperialHeavy,0x0006BBD2; 0x0002C17B; 0x0006C0EF; 0x0008F959; 0x0006BBE2,ArmorMaterialImperialHeavy,ArmorGauntlets,VendorItemArmor,,,Armor\VigCgT\ShaoKhan\Gr\GrGauntletsGND.nif,
DoD,D:\Wabbajack\modlists\DoD,Diaries of Dibella - Lord's Vision,VIGILANT SEAE,1188,Vigilant.esm,D:\Wabbajack\modlists\DoD\mods\VIGILANT SEAE\Vigilant.esm,0x0250F899,zzVCgGrLGauntlets,Cyrod Leather Glove,plugin,Light,Light,Light,0.0,70,1.8,Hands,33,VendorItemArmor; PerkFistsDaedric; ArmorGauntlets; ArmorLight; ArmorMaterialImperialLight,0x0008F959; 0x0002C17B; 0x0006C0EF; 0x0006BBD3; 0x0006BBE0,ArmorMaterialImperialLight,ArmorGauntlets,VendorItemArmor,,,Armor\VigCgT\ShaoKhan\GrL\GrLGloveGND.nif,
DoD,D:\Wabbajack\modlists\DoD,Diaries of Dibella - Lord's Vision,VIGILANT SEAE,1188,Vigilant.esm,D:\Wabbajack\modlists\DoD\mods\VIGILANT SEAE\Vigilant.esm,0x020C5D2F,zzzCHArmorMaraGauntlets,Mara Gauntlets,plugin,Heavy,Heavy,Heavy,0.0,200,10.0,Hands,33,ArmorHeavy; PerkFistsDaedric; ArmorGauntlets; VendorItemArmor; ArmorMaterialMoonstone,0x0006BBD2; 0x0002C17B; 0x0006C0EF; 0x0008F959; 0x0006BBD9,ArmorMaterialMoonstone,ArmorGauntlets,VendorItemArmor,,,Armor\AoM\mara\MaraGauntletsGND.nif,
DoD,D:\Wabbajack\modlists\DoD,Diaries of Dibella - Lord's Vision,VIGILANT SEAE,1188,Vigilant.esm,D:\Wabbajack\modlists\DoD\mods\VIGILANT SEAE\Vigilant.esm,0x020C2D83,zzzCHArmorDaedricShieldUnplayable,Daedric Shield,plugin,Heavy,Heavy,,0.0,1600,1.0,Shield,39,ArmorMaterialDaedric; VendorItemArmor; ArmorShield,0x0006BBD4; 0x0008F959; 0x000965B2,ArmorMaterialDaedric,ArmorShield,VendorItemArmor,,,Armor\Daedric\DaedricShield.nif,
DoD,D:\Wabbajack\modlists\DoD,Diaries of Dibella - Lord's Vision,VIGILANT SEAE,1188,Vigilant.esm,D:\Wabbajack\modlists\DoD\mods\VIGILANT SEAE\Vigilant.esm,0x020C5D3D,zzzCHArmorMaraGauntletsPlayable,Mara Gauntlets,plugin,Heavy,Heavy,Heavy,0.0,200,10.0,Hands,33,ArmorHeavy; PerkFistsDaedric; ArmorGauntlets; VendorItemArmor; ArmorMaterialMoonstone,0x0006BBD2; 0x0002C17B; 0x0006C0EF; 0x0008F959; 0x0006BBD9,ArmorMaterialMoonstone,ArmorGauntlets,VendorItemArmor,,,Armor\AoM\mara\MaraGauntletsGND.nif,
DoD,D:\Wabbajack\modlists\DoD,Diaries of Dibella - Lord's Vision,VIGILANT SEAE,1188,Vigilant.esm,D:\Wabbajack\modlists\DoD\mods\VIGILANT SEAE\Vigilant.esm,0x020C6007,zzzCHArmorMaraKnightGauntlets,Mara Knight Gauntlets,plugin,Heavy,Heavy,Heavy,0.0,125,8.0,Hands,33,ArmorHeavy; PerkFistsDaedric; ArmorGauntlets; VendorItemArmor; ArmorMaterialImperialHeavy,0x0006BBD2; 0x0002C17B; 0x0006C0EF; 0x0008F959; 0x0006BBE2,ArmorMaterialImperialHeavy,ArmorGauntlets,VendorItemArmor,,,Armor\AoM\MaraKnight\MaraKnightGauntletsGND.nif,
DoD,D:\Wabbajack\modlists\DoD,Diaries of Dibella - Lord's Vision,VIGILANT SEAE,1188,Vigilant.esm,D:\Wabbajack\modlists\DoD\mods\VIGILANT SEAE\Vigilant.esm,0x020D9540,zzzCHArmorStendarrKnightGauntlets,Stendarr Knight Gauntlets,plugin,Heavy,Heavy,Heavy,0.0,125,4.0,Hands,33,ArmorHeavy; PerkFistsDaedric; ArmorGauntlets; VendorItemArmor; ArmorMaterialImperialHeavy,0x0006BBD2; 0x0002C17B; 0x0006C0EF; 0x0008F959; 0x0006BBE2,ArmorMaterialImperialHeavy,ArmorGauntlets,VendorItemArmor,,,Armor\AoM\Vinland\IkaKnightGauntletsGND.nif,
DoD,D:\Wabbajack\modlists\DoD,Diaries of Dibella - Lord's Vision,VIGILANT SEAE,1188,Vigilant.esm,D:\Wabbajack\modlists\DoD\mods\VIGILANT SEAE\Vigilant.esm,0x0252E723,zzzCHArmorDaedricMageHelmet,Daedric Cowl,plugin,Heavy,Heavy,Heavy,0.0,110,2.0,Hair; Circlet,31; 42,VendorItemArmor; MagicDisallowEnchanting; ArmorHelmet; ArmorMaterialDaedric; ArmorHeavy,0x0008F959; 0x000C27BD; 0x0006C0EE; 0x0006BBD4; 0x0006BBD2,ArmorMaterialDaedric,ArmorHelmet,VendorItemArmor,,,Armor\DBArmor\DBArmorHoodMasklessGND.nif,Armor\DBArmor\DBArmorHoodGND.nif
DoD,D:\Wabbajack\modlists\DoD,Diaries of Dibella - Lord's Vision,VIGILANT SEAE,1188,Vigilant.esm,D:\Wabbajack\modlists\DoD\mods\VIGILANT SEAE\Vigilant.esm,0x0252E722,zzzCHArmorDaedricMageGauntlets,Daedric Gauntlets,plugin,Heavy,Heavy,Heavy,0.0,125,9.0,Hands,33,ArmorHeavy; ArmorMaterialDaedric; ArmorGauntlets; VendorItemArmor; PerkFistsDaedric,0x0006BBD2; 0x0006BBD4; 0x0006C0EF; 0x0008F959; 0x0002C17B,ArmorMaterialDaedric,ArmorGauntlets,VendorItemArmor,,,Armor\Daedric\DaedricGauntletsGO.nif,
DoD,D:\Wabbajack\modlists\DoD,Diaries of Dibella - Lord's Vision,VIGILANT SEAE,1188,Vigilant.esm,D:\Wabbajack\modlists\DoD\mods\VIGILANT SEAE\Vigilant.esm,0x020DFD65,zzzCHArmorLazaBoots,Order Laza Boots,plugin,Heavy,Heavy,Heavy,0.0,200,5.0,Feet,37,ArmorHeavy; VendorItemArmor; ArmorBoots; ArmorMaterialDaedric,0x0006BBD2; 0x0008F959; 0x0006C0ED; 0x0006BBD4,ArmorMaterialDaedric,ArmorBoots,VendorItemArmor,,,Armor\AoM\lancelot\LancelotBootsGND.nif,
DoD,D:\Wabbajack\modlists\DoD,Diaries of Dibella - Lord's Vision,VIGILANT SEAE,1188,Vigilant.esm,D:\Wabbajack\modlists\DoD\mods\VIGILANT SEAE\Vigilant.esm,0x020DFD66,zzzCHArmorLazaCuirass,Order Laza Cuirass,plugin,Heavy,Heavy,Heavy,0.0,700,25.0,Body,32,ArmorHeavy; VendorItemArmor; ArmorCuirass; ArmorMaterialDaedric,0x0006BBD2; 0x0008F959; 0x0006C0EC; 0x0006BBD4,ArmorMaterialDaedric,ArmorCuirass,VendorItemArmor,,,Armor\AoM\lancelot\LancelotCuirassGND.nif,
DoD,D:\Wabbajack\modlists\DoD,Diaries of Dibella - Lord's Vision,VIGILANT SEAE,1188,Vigilant.esm,D:\Wabbajack\modlists\DoD\mods\VIGILANT SEAE\Vigilant.esm,0x020DFD67,zzzCHArmorLazaGauntlets,Order Laza Gauntlets,plugin,Heavy,Heavy,Heavy,0.0,200,6.0,Hands,33,ArmorHeavy; PerkFistsDaedric; ArmorGauntlets; VendorItemArmor; ArmorMaterialDaedric,0x0006BBD2; 0x0002C17B; 0x0006C0EF; 0x0008F959; 0x0006BBD4,ArmorMaterialDaedric,ArmorGauntlets,VendorItemArmor,,,Armor\AoM\lancelot\LancelotGauntletsGND.nif,
DoD,D:\Wabbajack\modlists\DoD,Diaries of Dibella - Lord's Vision,VIGILANT SEAE,1188,Vigilant.esm,D:\Wabbajack\modlists\DoD\mods\VIGILANT SEAE\Vigilant.esm,0x020DFD68,zzzCHArmorLazaHelmet,Order Laza Helmet,plugin,Heavy,Heavy,Heavy,0.0,375,8.0,Head; Hair; Circlet; Ears,30; 31; 42; 43,ArmorHeavy; VendorItemArmor; ArmorHelmet; ArmorMaterialDaedric,0x0006BBD2; 0x0008F959; 0x0006C0EE; 0x0006BBD4,ArmorMaterialDaedric,ArmorHelmet,VendorItemArmor,,,Armor\AoM\lancelot\LancelotHelmetGND.nif,
DoD,D:\Wabbajack\modlists\DoD,Diaries of Dibella - Lord's Vision,VIGILANT SEAE,1188,Vigilant.esm,D:\Wabbajack\modlists\DoD\mods\VIGILANT SEAE\Vigilant.esm,0x020E04B7,zzzCHArmorMaraKnightGauntletsSilver,Mara Knight Gauntlets (Silver),plugin,Heavy,Heavy,Heavy,0.0,125,8.0,Hands,33,ArmorHeavy; PerkFistsDaedric; ArmorGauntlets; VendorItemArmor; ArmorMaterialImperialHeavy,0x0006BBD2; 0x0002C17B; 0x0006C0EF; 0x0008F959; 0x0006BBE2,ArmorMaterialImperialHeavy,ArmorGauntlets,VendorItemArmor,,,Armor\AoM\MaraKnight\MaraKnightGauntletsGND.nif,
DoD,D:\Wabbajack\modlists\DoD,Diaries of Dibella - Lord's Vision,VIGILANT SEAE,1188,Vigilant.esm,D:\Wabbajack\modlists\DoD\mods\VIGILANT SEAE\Vigilant.esm,0x020E04B3,zzzCHArmorMaraGauntletsSilver,Mara Gauntlets (Silver),plugin,Heavy,Heavy,Heavy,0.0,200,10.0,Hands,33,ArmorHeavy; PerkFistsDaedric; ArmorGauntlets; VendorItemArmor; ArmorMaterialMoonstone,0x0006BBD2; 0x0002C17B; 0x0006C0EF; 0x0008F959; 0x0006BBD9,ArmorMaterialMoonstone,ArmorGauntlets,VendorItemArmor,,,Armor\AoM\mara\MaraGauntletsGND.nif,
DoD,D:\Wabbajack\modlists\DoD,Diaries of Dibella - Lord's Vision,VIGILANT SEAE,1188,Vigilant.esm,D:\Wabbajack\modlists\DoD\mods\VIGILANT SEAE\Vigilant.esm,0x0253413C,zzVcgFatGauntlets,Herestic Mara Gauntlets,plugin,Heavy,Heavy,Heavy,0.0,200,10.0,Hands,33,ArmorHeavy; PerkFistsDaedric; ArmorGauntlets; VendorItemArmor; ArmorMaterialMoonstone,0x0006BBD2; 0x0002C17B; 0x0006C0EF; 0x0008F959; 0x0006BBD9,ArmorMaterialMoonstone,ArmorGauntlets,VendorItemArmor,,,Armor\VigCgT\ue\Nkds\ft\FatGauntletsGND.nif,
DoD,D:\Wabbajack\modlists\DoD,Diaries of Dibella - Lord's Vision,VIGILANT SEAE,1188,Vigilant.esm,D:\Wabbajack\modlists\DoD\mods\VIGILANT SEAE\Vigilant.esm,0x025365C3,zzVcgGothGauntlets,Pelinal Gauntlets,plugin,Heavy,Heavy,Heavy,0.0,300,3.0,Hands,33,ArmorHeavy; PerkFistsDaedric; ArmorGauntlets; VendorItemArmor; ArmorMaterialEbony,0x0006BBD2; 0x0002C17B; 0x0006C0EF; 0x0008F959; 0x0006BBD8,ArmorMaterialEbony,ArmorGauntlets,VendorItemArmor,,,Armor\VigCgT\ue\AhSg\goth\GothGauntletsGND.nif,
DoD,D:\Wabbajack\modlists\DoD,Diaries of Dibella - Lord's Vision,VIGILANT SEAE,1188,Vigilant.esm,D:\Wabbajack\modlists\DoD\mods\VIGILANT SEAE\Vigilant.esm,0x025365C7,zzVcgGothGauntletsRust,Pelinal Gauntlets (Rust),plugin,Heavy,Heavy,Heavy,0.0,250,3.0,Hands,33,ArmorHeavy; PerkFistsDaedric; ArmorGauntlets; VendorItemArmor; ArmorMaterialEbony,0x0006BBD2; 0x0002C17B; 0x0006C0EF; 0x0008F959; 0x0006BBD8,ArmorMaterialEbony,ArmorGauntlets,VendorItemArmor,,,Armor\VigCgT\ue\AhSg\gothR\GothGauntletsRustGND.nif,
DoD,D:\Wabbajack\modlists\DoD,Diaries of Dibella - Lord's Vision,VIGILANT SEAE,1188,Vigilant.esm,D:\Wabbajack\modlists\DoD\mods\VIGILANT SEAE\Vigilant.esm,0x025365CC,zzVcgGothGauntletsPelinal,Pelinal Gauntlets (Rust),plugin,Heavy,Heavy,Heavy,0.0,250,3.0,Hands,33,ArmorHeavy; PerkFistsDaedric; ArmorGauntlets; VendorItemArmor; ArmorMaterialEbony,0x0006BBD2; 0x0002C17B; 0x0006C0EF; 0x0008F959; 0x0006BBD8,ArmorMaterialEbony,ArmorGauntlets,VendorItemArmor,,,Armor\VigCgT\ue\AhSg\gothR\GothGauntletsRustGND.nif,
DoD,D:\Wabbajack\modlists\DoD,Diaries of Dibella - Lord's Vision,VIGILANT SEAE,1188,Vigilant.esm,D:\Wabbajack\modlists\DoD\mods\VIGILANT SEAE\Vigilant.esm,0x0210ECE3,zzzCHArmorLazaHelmetDark,Lake Knight Helmet,plugin,Heavy,Heavy,Heavy,0.0,375,8.0,Head; Hair; Circlet; Ears,30; 31; 42; 43,ArmorHeavy; VendorItemArmor; ArmorHelmet; ArmorMaterialDaedric,0x0006BBD2; 0x0008F959; 0x0006C0EE; 0x0006BBD4,ArmorMaterialDaedric,ArmorHelmet,VendorItemArmor,,,Armor\AoM\lancelot\DarkLancelotHelmetGND.nif,
DoD,D:\Wabbajack\modlists\DoD,Diaries of Dibella - Lord's Vision,VIGILANT SEAE,1188,Vigilant.esm,D:\Wabbajack\modlists\DoD\mods\VIGILANT SEAE\Vigilant.esm,0x0210ECE2,zzzCHArmorLazaGauntletsDark,Lake Knight Gauntlets,plugin,Heavy,Heavy,Heavy,0.0,200,6.0,Hands,33,ArmorHeavy; PerkFistsDaedric; ArmorGauntlets; VendorItemArmor; ArmorMaterialDaedric,0x0006BBD2; 0x0002C17B; 0x0006C0EF; 0x0008F959; 0x0006BBD4,ArmorMaterialDaedric,ArmorGauntlets,VendorItemArmor,,,Armor\AoM\lancelot\DarkLancelotGauntletsGND.nif,
DoD,D:\Wabbajack\modlists\DoD,Diaries of Dibella - Lord's Vision,VIGILANT SEAE,1188,Vigilant.esm,D:\Wabbajack\modlists\DoD\mods\VIGILANT SEAE\Vigilant.esm,0x0210ECE1,zzzCHArmorLazaCuirassDark,Lake Knight Cuirass,plugin,Heavy,Heavy,Heavy,0.0,700,25.0,Body,32,ArmorHeavy; VendorItemArmor; ArmorCuirass; ArmorMaterialDaedric,0x0006BBD2; 0x0008F959; 0x0006C0EC; 0x0006BBD4,ArmorMaterialDaedric,ArmorCuirass,VendorItemArmor,,,Armor\AoM\lancelot\DarkLancelotCuirassGND.nif,
DoD,D:\Wabbajack\modlists\DoD,Diaries of Dibella - Lord's Vision,VIGILANT SEAE,1188,Vigilant.esm,D:\Wabbajack\modlists\DoD\mods\VIGILANT SEAE\Vigilant.esm,0x0210ECE0,zzzCHArmorLazaBootsDark,Lake Knight Boots,plugin,Heavy,Heavy,Heavy,0.0,200,5.0,Feet,37,ArmorHeavy; VendorItemArmor; ArmorBoots; ArmorMaterialDaedric,0x0006BBD2; 0x0008F959; 0x0006C0ED; 0x0006BBD4,ArmorMaterialDaedric,ArmorBoots,VendorItemArmor,,,Armor\AoM\lancelot\DarkLancelotBootsGND.nif,
DoD,D:\Wabbajack\modlists\DoD,Diaries of Dibella - Lord's Vision,VIGILANT SEAE,1188,Vigilant.esm,D:\Wabbajack\modlists\DoD\mods\VIGILANT SEAE\Vigilant.esm,0x02102603,zzzCHArmorStendarrKnightGauntletsGold,Stendarr Knight Gauntlets (Gold),plugin,Heavy,Heavy,Heavy,0.0,125,4.0,Hands,33,ArmorHeavy; PerkFistsDaedric; ArmorGauntlets; VendorItemArmor; ArmorMaterialImperialHeavy,0x0006BBD2; 0x0002C17B; 0x0006C0EF; 0x0008F959; 0x0006BBE2,ArmorMaterialImperialHeavy,ArmorGauntlets,VendorItemArmor,,,Armor\AoM\Vinland\IkaKnightGauntletsGND.nif,
DoD,D:\Wabbajack\modlists\DoD,Diaries of Dibella - Lord's Vision,VIGILANT SEAE,1188,Vigilant.esm,D:\Wabbajack\modlists\DoD\mods\VIGILANT SEAE\Vigilant.esm,0x0253E51C,zzVcgCrs3Boots,Bloodcurse Knight Boots,plugin,Heavy,Heavy,Heavy,0.0,375,3.0,Feet,37,ArmorHeavy; ArmorMaterialDaedric; ArmorBoots; VendorItemArmor,0x0006BBD2; 0x0006BBD4; 0x0006C0ED; 0x0008F959,ArmorMaterialDaedric,ArmorBoots,VendorItemArmor,,,Armor\VigCgT\dremorn\Cursed3\Cur3BootsGND.nif,
DoD,D:\Wabbajack\modlists\DoD,Diaries of Dibella - Lord's Vision,VIGILANT SEAE,1188,Vigilant.esm,D:\Wabbajack\modlists\DoD\mods\VIGILANT SEAE\Vigilant.esm,0x0253E51D,zzVcgCrs3Cuirass,Bloodcurse Knight Armor,plugin,Heavy,Heavy,Heavy,0.0,1200,18.0,Body,32,ArmorHeavy; ArmorMaterialDaedric; ArmorCuirass; VendorItemArmor,0x0006BBD2; 0x0006BBD4; 0x0006C0EC; 0x0008F959,ArmorMaterialDaedric,ArmorCuirass,VendorItemArmor,,,Armor\VigCgT\dremorn\Cursed3\Cur3TorsoGND.nif,
DoD,D:\Wabbajack\modlists\DoD,Diaries of Dibella - Lord's Vision,VIGILANT SEAE,1188,Vigilant.esm,D:\Wabbajack\modlists\DoD\mods\VIGILANT SEAE\Vigilant.esm,0x0253E51E,zzVcgCrs3Gauntlets,Bloodcurse Knight Gauntlets,plugin,Heavy,Heavy,Heavy,0.0,425,3.0,Hands,33,ArmorHeavy; ArmorMaterialDaedric; ArmorGauntlets; VendorItemArmor; PerkFistsDaedric,0x0006BBD2; 0x0006BBD4; 0x0006C0EF; 0x0008F959; 0x0002C17B,ArmorMaterialDaedric,ArmorGauntlets,VendorItemArmor,,,Armor\VigCgT\dremorn\Cursed3\Cur3GauntletsGND.nif,
DoD,D:\Wabbajack\modlists\DoD,Diaries of Dibella - Lord's Vision,VIGILANT SEAE,1188,Vigilant.esm,D:\Wabbajack\modlists\DoD\mods\VIGILANT SEAE\Vigilant.esm,0x0253E51F,zzVcgCrs3Helmet,Bloodcurse Knight Helmet,plugin,Heavy,Heavy,Heavy,0.0,800,4.5,Head; Hair; Circlet; Ears,30; 31; 42; 43,ArmorHeavy; ArmorMaterialDaedric; ArmorHelmet; VendorItemArmor,0x0006BBD2; 0x0006BBD4; 0x0006C0EE; 0x0008F959,ArmorMaterialDaedric,ArmorHelmet,VendorItemArmor,,,Armor\VigCgT\dremorn\Cursed3\Cur3HelmetGND.nif,
DoD,D:\Wabbajack\modlists\DoD,Diaries of Dibella - Lord's Vision,VIGILANT SEAE,1188,Vigilant.esm,D:\Wabbajack\modlists\DoD\mods\VIGILANT SEAE\Vigilant.esm,0x02124F26,zzzCHArmorJulianosKnightGauntlets,Julianos Knight Gauntlets,plugin,Heavy,Heavy,Heavy,0.0,125,4.0,Hands,33,ArmorHeavy; PerkFistsDaedric; ArmorGauntlets; VendorItemArmor; ArmorMaterialImperialHeavy,0x0006BBD2; 0x0002C17B; 0x0006C0EF; 0x0008F959; 0x0006BBE2,ArmorMaterialImperialHeavy,ArmorGauntlets,VendorItemArmor,,,Armor\AoM\katarina\KatarinaGauntletsGND.nif,
DoD,D:\Wabbajack\modlists\DoD,Diaries of Dibella - Lord's Vision,VIGILANT SEAE,1188,Vigilant.esm,D:\Wabbajack\modlists\DoD\mods\VIGILANT SEAE\Vigilant.esm,0x0212DCA7,zzzCHArmorZenitharKnightGauntlets,Zenithar Knight Gauntlets,plugin,Heavy,Heavy,Heavy,0.0,125,4.0,Hands,33,ArmorHeavy; PerkFistsDaedric; ArmorGauntlets; VendorItemArmor; ArmorMaterialImperialHeavy,0x0006BBD2; 0x0002C17B; 0x0006C0EF; 0x0008F959; 0x0006BBE2,ArmorMaterialImperialHeavy,ArmorGauntlets,VendorItemArmor,,,Armor\AoM\zenithar\ZenitharGauntletsGND.nif,
DoD,D:\Wabbajack\modlists\DoD,Diaries of Dibella - Lord's Vision,VIGILANT SEAE,1188,Vigilant.esm,D:\Wabbajack\modlists\DoD\mods\VIGILANT SEAE\Vigilant.esm,0x0254645D,zzzCHCrXivkynCuirassA01,Xivkyn Armor,plugin,Heavy,Heavy,Heavy,0.0,640,38.0,Body; Amulet,32; 35,ArmorHeavy; ArmorMaterialDaedric; ArmorCuirass; VendorItemArmor,0x0006BBD2; 0x0006BBD4; 0x0006C0EC; 0x0008F959,ArmorMaterialDaedric,ArmorCuirass,VendorItemArmor,,,Armor\Daedric\DaedricCuirassGO.nif,
DoD,D:\Wabbajack\modlists\DoD,Diaries of Dibella - Lord's Vision,VIGILANT SEAE,1188,Vigilant.esm,D:\Wabbajack\modlists\DoD\mods\VIGILANT SEAE\Vigilant.esm,0x0254645E,zzzCHCrXivkynCuirassA02,Xivkyn Armor,plugin,Heavy,Heavy,Heavy,0.0,640,38.0,Body,32,ArmorHeavy; ArmorMaterialDaedric; ArmorCuirass; VendorItemArmor,0x0006BBD2; 0x0006BBD4; 0x0006C0EC; 0x0008F959,ArmorMaterialDaedric,ArmorCuirass,VendorItemArmor,,,Armor\Daedric\DaedricCuirassGO.nif,
DoD,D:\Wabbajack\modlists\DoD,Diaries of Dibella - Lord's Vision,VIGILANT SEAE,1188,Vigilant.esm,D:\Wabbajack\modlists\DoD\mods\VIGILANT SEAE\Vigilant.esm,0x0254645F,zzzCHCrXivkynCuirassB,Xivkyn Armor,plugin,Heavy,Heavy,Heavy,0.0,640,38.0,Body,32,ArmorHeavy; ArmorMaterialDaedric; ArmorCuirass; VendorItemArmor,0x0006BBD2; 0x0006BBD4; 0x0006C0EC; 0x0008F959,ArmorMaterialDaedric,ArmorCuirass,VendorItemArmor,,,Armor\Daedric\DaedricCuirassGO.nif,
DoD,D:\Wabbajack\modlists\DoD,Diaries of Dibella - Lord's Vision,VIGILANT SEAE,1188,Vigilant.esm,D:\Wabbajack\modlists\DoD\mods\VIGILANT SEAE\Vigilant.esm,0x02546460,zzzCHCrXivkynCuirassC,Xivkyn Armor,plugin,Heavy,Heavy,Heavy,0.0,640,38.0,Body,32,ArmorHeavy; ArmorMaterialDaedric; ArmorCuirass; VendorItemArmor,0x0006BBD2; 0x0006BBD4; 0x0006C0EC; 0x0008F959,ArmorMaterialDaedric,ArmorCuirass,VendorItemArmor,,,Armor\Daedric\DaedricCuirassGO.nif,
DoD,D:\Wabbajack\modlists\DoD,Diaries of Dibella - Lord's Vision,VIGILANT SEAE,1188,Vigilant.esm,D:\Wabbajack\modlists\DoD\mods\VIGILANT SEAE\Vigilant.esm,0x0212B49A,zzzCHArmorJulianosKnightGauntlets_steel,Julianos Knight Gauntlets (Steel),plugin,Heavy,Heavy,Heavy,0.0,125,4.0,Hands,33,ArmorHeavy; PerkFistsDaedric; ArmorGauntlets; VendorItemArmor; ArmorMaterialImperialHeavy,0x0006BBD2; 0x0002C17B; 0x0006C0EF; 0x0008F959; 0x0006BBE2,ArmorMaterialImperialHeavy,ArmorGauntlets,VendorItemArmor,,,Armor\AoM\katarina\KatarinaGauntletsGND.nif,
DoD,D:\Wabbajack\modlists\DoD,Diaries of Dibella - Lord's Vision,VIGILANT SEAE,1188,Vigilant.esm,D:\Wabbajack\modlists\DoD\mods\VIGILANT SEAE\Vigilant.esm,0x02132DC8,zzzCHArmorZenitharKnightGauntlets_steel,Zenithar Knight Gauntlets (Steel),plugin,Heavy,Heavy,Heavy,0.0,125,4.0,Hands,33,ArmorHeavy; PerkFistsDaedric; ArmorGauntlets; VendorItemArmor; ArmorMaterialImperialHeavy,0x0006BBD2; 0x0002C17B; 0x0006C0EF; 0x0008F959; 0x0006BBE2,ArmorMaterialImperialHeavy,ArmorGauntlets,VendorItemArmor,,,Armor\AoM\zenithar\ZenitharGauntletsGND.nif,
DoD,D:\Wabbajack\modlists\DoD,Diaries of Dibella - Lord's Vision,VIGILANT SEAE,1188,Vigilant.esm,D:\Wabbajack\modlists\DoD\mods\VIGILANT SEAE\Vigilant.esm,0x02136B1B,zzzCHArmorDibellaKnightGauntlets,Dibella Knight Gauntlets,plugin,Heavy,Heavy,Heavy,0.0,125,2.0,Hands,33,ArmorHeavy; PerkFistsDaedric; ArmorGauntlets; VendorItemArmor; ArmorMaterialImperialHeavy,0x0006BBD2; 0x0002C17B; 0x0006C0EF; 0x0008F959; 0x0006BBE2,ArmorMaterialImperialHeavy,ArmorGauntlets,VendorItemArmor,,,Armor\AoM\dibella\DibellaGloveGND.nif,
DoD,D:\Wabbajack\modlists\DoD,Diaries of Dibella - Lord's Vision,DAC0DA - English Translation,1191,DAc0da.esm,D:\Wabbajack\modlists\DoD\mods\DAC0DA - English Translation\DAc0da.esm,0x040043E7,zDcdArmorChsBoots,Yaghra Chimera Boots,plugin,Heavy,Heavy,Heavy,0.0,85,4.0,Feet,37,ArmorHeavy; ArmorBoots; VendorItemArmor; ArmorMaterialDaedric,0x0006BBD2; 0x0006C0ED; 0x0008F959; 0x0006BBD4,ArmorMaterialDaedric,ArmorBoots,VendorItemArmor,,,Armor\Dac0da\Cgt\SK\chs\ChsBootsGND.nif,
DoD,D:\Wabbajack\modlists\DoD,Diaries of Dibella - Lord's Vision,DAC0DA - English Translation,1191,DAc0da.esm,D:\Wabbajack\modlists\DoD\mods\DAC0DA - English Translation\DAc0da.esm,0x040043E8,zDcdArmorChsCuirass,Yaghra Chimera Armor,plugin,Heavy,Heavy,Heavy,0.0,300,18.0,Body,32,ArmorHeavy; ArmorCuirass; VendorItemArmor; ArmorMaterialDaedric,0x0006BBD2; 0x0006C0EC; 0x0008F959; 0x0006BBD4,ArmorMaterialDaedric,ArmorCuirass,VendorItemArmor,,,Armor\Dac0da\Cgt\SK\chs\ChsCuirassGND.nif,
DoD,D:\Wabbajack\modlists\DoD,Diaries of Dibella - Lord's Vision,DAC0DA - English Translation,1191,DAc0da.esm,D:\Wabbajack\modlists\DoD\mods\DAC0DA - English Translation\DAc0da.esm,0x040043E9,zDcdArmorChsGauntlets,Yaghra Chimera Gauntlets,plugin,Heavy,Heavy,Heavy,0.0,75,3.0,Hands,33,ArmorHeavy; ArmorGauntlets; VendorItemArmor; ArmorMaterialDaedric,0x0006BBD2; 0x0006C0EF; 0x0008F959; 0x0006BBD4,ArmorMaterialDaedric,ArmorGauntlets,VendorItemArmor,,,Armor\Dac0da\Cgt\SK\chs\ChsGauntletsGND.nif,
DoD,D:\Wabbajack\modlists\DoD,Diaries of Dibella - Lord's Vision,DAC0DA - English Translation,1191,DAc0da.esm,D:\Wabbajack\modlists\DoD\mods\DAC0DA - English Translation\DAc0da.esm,0x040043EA,zDcdArmorChsHelmet,Yaghra Chimera Helmet,plugin,Heavy,Heavy,Heavy,0.0,90,5.0,Hair; Circlet,31; 42,ArmorHeavy; ArmorHelmet; VendorItemArmor; ArmorMaterialDaedric,0x0006BBD2; 0x0006C0EE; 0x0008F959; 0x0006BBD4,ArmorMaterialDaedric,ArmorHelmet,VendorItemArmor,,,Armor\Dac0da\Cgt\SK\chs\ChsHelmGND.nif,
DoD,D:\Wabbajack\modlists\DoD,Diaries of Dibella - Lord's Vision,DAC0DA - English Translation,1191,DAc0da.esm,D:\Wabbajack\modlists\DoD\mods\DAC0DA - English Translation\DAc0da.esm,0x040043EB,zDcdArmorChsMask,Yaghra Chimera Mask,plugin,Heavy,Heavy,Heavy,0.0,80,4.0,Circlet,42,ArmorHeavy; ArmorHelmet; VendorItemArmor; ArmorMaterialDaedric,0x0006BBD2; 0x0006C0EE; 0x0008F959; 0x0006BBD4,ArmorMaterialDaedric,ArmorHelmet,VendorItemArmor,,,Armor\Dac0da\Cgt\SK\chs\ChsMaskGND.nif,
DoD,D:\Wabbajack\modlists\DoD,Diaries of Dibella - Lord's Vision,DAC0DA - English Translation,1191,DAc0da.esm,D:\Wabbajack\modlists\DoD\mods\DAC0DA - English Translation\DAc0da.esm,0x040043F2,zDcdNpChsBoots,Yaghra Chimera Boots,plugin,Heavy,Heavy,Heavy,0.0,85,4.0,Feet,37,ArmorHeavy; ArmorBoots; VendorItemArmor; ArmorMaterialDaedric,0x0006BBD2; 0x0006C0ED; 0x0008F959; 0x0006BBD4,ArmorMaterialDaedric,ArmorBoots,VendorItemArmor,,,Armor\Dac0da\Cgt\SK\chs\ChsBootsGND.nif,
DoD,D:\Wabbajack\modlists\DoD,Diaries of Dibella - Lord's Vision,DAC0DA - English Translation,1191,DAc0da.esm,D:\Wabbajack\modlists\DoD\mods\DAC0DA - English Translation\DAc0da.esm,0x040043F3,zDcdNpChsCuirassUpperNaked,Yaghra Chimera Armor,plugin,Heavy,Heavy,Heavy,0.0,300,18.0,Body,32,ArmorHeavy; ArmorCuirass; VendorItemArmor; ArmorMaterialDaedric,0x0006BBD2; 0x0006C0EC; 0x0008F959; 0x0006BBD4,ArmorMaterialDaedric,ArmorCuirass,VendorItemArmor,,,Armor\Dac0da\Cgt\SK\chs\ChsCuirassGND.nif,
DoD,D:\Wabbajack\modlists\DoD,Diaries of Dibella - Lord's Vision,DAC0DA - English Translation,1191,DAc0da.esm,D:\Wabbajack\modlists\DoD\mods\DAC0DA - English Translation\DAc0da.esm,0x040043F4,zDcdNpChsGauntlets,Yaghra Chimera Gauntlets,plugin,Heavy,Heavy,Heavy,0.0,75,3.0,Hands,33,ArmorHeavy; ArmorGauntlets; VendorItemArmor; ArmorMaterialDaedric,0x0006BBD2; 0x0006C0EF; 0x0008F959; 0x0006BBD4,ArmorMaterialDaedric,ArmorGauntlets,VendorItemArmor,,,Armor\Dac0da\Cgt\SK\chs\ChsGauntletsGND.nif,
DoD,D:\Wabbajack\modlists\DoD,Diaries of Dibella - Lord's Vision,DAC0DA - English Translation,1191,DAc0da.esm,D:\Wabbajack\modlists\DoD\mods\DAC0DA - English Translation\DAc0da.esm,0x040043F8,zDcdArmorDemonShieldStone,Sleeping Hare Shield,plugin,Heavy,Heavy,,0.0,100,10.0,Shield,39,ArmorMaterialDaedric; VendorItemArmor; ArmorShield,0x0006BBD4; 0x0008F959; 0x000965B2,ArmorMaterialDaedric,ArmorShield,VendorItemArmor,0x040043FC,,Weapons\Dac0da\cgt\NkdS\DemonShieldStone.nif,
DoD,D:\Wabbajack\modlists\DoD,Diaries of Dibella - Lord's Vision,DAC0DA - English Translation,1191,DAc0da.esm,D:\Wabbajack\modlists\DoD\mods\DAC0DA - English Translation\DAc0da.esm,0x040043F9,zDcdArmorDemonShield,Hare Shield,plugin,Heavy,Heavy,,0.0,120,11.0,Shield,39,ArmorMaterialDaedric; VendorItemArmor; ArmorShield,0x0006BBD4; 0x0008F959; 0x000965B2,ArmorMaterialDaedric,ArmorShield,VendorItemArmor,0x040043FD,,Weapons\Dac0da\cgt\NkdS\DemonShield.nif,
DoD,D:\Wabbajack\modlists\DoD,Diaries of Dibella - Lord's Vision,DAC0DA - English Translation,1191,DAc0da.esm,D:\Wabbajack\modlists\DoD\mods\DAC0DA - English Translation\DAc0da.esm,0x040049D4,zDcdNpChsGauntletsRightOnly,Yaghra Chimera Gauntlets,plugin,Heavy,Heavy,Heavy,0.0,75,3.0,Hands,33,ArmorHeavy; ArmorGauntlets; VendorItemArmor; ArmorMaterialDaedric,0x0006BBD2; 0x0006C0EF; 0x0008F959; 0x0006BBD4,ArmorMaterialDaedric,ArmorGauntlets,VendorItemArmor,,,Armor\Dac0da\Cgt\SK\chs\ChsGauntletsGND.nif,
DoD,D:\Wabbajack\modlists\DoD,Diaries of Dibella - Lord's Vision,DAC0DA - English Translation,1191,DAc0da.esm,D:\Wabbajack\modlists\DoD\mods\DAC0DA - English Translation\DAc0da.esm,0x040060B3,zDcdArmorShieldTalismanWorm,Talisman of Worms,plugin,Light,Light,,0.0,100,0.1,Shield,39,ArmorShield; VendorItemArmor; ArmorMaterialDaedric,0x000965B2; 0x0008F959; 0x0006BBD4,ArmorMaterialDaedric,ArmorShield,VendorItemArmor,0x040060B6,,Armor\Dac0da\Talisman\TalismanNecromancyGo.nif,
DoD,D:\Wabbajack\modlists\DoD,Diaries of Dibella - Lord's Vision,DAC0DA - English Translation,1191,DAc0da.esm,D:\Wabbajack\modlists\DoD\mods\DAC0DA - English Translation\DAc0da.esm,0x040060B7,zDcdNpShieldTalismanWorm,Talisman of Worms,plugin,Light,Light,,0.0,100,0.1,Shield,39,ArmorShield; VendorItemArmor; ArmorMaterialDaedric,0x000965B2; 0x0008F959; 0x0006BBD4,ArmorMaterialDaedric,ArmorShield,VendorItemArmor,0x040060B6,,Armor\Dac0da\Talisman\TalismanNecromancyGo.nif,
DoD,D:\Wabbajack\modlists\DoD,Diaries of Dibella - Lord's Vision,DAC0DA - English Translation,1191,DAc0da.esm,D:\Wabbajack\modlists\DoD\mods\DAC0DA - English Translation\DAc0da.esm,0x0400858F,zDcdSpellbreaker,Mass-Produced Spellbreaker,plugin,Heavy,Heavy,,0.0,125,6.0,Shield,39,VendorItemDaedricArtifact; DaedricArtifact; MagicDisallowEnchanting; ArmorShield,0x000917E8; 0x000A8668; 0x000C27BD; 0x000965B2,,ArmorShield,VendorItemDaedricArtifact,0x000C51F7,,Armor\Spellbreaker\Spellbreaker.nif,
DoD,D:\Wabbajack\modlists\DoD,Diaries of Dibella - Lord's Vision,DAC0DA - English Translation,1191,DAc0da.esm,D:\Wabbajack\modlists\DoD\mods\DAC0DA - English Translation\DAc0da.esm,0x0400B207,zDcdArmorArcanistMask,Arcanist Mask,plugin,Light,Light,Light,0.0,100,1.0,Head; Hair; Circlet; Ears,30; 31; 42; 43,VendorItemArmor; ArmorMaterialDaedric; ArmorHelmet; ArmorLight,0x0008F959; 0x0006BBD4; 0x0006C0EE; 0x0006BBD3,ArmorMaterialDaedric,ArmorHelmet,VendorItemArmor,0x0400B20E,,Armor\Dac0da\Cgt\hrdn\Apo\ArcMaskGND.nif,
DoD,D:\Wabbajack\modlists\DoD,Diaries of Dibella - Lord's Vision,DAC0DA - English Translation,1191,DAc0da.esm,D:\Wabbajack\modlists\DoD\mods\DAC0DA - English Translation\DAc0da.esm,0x0400B208,zDcdArmorArcanistMaskBlue,Arcanist Mask (Ice),plugin,Light,Light,Light,0.0,100,1.0,Head; Hair; Circlet; Ears,30; 31; 42; 43,VendorItemArmor; ArmorMaterialDaedric; ArmorHelmet; ArmorLight,0x0008F959; 0x0006BBD4; 0x0006C0EE; 0x0006BBD3,ArmorMaterialDaedric,ArmorHelmet,VendorItemArmor,0x0400B20C,,Armor\Dac0da\Cgt\hrdn\Blue\ArcMaskBlueGND.nif,
DoD,D:\Wabbajack\modlists\DoD,Diaries of Dibella - Lord's Vision,DAC0DA - English Translation,1191,DAc0da.esm,D:\Wabbajack\modlists\DoD\mods\DAC0DA - English Translation\DAc0da.esm,0x0400B209,zDcdArmorArcanistMaskRed,Arcanist Mask (Fire),plugin,Light,Light,Light,0.0,100,1.0,Head; Hair; Circlet; Ears,30; 31; 42; 43,VendorItemArmor; ArmorMaterialDaedric; ArmorHelmet; ArmorLight,0x0008F959; 0x0006BBD4; 0x0006C0EE; 0x0006BBD3,ArmorMaterialDaedric,ArmorHelmet,VendorItemArmor,0x0400B20B,,Armor\Dac0da\Cgt\hrdn\Red\ArcMaskRedGND.nif,
DoD,D:\Wabbajack\modlists\DoD,Diaries of Dibella - Lord's Vision,DAC0DA - English Translation,1191,DAc0da.esm,D:\Wabbajack\modlists\DoD\mods\DAC0DA - English Translation\DAc0da.esm,0x0400B20A,zDcdArmorArcanistMaskDark,Arcanist Mask (Shock),plugin,Light,Light,Light,0.0,100,1.0,Head; Hair; Circlet; Ears,30; 31; 42; 43,VendorItemArmor; ArmorMaterialDaedric; ArmorHelmet; ArmorLight,0x0008F959; 0x0006BBD4; 0x0006C0EE; 0x0006BBD3,ArmorMaterialDaedric,ArmorHelmet,VendorItemArmor,0x0400B20D,,Armor\Dac0da\Cgt\hrdn\dark\ArcMaskDarkGND.nif,
DoD,D:\Wabbajack\modlists\DoD,Diaries of Dibella - Lord's Vision,DAC0DA - English Translation,1191,DAc0da.esm,D:\Wabbajack\modlists\DoD\mods\DAC0DA - English Translation\DAc0da.esm,0x0400B410,zDcdArmorRevenantMoon,Revenant Moon,plugin,Light,Light,Light,0.0,600,1.0,Head; Hair; Circlet; Ears,30; 31; 42; 43,ArmorLight; VendorItemArmor; ArmorCuirass; ArmorMaterialDaedric,0x0006BBD3; 0x0008F959; 0x0006C0EC; 0x0006BBD4,ArmorMaterialDaedric,ArmorCuirass,VendorItemArmor,0x0400B412,,Clutter\SoulGem\SoulGemBlack01.nif,
DoD,D:\Wabbajack\modlists\DoD,Diaries of Dibella - Lord's Vision,DAC0DA - English Translation,1191,DAc0da.esm,D:\Wabbajack\modlists\DoD\mods\DAC0DA - English Translation\DAc0da.esm,0x040050AA,zDcdArmorScornMask,Mask of Scorn,plugin,Light,Light,Light,0.0,50,1.0,Head; Hair; Circlet; Ears,30; 31; 42; 43,VendorItemArmor; ArmorMaterialDaedric; ArmorHelmet; ArmorLight,0x0008F959; 0x0006BBD4; 0x0006C0EE; 0x0006BBD3,ArmorMaterialDaedric,ArmorHelmet,VendorItemArmor,0x040050AC,,Armor\Dac0da\Scorn\ScornMaskGND.nif,
DoD,D:\Wabbajack\modlists\DoD,Diaries of Dibella - Lord's Vision,Dac0da,1194,DAc0da.esm,D:\Wabbajack\modlists\DoD\mods\Dac0da\DAc0da.esm,0x040043E7,zDcdArmorChsBoots,Yaghra Chimera Boots,plugin,Heavy,Heavy,Heavy,0.0,85,4.0,Feet,37,ArmorHeavy; ArmorBoots; VendorItemArmor; ArmorMaterialDaedric,0x0006BBD2; 0x0006C0ED; 0x0008F959; 0x0006BBD4,ArmorMaterialDaedric,ArmorBoots,VendorItemArmor,,,Armor\Dac0da\Cgt\SK\chs\ChsBootsGND.nif,
DoD,D:\Wabbajack\modlists\DoD,Diaries of Dibella - Lord's Vision,Dac0da,1194,DAc0da.esm,D:\Wabbajack\modlists\DoD\mods\Dac0da\DAc0da.esm,0x040043E8,zDcdArmorChsCuirass,Yaghra Chimera Armor,plugin,Heavy,Heavy,Heavy,0.0,300,18.0,Body,32,ArmorHeavy; ArmorCuirass; VendorItemArmor; ArmorMaterialDaedric,0x0006BBD2; 0x0006C0EC; 0x0008F959; 0x0006BBD4,ArmorMaterialDaedric,ArmorCuirass,VendorItemArmor,,,Armor\Dac0da\Cgt\SK\chs\ChsCuirassGND.nif,
DoD,D:\Wabbajack\modlists\DoD,Diaries of Dibella - Lord's Vision,Dac0da,1194,DAc0da.esm,D:\Wabbajack\modlists\DoD\mods\Dac0da\DAc0da.esm,0x040043E9,zDcdArmorChsGauntlets,Yaghra Chimera Gauntlets,plugin,Heavy,Heavy,Heavy,0.0,75,3.0,Hands,33,ArmorHeavy; ArmorGauntlets; VendorItemArmor; ArmorMaterialDaedric,0x0006BBD2; 0x0006C0EF; 0x0008F959; 0x0006BBD4,ArmorMaterialDaedric,ArmorGauntlets,VendorItemArmor,,,Armor\Dac0da\Cgt\SK\chs\ChsGauntletsGND.nif,
DoD,D:\Wabbajack\modlists\DoD,Diaries of Dibella - Lord's Vision,Dac0da,1194,DAc0da.esm,D:\Wabbajack\modlists\DoD\mods\Dac0da\DAc0da.esm,0x040043EA,zDcdArmorChsHelmet,Yaghra Chimera Helmet,plugin,Heavy,Heavy,Heavy,0.0,90,5.0,Hair; Circlet,31; 42,ArmorHeavy; ArmorHelmet; VendorItemArmor; ArmorMaterialDaedric,0x0006BBD2; 0x0006C0EE; 0x0008F959; 0x0006BBD4,ArmorMaterialDaedric,ArmorHelmet,VendorItemArmor,,,Armor\Dac0da\Cgt\SK\chs\ChsHelmGND.nif,
DoD,D:\Wabbajack\modlists\DoD,Diaries of Dibella - Lord's Vision,Dac0da,1194,DAc0da.esm,D:\Wabbajack\modlists\DoD\mods\Dac0da\DAc0da.esm,0x040043EB,zDcdArmorChsMask,Yaghra Chimera Mask,plugin,Heavy,Heavy,Heavy,0.0,80,4.0,Circlet,42,ArmorHeavy; ArmorHelmet; VendorItemArmor; ArmorMaterialDaedric,0x0006BBD2; 0x0006C0EE; 0x0008F959; 0x0006BBD4,ArmorMaterialDaedric,ArmorHelmet,VendorItemArmor,,,Armor\Dac0da\Cgt\SK\chs\ChsMaskGND.nif,
DoD,D:\Wabbajack\modlists\DoD,Diaries of Dibella - Lord's Vision,Dac0da,1194,DAc0da.esm,D:\Wabbajack\modlists\DoD\mods\Dac0da\DAc0da.esm,0x040043F2,zDcdNpChsBoots,Yaghra Chimera Boots,plugin,Heavy,Heavy,Heavy,0.0,85,4.0,Feet,37,ArmorHeavy; ArmorBoots; VendorItemArmor; ArmorMaterialDaedric,0x0006BBD2; 0x0006C0ED; 0x0008F959; 0x0006BBD4,ArmorMaterialDaedric,ArmorBoots,VendorItemArmor,,,Armor\Dac0da\Cgt\SK\chs\ChsBootsGND.nif,
DoD,D:\Wabbajack\modlists\DoD,Diaries of Dibella - Lord's Vision,Dac0da,1194,DAc0da.esm,D:\Wabbajack\modlists\DoD\mods\Dac0da\DAc0da.esm,0x040043F3,zDcdNpChsCuirassUpperNaked,Yaghra Chimera Armor,plugin,Heavy,Heavy,Heavy,0.0,300,18.0,Body,32,ArmorHeavy; ArmorCuirass; VendorItemArmor; ArmorMaterialDaedric,0x0006BBD2; 0x0006C0EC; 0x0008F959; 0x0006BBD4,ArmorMaterialDaedric,ArmorCuirass,VendorItemArmor,,,Armor\Dac0da\Cgt\SK\chs\ChsCuirassGND.nif,
DoD,D:\Wabbajack\modlists\DoD,Diaries of Dibella - Lord's Vision,Dac0da,1194,DAc0da.esm,D:\Wabbajack\modlists\DoD\mods\Dac0da\DAc0da.esm,0x040043F4,zDcdNpChsGauntlets,Yaghra Chimera Gauntlets,plugin,Heavy,Heavy,Heavy,0.0,75,3.0,Hands,33,ArmorHeavy; ArmorGauntlets; VendorItemArmor; ArmorMaterialDaedric,0x0006BBD2; 0x0006C0EF; 0x0008F959; 0x0006BBD4,ArmorMaterialDaedric,ArmorGauntlets,VendorItemArmor,,,Armor\Dac0da\Cgt\SK\chs\ChsGauntletsGND.nif,
DoD,D:\Wabbajack\modlists\DoD,Diaries of Dibella - Lord's Vision,Dac0da,1194,DAc0da.esm,D:\Wabbajack\modlists\DoD\mods\Dac0da\DAc0da.esm,0x040043F8,zDcdArmorDemonShieldStone,Sleeping Hare Shield,plugin,Heavy,Heavy,,0.0,100,10.0,Shield,39,ArmorMaterialDaedric; VendorItemArmor; ArmorShield,0x0006BBD4; 0x0008F959; 0x000965B2,ArmorMaterialDaedric,ArmorShield,VendorItemArmor,0x040043FC,,Weapons\Dac0da\cgt\NkdS\DemonShieldStone.nif,
DoD,D:\Wabbajack\modlists\DoD,Diaries of Dibella - Lord's Vision,Dac0da,1194,DAc0da.esm,D:\Wabbajack\modlists\DoD\mods\Dac0da\DAc0da.esm,0x040043F9,zDcdArmorDemonShield,Hare Shield,plugin,Heavy,Heavy,,0.0,120,11.0,Shield,39,ArmorMaterialDaedric; VendorItemArmor; ArmorShield,0x0006BBD4; 0x0008F959; 0x000965B2,ArmorMaterialDaedric,ArmorShield,VendorItemArmor,0x040043FD,,Weapons\Dac0da\cgt\NkdS\DemonShield.nif,
DoD,D:\Wabbajack\modlists\DoD,Diaries of Dibella - Lord's Vision,Dac0da,1194,DAc0da.esm,D:\Wabbajack\modlists\DoD\mods\Dac0da\DAc0da.esm,0x040049D4,zDcdNpChsGauntletsRightOnly,Yaghra Chimera Gauntlets,plugin,Heavy,Heavy,Heavy,0.0,75,3.0,Hands,33,ArmorHeavy; ArmorGauntlets; VendorItemArmor; ArmorMaterialDaedric,0x0006BBD2; 0x0006C0EF; 0x0008F959; 0x0006BBD4,ArmorMaterialDaedric,ArmorGauntlets,VendorItemArmor,,,Armor\Dac0da\Cgt\SK\chs\ChsGauntletsGND.nif,
DoD,D:\Wabbajack\modlists\DoD,Diaries of Dibella - Lord's Vision,Dac0da,1194,DAc0da.esm,D:\Wabbajack\modlists\DoD\mods\Dac0da\DAc0da.esm,0x040060B3,zDcdArmorShieldTalismanWorm,Talisman of Worm,plugin,Light,Light,,0.0,100,0.1,Shield,39,ArmorShield; VendorItemArmor; ArmorMaterialDaedric,0x000965B2; 0x0008F959; 0x0006BBD4,ArmorMaterialDaedric,ArmorShield,VendorItemArmor,0x040060B6,,Armor\Dac0da\Talisman\TalismanNecromancyGo.nif,
DoD,D:\Wabbajack\modlists\DoD,Diaries of Dibella - Lord's Vision,Dac0da,1194,DAc0da.esm,D:\Wabbajack\modlists\DoD\mods\Dac0da\DAc0da.esm,0x040060B7,zDcdNpShieldTalismanWorm,Talisman of Worm,plugin,Light,Light,,0.0,100,0.1,Shield,39,ArmorShield; VendorItemArmor; ArmorMaterialDaedric,0x000965B2; 0x0008F959; 0x0006BBD4,ArmorMaterialDaedric,ArmorShield,VendorItemArmor,0x040060B6,,Armor\Dac0da\Talisman\TalismanNecromancyGo.nif,
DoD,D:\Wabbajack\modlists\DoD,Diaries of Dibella - Lord's Vision,Dac0da,1194,DAc0da.esm,D:\Wabbajack\modlists\DoD\mods\Dac0da\DAc0da.esm,0x0400858F,zDcdSpellbreaker,Mass-Produced Spellbreaker,plugin,Heavy,Heavy,,0.0,125,6.0,Shield,39,VendorItemDaedricArtifact; DaedricArtifact; MagicDisallowEnchanting; ArmorShield,0x000917E8; 0x000A8668; 0x000C27BD; 0x000965B2,,ArmorShield,VendorItemDaedricArtifact,0x000C51F7,,Armor\Spellbreaker\Spellbreaker.nif,
DoD,D:\Wabbajack\modlists\DoD,Diaries of Dibella - Lord's Vision,Dac0da,1194,DAc0da.esm,D:\Wabbajack\modlists\DoD\mods\Dac0da\DAc0da.esm,0x0400B207,zDcdArmorArcanistMask,Arcanist Mask,plugin,Light,Light,Light,0.0,100,1.0,Head; Hair; Circlet; Ears,30; 31; 42; 43,VendorItemArmor; ArmorMaterialDaedric; ArmorHelmet; ArmorLight,0x0008F959; 0x0006BBD4; 0x0006C0EE; 0x0006BBD3,ArmorMaterialDaedric,ArmorHelmet,VendorItemArmor,0x0400B20E,,Armor\Dac0da\Cgt\hrdn\Apo\ArcMaskGND.nif,
DoD,D:\Wabbajack\modlists\DoD,Diaries of Dibella - Lord's Vision,Dac0da,1194,DAc0da.esm,D:\Wabbajack\modlists\DoD\mods\Dac0da\DAc0da.esm,0x0400B208,zDcdArmorArcanistMaskBlue,Arcanist Mask (Ice),plugin,Light,Light,Light,0.0,100,1.0,Head; Hair; Circlet; Ears,30; 31; 42; 43,VendorItemArmor; ArmorMaterialDaedric; ArmorHelmet; ArmorLight,0x0008F959; 0x0006BBD4; 0x0006C0EE; 0x0006BBD3,ArmorMaterialDaedric,ArmorHelmet,VendorItemArmor,0x0400B20C,,Armor\Dac0da\Cgt\hrdn\Blue\ArcMaskBlueGND.nif,
DoD,D:\Wabbajack\modlists\DoD,Diaries of Dibella - Lord's Vision,Dac0da,1194,DAc0da.esm,D:\Wabbajack\modlists\DoD\mods\Dac0da\DAc0da.esm,0x0400B209,zDcdArmorArcanistMaskRed,Arcanist Mask (Fire),plugin,Light,Light,Light,0.0,100,1.0,Head; Hair; Circlet; Ears,30; 31; 42; 43,VendorItemArmor; ArmorMaterialDaedric; ArmorHelmet; ArmorLight,0x0008F959; 0x0006BBD4; 0x0006C0EE; 0x0006BBD3,ArmorMaterialDaedric,ArmorHelmet,VendorItemArmor,0x0400B20B,,Armor\Dac0da\Cgt\hrdn\Red\ArcMaskRedGND.nif,
DoD,D:\Wabbajack\modlists\DoD,Diaries of Dibella - Lord's Vision,Dac0da,1194,DAc0da.esm,D:\Wabbajack\modlists\DoD\mods\Dac0da\DAc0da.esm,0x0400B20A,zDcdArmorArcanistMaskDark,Arcanist Mask (Shock),plugin,Light,Light,Light,0.0,100,1.0,Head; Hair; Circlet; Ears,30; 31; 42; 43,VendorItemArmor; ArmorMaterialDaedric; ArmorHelmet; ArmorLight,0x0008F959; 0x0006BBD4; 0x0006C0EE; 0x0006BBD3,ArmorMaterialDaedric,ArmorHelmet,VendorItemArmor,0x0400B20D,,Armor\Dac0da\Cgt\hrdn\dark\ArcMaskDarkGND.nif,
DoD,D:\Wabbajack\modlists\DoD,Diaries of Dibella - Lord's Vision,Dac0da,1194,DAc0da.esm,D:\Wabbajack\modlists\DoD\mods\Dac0da\DAc0da.esm,0x0400B410,zDcdArmorRevenantMoon,Revenant Moon,plugin,Light,Light,Light,0.0,600,1.0,Head; Hair; Circlet; Ears,30; 31; 42; 43,ArmorLight; VendorItemArmor; ArmorCuirass; ArmorMaterialDaedric,0x0006BBD3; 0x0008F959; 0x0006C0EC; 0x0006BBD4,ArmorMaterialDaedric,ArmorCuirass,VendorItemArmor,0x0400B412,,Clutter\SoulGem\SoulGemBlack01.nif,
DoD,D:\Wabbajack\modlists\DoD,Diaries of Dibella - Lord's Vision,Dac0da,1194,DAc0da.esm,D:\Wabbajack\modlists\DoD\mods\Dac0da\DAc0da.esm,0x040050AA,zDcdArmorScornMask,Scorn Mask,plugin,Light,Light,Light,0.0,50,1.0,Head; Hair; Circlet; Ears,30; 31; 42; 43,VendorItemArmor; ArmorMaterialDaedric; ArmorHelmet; ArmorLight,0x0008F959; 0x0006BBD4; 0x0006C0EE; 0x0006BBD3,ArmorMaterialDaedric,ArmorHelmet,VendorItemArmor,0x040050AC,,Armor\Dac0da\Scorn\ScornMaskGND.nif,
DoD,D:\Wabbajack\modlists\DoD,Diaries of Dibella - Lord's Vision,The Gray Cowl of Nocturnal - 10th anniversary,1199,Gray Fox Cowl.esm,D:\Wabbajack\modlists\DoD\mods\The Gray Cowl of Nocturnal - 10th anniversary\Gray Fox Cowl.esm,0x0402DCA1,manny_GF_Armor_ImhotepCrown,Jagged Crown,plugin,Heavy,Heavy,Heavy,0.0,5000,9.0,Hair,31,ArmorHeavy; ArmorMaterialDaedric; ArmorHelmet; VendorItemArmor,0x0006BBD2; 0x0006BBD4; 0x0006C0EE; 0x0008F959,ArmorMaterialDaedric,ArmorHelmet,VendorItemArmor,,,Armor\BoneCrown\BoneCrownGO.nif,
DoD,D:\Wabbajack\modlists\DoD,Diaries of Dibella - Lord's Vision,The Gray Cowl of Nocturnal - 10th anniversary,1199,Gray Fox Cowl.esm,D:\Wabbajack\modlists\DoD\mods\The Gray Cowl of Nocturnal - 10th anniversary\Gray Fox Cowl.esm,0x04017AE5,manny_GF_Armor_GrayCowl,Gray Cowl of Nocturnal,plugin,Light,Light,Light,0.0,0,0.5,Hair; Circlet; Ears,31; 42; 43,ArmorLight; ArmorMaterialHide; ArmorHelmet; MagicDisallowEnchanting; DaedricArtifact; VendorItemDaedricArtifact,0x0006BBD3; 0x0006BBDD; 0x0006C0EE; 0x000C27BD; 0x000A8668; 0x000917E8,ArmorMaterialHide,ArmorHelmet,VendorItemDaedricArtifact,0x04020119,,manny_GF\Armor\GrayCowl\manny_GF_GrayCowl_GND.nif,
DoD,D:\Wabbajack\modlists\DoD,Diaries of Dibella - Lord's Vision,Siege at Icemoth,1204,Siege at Icemoth.esp,D:\Wabbajack\modlists\DoD\mods\Siege at Icemoth\Siege at Icemoth.esp,0x056F5DC4,HYORArmorDragonPriestMaskQuicksilverHelmet,Tovinaan,plugin,Heavy,Heavy,Heavy,0.0,320,9.0,Head; Circlet,30; 42,ArmorHeavy; ArmorMaterialDaedric; ArmorHelmet; VendorItemArmor; MagicDisallowEnchanting,0x0006BBD2; 0x0006BBD4; 0x0006C0EE; 0x0008F959; 0x000C27BD,ArmorMaterialDaedric,ArmorHelmet,VendorItemArmor,0x056F5DC7,,HyorkerIsle\Armor\DragonPriestHelms\dragonhelm_quicksilver_go.nif,HyorkerIsle\Armor\DragonPriestHelms\dragonhelm_quicksilver_go.nif
DoD,D:\Wabbajack\modlists\DoD,Diaries of Dibella - Lord's Vision,Sleepwalking Into A Nightmare - New Daedric Prince Quest,1207,NightmarePlane.esp,D:\Wabbajack\modlists\DoD\mods\Sleepwalking Into A Nightmare - New Daedric Prince Quest\NightmarePlane.esp,0x051017BE,aaaMBHelmetDefenseHeavy40,Helm Of Night's Guard,plugin,Heavy,Heavy,Heavy,0.0,1050,8.0,Hair; Long Hair; Circlet,31; 41; 42,ArmorHeavy; ArmorMaterialDragonplate; ArmorHelmet; VendorItemArmor; Survival_ArmorWarm; MagicDisallowEnchanting,0x0006BBD2; 0x0006BBD5; 0x0006C0EE; 0x0008F959; 0x01002ED9; 0x000C27BD,ArmorMaterialDragonplate,ArmorHelmet,VendorItemArmor,0x050B9D38,,aaaMB\Armor\VaerminaHelmet\Attack\VaerminaHelmet_GO.nif,
DoD,D:\Wabbajack\modlists\DoD,Diaries of Dibella - Lord's Vision,Sleepwalking Into A Nightmare - New Daedric Prince Quest,1207,NightmarePlane.esp,D:\Wabbajack\modlists\DoD\mods\Sleepwalking Into A Nightmare - New Daedric Prince Quest\NightmarePlane.esp,0x050B9D36,aaaMBHelmetDefenseLight01,Helm Of Night's Guard,plugin,Light,Light,Light,0.0,500,8.0,Hair; Long Hair; Circlet,31; 41; 42,Survival_ArmorWarm; ArmorMaterialDragonplate; ArmorHelmet; VendorItemArmor; ArmorLight; MagicDisallowEnchanting,0x01002ED9; 0x0006BBD5; 0x0006C0EE; 0x0008F959; 0x0006BBD3; 0x000C27BD,ArmorMaterialDragonplate,ArmorHelmet,VendorItemArmor,0x050B9D3F,,aaaMB\Armor\VaerminaHelmet\Attack\VaerminaHelmet_GO.nif,
DoD,D:\Wabbajack\modlists\DoD,Diaries of Dibella - Lord's Vision,Sleepwalking Into A Nightmare - New Daedric Prince Quest,1207,NightmarePlane.esp,D:\Wabbajack\modlists\DoD\mods\Sleepwalking Into A Nightmare - New Daedric Prince Quest\NightmarePlane.esp,0x051017BF,aaaMBHelmetAttackHeavy40,Helm Of Night's Edge,plugin,Heavy,Heavy,Heavy,0.0,1050,8.0,Hair; Long Hair; Circlet,31; 41; 42,ArmorHeavy; ArmorMaterialDragonplate; ArmorHelmet; VendorItemArmor; Survival_ArmorWarm; MagicDisallowEnchanting,0x0006BBD2; 0x0006BBD5; 0x0006C0EE; 0x0008F959; 0x01002ED9; 0x000C27BD,ArmorMaterialDragonplate,ArmorHelmet,VendorItemArmor,0x050B9D45,,aaaMB\Armor\VaerminaHelmet\Attack\VaerminaHelmet_GO.nif,
DoD,D:\Wabbajack\modlists\DoD,Diaries of Dibella - Lord's Vision,Sleepwalking Into A Nightmare - New Daedric Prince Quest,1207,NightmarePlane.esp,D:\Wabbajack\modlists\DoD\mods\Sleepwalking Into A Nightmare - New Daedric Prince Quest\NightmarePlane.esp,0x051017B4,aaaMBHelmetSneakLight25,Helm Of The Night Haunter,plugin,Light,Light,Light,0.0,750,8.0,Hair; Long Hair; Circlet,31; 41; 42,Survival_ArmorWarm; ArmorMaterialDragonplate; ArmorHelmet; VendorItemArmor; ArmorLight; MagicDisallowEnchanting,0x01002ED9; 0x0006BBD5; 0x0006C0EE; 0x0008F959; 0x0006BBD3; 0x000C27BD,ArmorMaterialDragonplate,ArmorHelmet,VendorItemArmor,0x050B9D4A,,aaaMB\Armor\VaerminaHelmet\Attack\VaerminaHelmet_GO.nif,
DoD,D:\Wabbajack\modlists\DoD,Diaries of Dibella - Lord's Vision,Sleepwalking Into A Nightmare - New Daedric Prince Quest,1207,NightmarePlane.esp,D:\Wabbajack\modlists\DoD\mods\Sleepwalking Into A Nightmare - New Daedric Prince Quest\NightmarePlane.esp,0x050CE1B4,aaaMBRing01,Daybreak's Embrace,plugin,Clothing,Clothing,,0.0,35,0.25,Ring,36,ArmorJewelry; VendorItemJewelry; ClothingRing; MagicDisallowEnchanting,0x0006BBE9; 0x0008F95A; 0x0010CD09; 0x000C27BD,,ClothingRing,VendorItemJewelry,0x051C2E37,,aaaMB\JadeRing\Ring_gnd.nif,
DoD,D:\Wabbajack\modlists\DoD,Diaries of Dibella - Lord's Vision,Sleepwalking Into A Nightmare - New Daedric Prince Quest,1207,NightmarePlane.esp,D:\Wabbajack\modlists\DoD\mods\Sleepwalking Into A Nightmare - New Daedric Prince Quest\NightmarePlane.esp,0x050A0443,aaaMBHelmetAttackHeavy01,Helm Of Night's Edge,plugin,Heavy,Heavy,Heavy,0.0,500,8.0,Hair; Long Hair; Circlet,31; 41; 42,ArmorHeavy; ArmorMaterialDragonplate; ArmorHelmet; VendorItemArmor; Survival_ArmorWarm; MagicDisallowEnchanting,0x0006BBD2; 0x0006BBD5; 0x0006C0EE; 0x0008F959; 0x01002ED9; 0x000C27BD,ArmorMaterialDragonplate,ArmorHelmet,VendorItemArmor,0x051017C2,,aaaMB\Armor\VaerminaHelmet\Attack\VaerminaHelmet_GO.nif,
DoD,D:\Wabbajack\modlists\DoD,Diaries of Dibella - Lord's Vision,Sleepwalking Into A Nightmare - New Daedric Prince Quest,1207,NightmarePlane.esp,D:\Wabbajack\modlists\DoD\mods\Sleepwalking Into A Nightmare - New Daedric Prince Quest\NightmarePlane.esp,0x050B9D37,aaaMBHelmetSneakLight01,Helm Of The Night Haunter,plugin,Light,Light,Light,0.0,500,8.0,Hair; Long Hair; Circlet,31; 41; 42,Survival_ArmorWarm; ArmorMaterialDragonplate; ArmorHelmet; VendorItemArmor; ArmorLight; MagicDisallowEnchanting,0x01002ED9; 0x0006BBD5; 0x0006C0EE; 0x0008F959; 0x0006BBD3; 0x000C27BD,ArmorMaterialDragonplate,ArmorHelmet,VendorItemArmor,0x051017CC,,aaaMB\Armor\VaerminaHelmet\Attack\VaerminaHelmet_GO.nif,
DoD,D:\Wabbajack\modlists\DoD,Diaries of Dibella - Lord's Vision,Sleepwalking Into A Nightmare - New Daedric Prince Quest,1207,NightmarePlane.esp,D:\Wabbajack\modlists\DoD\mods\Sleepwalking Into A Nightmare - New Daedric Prince Quest\NightmarePlane.esp,0x051017BD,aaaMBHelmetSneakHeavy40,Helm Of The Night Haunter,plugin,Heavy,Heavy,Heavy,0.0,1050,8.0,Hair; Long Hair; Circlet,31; 41; 42,ArmorHeavy; ArmorMaterialDragonplate; ArmorHelmet; VendorItemArmor; Survival_ArmorWarm; MagicDisallowEnchanting,0x0006BBD2; 0x0006BBD5; 0x0006C0EE; 0x0008F959; 0x01002ED9; 0x000C27BD,ArmorMaterialDragonplate,ArmorHelmet,VendorItemArmor,0x051017CE,,aaaMB\Armor\VaerminaHelmet\Attack\VaerminaHelmet_GO.nif,
DoD,D:\Wabbajack\modlists\DoD,Diaries of Dibella - Lord's Vision,Sleepwalking Into A Nightmare - New Daedric Prince Quest,1207,NightmarePlane.esp,D:\Wabbajack\modlists\DoD\mods\Sleepwalking Into A Nightmare - New Daedric Prince Quest\NightmarePlane.esp,0x051017B5,aaaMBHelmetAttackLight25,Helm Of Night's Edge,plugin,Light,Light,Light,0.0,750,8.0,Hair; Long Hair; Circlet,31; 41; 42,Survival_ArmorWarm; ArmorMaterialDragonplate; ArmorHelmet; VendorItemArmor; ArmorLight; MagicDisallowEnchanting,0x01002ED9; 0x0006BBD5; 0x0006C0EE; 0x0008F959; 0x0006BBD3; 0x000C27BD,ArmorMaterialDragonplate,ArmorHelmet,VendorItemArmor,0x051017C0,,aaaMB\Armor\VaerminaHelmet\Attack\VaerminaHelmet_GO.nif,
DoD,D:\Wabbajack\modlists\DoD,Diaries of Dibella - Lord's Vision,Sleepwalking Into A Nightmare - New Daedric Prince Quest,1207,NightmarePlane.esp,D:\Wabbajack\modlists\DoD\mods\Sleepwalking Into A Nightmare - New Daedric Prince Quest\NightmarePlane.esp,0x050B9D33,aaaMBHelmetAttackLight01,Helm Of Night's Edge,plugin,Light,Light,Light,0.0,500,8.0,Hair; Long Hair; Circlet,31; 41; 42,Survival_ArmorWarm; ArmorMaterialDragonplate; ArmorHelmet; VendorItemArmor; ArmorLight; MagicDisallowEnchanting,0x01002ED9; 0x0006BBD5; 0x0006C0EE; 0x0008F959; 0x0006BBD3; 0x000C27BD,ArmorMaterialDragonplate,ArmorHelmet,VendorItemArmor,0x051017C2,,aaaMB\Armor\VaerminaHelmet\Attack\VaerminaHelmet_GO.nif,
DoD,D:\Wabbajack\modlists\DoD,Diaries of Dibella - Lord's Vision,Sleepwalking Into A Nightmare - New Daedric Prince Quest,1207,NightmarePlane.esp,D:\Wabbajack\modlists\DoD\mods\Sleepwalking Into A Nightmare - New Daedric Prince Quest\NightmarePlane.esp,0x051017BC,aaaMBHelmetSneakHeavy25,Helm Of The Night Haunter,plugin,Heavy,Heavy,Heavy,0.0,750,8.0,Hair; Long Hair; Circlet,31; 41; 42,ArmorHeavy; ArmorMaterialDragonplate; ArmorHelmet; VendorItemArmor; Survival_ArmorWarm; MagicDisallowEnchanting,0x0006BBD2; 0x0006BBD5; 0x0006C0EE; 0x0008F959; 0x01002ED9; 0x000C27BD,ArmorMaterialDragonplate,ArmorHelmet,VendorItemArmor,0x050B9D4A,,aaaMB\Armor\VaerminaHelmet\Attack\VaerminaHelmet_GO.nif,
DoD,D:\Wabbajack\modlists\DoD,Diaries of Dibella - Lord's Vision,Sleepwalking Into A Nightmare - New Daedric Prince Quest,1207,NightmarePlane.esp,D:\Wabbajack\modlists\DoD\mods\Sleepwalking Into A Nightmare - New Daedric Prince Quest\NightmarePlane.esp,0x050B9D35,aaaMBHelmetSneakHeavy01,Helm Of The Night Haunter,plugin,Heavy,Heavy,Heavy,0.0,500,8.0,Hair; Long Hair; Circlet,31; 41; 42,ArmorHeavy; ArmorMaterialDragonplate; ArmorHelmet; VendorItemArmor; Survival_ArmorWarm; MagicDisallowEnchanting,0x0006BBD2; 0x0006BBD5; 0x0006C0EE; 0x0008F959; 0x01002ED9; 0x000C27BD,ArmorMaterialDragonplate,ArmorHelmet,VendorItemArmor,0x051017CC,,aaaMB\Armor\VaerminaHelmet\Attack\VaerminaHelmet_GO.nif,
DoD,D:\Wabbajack\modlists\DoD,Diaries of Dibella - Lord's Vision,Sleepwalking Into A Nightmare - New Daedric Prince Quest,1207,NightmarePlane.esp,D:\Wabbajack\modlists\DoD\mods\Sleepwalking Into A Nightmare - New Daedric Prince Quest\NightmarePlane.esp,0x0515D725,aaaMBHelmetLotus,LotusHelm,plugin,Light,Light,Light,0.0,0,0.0,Hair; Long Hair; Circlet,31; 41; 42,Survival_ArmorWarm; ArmorMaterialDragonplate; ArmorHelmet; VendorItemArmor; ArmorLight; MagicDisallowEnchanting,0x01002ED9; 0x0006BBD5; 0x0006C0EE; 0x0008F959; 0x0006BBD3; 0x000C27BD,ArmorMaterialDragonplate,ArmorHelmet,VendorItemArmor,,,aaaMB\Armor\VaerminaHelmet\Attack\VaerminaHelmet_GO.nif,
DoD,D:\Wabbajack\modlists\DoD,Diaries of Dibella - Lord's Vision,Sleepwalking Into A Nightmare - New Daedric Prince Quest,1207,NightmarePlane.esp,D:\Wabbajack\modlists\DoD\mods\Sleepwalking Into A Nightmare - New Daedric Prince Quest\NightmarePlane.esp,0x051C2E3F,aaaMBRing20,Daybreak's Embrace,plugin,Clothing,Clothing,,0.0,35,0.25,Ring,36,ArmorJewelry; VendorItemJewelry; ClothingRing; MagicDisallowEnchanting,0x0006BBE9; 0x0008F95A; 0x0010CD09; 0x000C27BD,,ClothingRing,VendorItemJewelry,0x051C2E39,,aaaMB\JadeRing\Ring_gnd.nif,
DoD,D:\Wabbajack\modlists\DoD,Diaries of Dibella - Lord's Vision,Sleepwalking Into A Nightmare - New Daedric Prince Quest,1207,NightmarePlane.esp,D:\Wabbajack\modlists\DoD\mods\Sleepwalking Into A Nightmare - New Daedric Prince Quest\NightmarePlane.esp,0x051C2E41,aaaMBRing40,Daybreak's Embrace,plugin,Clothing,Clothing,,0.0,35,0.25,Ring,36,ArmorJewelry; VendorItemJewelry; ClothingRing; MagicDisallowEnchanting,0x0006BBE9; 0x0008F95A; 0x0010CD09; 0x000C27BD,,ClothingRing,VendorItemJewelry,0x051C2E3D,,aaaMB\JadeRing\Ring_gnd.nif,
DoD,D:\Wabbajack\modlists\DoD,Diaries of Dibella - Lord's Vision,Sleepwalking Into A Nightmare - New Daedric Prince Quest,1207,NightmarePlane.esp,D:\Wabbajack\modlists\DoD\mods\Sleepwalking Into A Nightmare - New Daedric Prince Quest\NightmarePlane.esp,0x050B9D34,aaaMBHelmetDefenseHeavy01,Helm Of Night's Guard,plugin,Heavy,Heavy,Heavy,0.0,500,8.0,Hair; Long Hair; Circlet,31; 41; 42,ArmorHeavy; ArmorMaterialDragonplate; ArmorHelmet; VendorItemArmor; Survival_ArmorWarm; MagicDisallowEnchanting,0x0006BBD2; 0x0006BBD5; 0x0006C0EE; 0x0008F959; 0x01002ED9; 0x000C27BD,ArmorMaterialDragonplate,ArmorHelmet,VendorItemArmor,0x051017C6,,aaaMB\Armor\VaerminaHelmet\Attack\VaerminaHelmet_GO.nif,
DoD,D:\Wabbajack\modlists\DoD,Diaries of Dibella - Lord's Vision,Sleepwalking Into A Nightmare - New Daedric Prince Quest,1207,NightmarePlane.esp,D:\Wabbajack\modlists\DoD\mods\Sleepwalking Into A Nightmare - New Daedric Prince Quest\NightmarePlane.esp,0x051C2E40,aaaMBRing30,Daybreak's Embrace,plugin,Clothing,Clothing,,0.0,35,0.25,Ring,36,ArmorJewelry; VendorItemJewelry; ClothingRing; MagicDisallowEnchanting,0x0006BBE9; 0x0008F95A; 0x0010CD09; 0x000C27BD,,ClothingRing,VendorItemJewelry,0x051C2E3B,,aaaMB\JadeRing\Ring_gnd.nif,
DoD,D:\Wabbajack\modlists\DoD,Diaries of Dibella - Lord's Vision,Sleepwalking Into A Nightmare - New Daedric Prince Quest,1207,NightmarePlane.esp,D:\Wabbajack\modlists\DoD\mods\Sleepwalking Into A Nightmare - New Daedric Prince Quest\NightmarePlane.esp,0x0515D727,aaaMBLotusRobes,Black Robes,plugin,Clothing,Clothing,Clothing,0.0,5,1.0,Body,32,ArmorClothing; VendorItemClothing; ClothingBody,0x0006BBE8; 0x0008F95B; 0x000A8657,,ClothingBody,VendorItemClothing,,,Clothes\Warlock\WarlockRobesGND.nif,Clothes\Warlock\WarlockRobesGND.nif
DoD,D:\Wabbajack\modlists\DoD,Diaries of Dibella - Lord's Vision,Sleepwalking Into A Nightmare - New Daedric Prince Quest,1207,NightmarePlane.esp,D:\Wabbajack\modlists\DoD\mods\Sleepwalking Into A Nightmare - New Daedric Prince Quest\NightmarePlane.esp,0x051017BA,aaaMBHelmetAttackHeavy25,Helm Of Night's Edge,plugin,Heavy,Heavy,Heavy,0.0,750,8.0,Hair; Long Hair; Circlet,31; 41; 42,ArmorHeavy; ArmorMaterialDragonplate; ArmorHelmet; VendorItemArmor; Survival_ArmorWarm; MagicDisallowEnchanting,0x0006BBD2; 0x0006BBD5; 0x0006C0EE; 0x0008F959; 0x01002ED9; 0x000C27BD,ArmorMaterialDragonplate,ArmorHelmet,VendorItemArmor,0x051017C0,,aaaMB\Armor\VaerminaHelmet\Attack\VaerminaHelmet_GO.nif,
DoD,D:\Wabbajack\modlists\DoD,Diaries of Dibella - Lord's Vision,Sleepwalking Into A Nightmare - New Daedric Prince Quest,1207,NightmarePlane.esp,D:\Wabbajack\modlists\DoD\mods\Sleepwalking Into A Nightmare - New Daedric Prince Quest\NightmarePlane.esp,0x051017BB,aaaMBHelmetDefenseHeavy25,Helm Of Night's Guard,plugin,Heavy,Heavy,Heavy,0.0,650,8.0,Hair; Long Hair; Circlet,31; 41; 42,ArmorHeavy; ArmorMaterialDragonplate; ArmorHelmet; VendorItemArmor; Survival_ArmorWarm; MagicDisallowEnchanting,0x0006BBD2; 0x0006BBD5; 0x0006C0EE; 0x0008F959; 0x01002ED9; 0x000C27BD,ArmorMaterialDragonplate,ArmorHelmet,VendorItemArmor,0x051017C4,,aaaMB\Armor\VaerminaHelmet\Attack\VaerminaHelmet_GO.nif,
DoD,D:\Wabbajack\modlists\DoD,Diaries of Dibella - Lord's Vision,Sleepwalking Into A Nightmare - New Daedric Prince Quest,1207,NightmarePlane.esp,D:\Wabbajack\modlists\DoD\mods\Sleepwalking Into A Nightmare - New Daedric Prince Quest\NightmarePlane.esp,0x051017B6,aaaMBHelmetDefenseLight25,Helm Of Night's Guard,plugin,Light,Light,Light,0.0,750,8.0,Hair; Long Hair; Circlet,31; 41; 42,Survival_ArmorWarm; ArmorMaterialDragonplate; ArmorHelmet; VendorItemArmor; ArmorLight; MagicDisallowEnchanting,0x01002ED9; 0x0006BBD5; 0x0006C0EE; 0x0008F959; 0x0006BBD3; 0x000C27BD,ArmorMaterialDragonplate,ArmorHelmet,VendorItemArmor,0x051017C8,,aaaMB\Armor\VaerminaHelmet\Attack\VaerminaHelmet_GO.nif,
DoD,D:\Wabbajack\modlists\DoD,Diaries of Dibella - Lord's Vision,Sleepwalking Into A Nightmare - New Daedric Prince Quest,1207,NightmarePlane.esp,D:\Wabbajack\modlists\DoD\mods\Sleepwalking Into A Nightmare - New Daedric Prince Quest\NightmarePlane.esp,0x05144100,aaaMBArmorStormcloakBoots,Fur Boots,plugin,Light,Light,Light,0.0,5,2.0,Feet,37,ArmorLight; VendorItemArmor; ArmorBoots; ArmorMaterialStormcloak; Survival_ArmorWarm,0x0006BBD3; 0x0008F959; 0x0006C0ED; 0x000AC13A; 0x01002ED9,ArmorMaterialStormcloak,ArmorBoots,VendorItemArmor,,,Armor\StormCloaks\BootsGO.nif,
DoD,D:\Wabbajack\modlists\DoD,Diaries of Dibella - Lord's Vision,Sleepwalking Into A Nightmare - New Daedric Prince Quest,1207,NightmarePlane.esp,D:\Wabbajack\modlists\DoD\mods\Sleepwalking Into A Nightmare - New Daedric Prince Quest\NightmarePlane.esp,0x051017B7,aaaMBHelmetDefenseLight40,Helm Of Night's Guard,plugin,Light,Light,Light,0.0,1050,8.0,Hair; Long Hair; Circlet,31; 41; 42,Survival_ArmorWarm; ArmorMaterialDragonplate; ArmorHelmet; VendorItemArmor; ArmorLight; MagicDisallowEnchanting,0x01002ED9; 0x0006BBD5; 0x0006C0EE; 0x0008F959; 0x0006BBD3; 0x000C27BD,ArmorMaterialDragonplate,ArmorHelmet,VendorItemArmor,0x051017CA,,aaaMB\Armor\VaerminaHelmet\Attack\VaerminaHelmet_GO.nif,
DoD,D:\Wabbajack\modlists\DoD,Diaries of Dibella - Lord's Vision,Sleepwalking Into A Nightmare - New Daedric Prince Quest,1207,NightmarePlane.esp,D:\Wabbajack\modlists\DoD\mods\Sleepwalking Into A Nightmare - New Daedric Prince Quest\NightmarePlane.esp,0x051017B8,aaaMBHelmetAttackLight40,Helm Of Night's Edge,plugin,Light,Light,Light,0.0,1050,8.0,Hair; Long Hair; Circlet,31; 41; 42,Survival_ArmorWarm; ArmorMaterialDragonplate; ArmorHelmet; VendorItemArmor; ArmorLight; MagicDisallowEnchanting,0x01002ED9; 0x0006BBD5; 0x0006C0EE; 0x0008F959; 0x0006BBD3; 0x000C27BD,ArmorMaterialDragonplate,ArmorHelmet,VendorItemArmor,0x050B9D45,,aaaMB\Armor\VaerminaHelmet\Attack\VaerminaHelmet_GO.nif,
DoD,D:\Wabbajack\modlists\DoD,Diaries of Dibella - Lord's Vision,Sleepwalking Into A Nightmare - New Daedric Prince Quest,1207,NightmarePlane.esp,D:\Wabbajack\modlists\DoD\mods\Sleepwalking Into A Nightmare - New Daedric Prince Quest\NightmarePlane.esp,0x051017B9,aaaMBHelmetSneakLight40,Helm Of The Night Haunter,plugin,Light,Light,Light,0.0,1050,8.0,Hair; Long Hair; Circlet,31; 41; 42,Survival_ArmorWarm; ArmorMaterialDragonplate; ArmorHelmet; VendorItemArmor; ArmorLight; MagicDisallowEnchanting,0x01002ED9; 0x0006BBD5; 0x0006C0EE; 0x0008F959; 0x0006BBD3; 0x000C27BD,ArmorMaterialDragonplate,ArmorHelmet,VendorItemArmor,0x051017CE,,aaaMB\Armor\VaerminaHelmet\Attack\VaerminaHelmet_GO.nif,
DoD,D:\Wabbajack\modlists\DoD,Diaries of Dibella - Lord's Vision,Sleepwalking Into A Nightmare - New Daedric Prince Quest,1207,NightmarePlane.esp,D:\Wabbajack\modlists\DoD\mods\Sleepwalking Into A Nightmare - New Daedric Prince Quest\NightmarePlane.esp,0x05144101,aaaMBArmorGuardShieldRiften,Riften Guard's Shield,plugin,Heavy,Heavy,,0.0,40,3.0,Shield,39,ArmorMaterialIron; VendorItemArmor; ArmorShield,0x0006BBE3; 0x0008F959; 0x000965B2,ArmorMaterialIron,ArmorShield,VendorItemArmor,,,Armor\StormCloaks\shield3rd.nif,
DoD,D:\Wabbajack\modlists\DoD,Diaries of Dibella - Lord's Vision,Sleepwalking Into A Nightmare - New Daedric Prince Quest,1207,NightmarePlane.esp,D:\Wabbajack\modlists\DoD\mods\Sleepwalking Into A Nightmare - New Daedric Prince Quest\NightmarePlane.esp,0x0515D728,aaaMBLotusBoots,Boots,plugin,Clothing,Clothing,Clothing,0.0,2,1.0,Feet,37,ArmorClothing; VendorItemClothing; ClothingFeet,0x0006BBE8; 0x0008F95B; 0x0010CD12,,ClothingFeet,VendorItemClothing,,,Clothes\FarmClothes04\bootsGO.nif,
DoD,D:\Wabbajack\modlists\DoD,Diaries of Dibella - Lord's Vision,Sleepwalking Into A Nightmare - New Daedric Prince Quest,1207,NightmarePlane.esp,D:\Wabbajack\modlists\DoD\mods\Sleepwalking Into A Nightmare - New Daedric Prince Quest\NightmarePlane.esp,0x05144102,aaaMBArmorGuardHelmetFullRift,Riften Guard's Helmet,plugin,Light,Light,Light,0.0,35,2.0,Head; Hair; Circlet; Ears,30; 31; 42; 43,ArmorLight; VendorItemArmor; ArmorHelmet,0x0006BBD3; 0x0008F959; 0x0006C0EE,,ArmorHelmet,VendorItemArmor,,,Armor\StormCloaks\HelmetGO.nif,
DoD,D:\Wabbajack\modlists\DoD,Diaries of Dibella - Lord's Vision,Sleepwalking Into A Nightmare - New Daedric Prince Quest,1207,NightmarePlane.esp,D:\Wabbajack\modlists\DoD\mods\Sleepwalking Into A Nightmare - New Daedric Prince Quest\NightmarePlane.esp,0x05144103,aaaMBArmorGuardCuirassRiften,Riften Guard's Armor,plugin,Light,Light,Light,0.0,75,6.0,Body,32,ArmorLight; VendorItemArmor; ArmorCuirass,0x0006BBD3; 0x0008F959; 0x0006C0EC,,ArmorCuirass,VendorItemArmor,,,Armor\StormCloaks\CuirassGO.nif,
DoD,D:\Wabbajack\modlists\DoD,Diaries of Dibella - Lord's Vision,The Tools of Kagrenac,1236,Tools of Kagrenac.esp,D:\Wabbajack\modlists\DoD\mods\The Tools of Kagrenac\Tools of Kagrenac.esp,0x04293AE1,TOK_ARMO_AetherialGauntlets,Aetherial Gauntlets,plugin,Heavy,Heavy,Heavy,0.0,1500,8.0,Hands,33,ArmorHeavy; ArmorMaterialDwarven; ArmorGauntlets; VendorItemArmor; TOK_KYWD_ArmorAetherial; MagicDisallowEnchanting; PerkFistsDaedric; Survival_ArmorWarm,0x0006BBD2; 0x0006BBD7; 0x0006C0EF; 0x0008F959; 0x040C62C3; 0x000C27BD; 0x0002C17B; 0x01002ED9,ArmorMaterialDwarven,ArmorGauntlets,VendorItemArmor,0x04293AE3,,armor\dwarvenpwr\dwarvengauntletsgo.nif,
DoD,D:\Wabbajack\modlists\DoD,Diaries of Dibella - Lord's Vision,The Choice is Yours,1260,TheChoiceIsYours.esp,D:\Wabbajack\modlists\DoD\mods\The Choice is Yours\TheChoiceIsYours.esp,0x04008400,KRY_DA02ArmorMBGauntlets,Hands of Coldharbour,plugin,Heavy,Heavy,Heavy,0.0,2000,6.0,Hands,33,PerkFistsDaedric; ArmorHeavy; ArmorMaterialDaedric; ArmorGauntlets; VendorItemDaedricArtifact; DaedricArtifact; MagicDisallowEnchanting,0x0002C17B; 0x0006BBD2; 0x0006BBD4; 0x0006C0EF; 0x000917E8; 0x000A8668; 0x000C27BD,ArmorMaterialDaedric,ArmorGauntlets,VendorItemDaedricArtifact,0x040083FC,,Armor\Daedric\DaedricGauntletsGO.nif,
DoD,D:\Wabbajack\modlists\DoD,Diaries of Dibella - Lord's Vision,Guard Dialogue Overhaul SE,1269,Guard Dialogue Overhaul.esp,D:\Wabbajack\modlists\DoD\mods\Guard Dialogue Overhaul SE\Guard Dialogue Overhaul.esp,0x0001396B,ArmorDaedricCuirass,Daedric Armor,plugin,Heavy,Heavy,Heavy,0.0,3200,50.0,Body,32,ArmorHeavy; ArmorMaterialDaedric; ArmorCuirass; VendorItemArmor; SPIKEArmorFancyBlack; Survival_ArmorWarm,0x0006BBD2; 0x0006BBD4; 0x0006C0EC; 0x0008F959; 0x01DA010D; 0x01002ED9,ArmorMaterialDaedric,ArmorCuirass,VendorItemArmor,,,Armor\Daedric\DaedricCuirassGO.nif,
DoD,D:\Wabbajack\modlists\DoD,Diaries of Dibella - Lord's Vision,Skyrim on Skooma,1428,Skyrim On Skooma.esp,D:\Wabbajack\modlists\DoD\mods\Skyrim on Skooma\Skyrim On Skooma.esp,0x05000DA8,SOS_ArmorPBDaedricBoots,Moon Daedric Boots,plugin,Heavy,Heavy,Heavy,0.0,625,9.0,Feet,37,ArmorHeavy; ArmorMaterialDaedric; ArmorBoots; VendorItemArmor; Survival_ArmorWarm,0x0006BBD2; 0x0006BBD4; 0x0006C0ED; 0x0008F959; 0x01002ED9,ArmorMaterialDaedric,ArmorBoots,VendorItemArmor,,,armor\BubblegumPinkDaedric\daedricbootsgo.nif,
DoD,D:\Wabbajack\modlists\DoD,Diaries of Dibella - Lord's Vision,Skyrim on Skooma,1428,Skyrim On Skooma.esp,D:\Wabbajack\modlists\DoD\mods\Skyrim on Skooma\Skyrim On Skooma.esp,0x05000DA9,SOS_ArmorPBDaedricCuirass,Moon Daedric Armor,plugin,Heavy,Heavy,Heavy,0.0,3200,45.0,Body,32,ArmorHeavy; ArmorMaterialDaedric; ArmorCuirass; VendorItemArmor; Survival_ArmorWarm,0x0006BBD2; 0x0006BBD4; 0x0006C0EC; 0x0008F959; 0x01002ED9,ArmorMaterialDaedric,ArmorCuirass,VendorItemArmor,,,armor\BubblegumPinkDaedric\daedriccuirassgo.nif,
DoD,D:\Wabbajack\modlists\DoD,Diaries of Dibella - Lord's Vision,Skyrim on Skooma,1428,Skyrim On Skooma.esp,D:\Wabbajack\modlists\DoD\mods\Skyrim on Skooma\Skyrim On Skooma.esp,0x05000DAA,SOS_ArmorPBDaedricGauntlets,Moon Daedric Gauntlets,plugin,Heavy,Heavy,Heavy,0.0,625,5.0,Hands,33,PerkFistsDaedric; ArmorHeavy; ArmorMaterialDaedric; ArmorGauntlets; VendorItemArmor; Survival_ArmorWarm,0x0002C17B; 0x0006BBD2; 0x0006BBD4; 0x0006C0EF; 0x0008F959; 0x01002ED9,ArmorMaterialDaedric,ArmorGauntlets,VendorItemArmor,,,armor\BubblegumPinkDaedric\daedricgauntletsgo.nif,
DoD,D:\Wabbajack\modlists\DoD,Diaries of Dibella - Lord's Vision,Skyrim on Skooma,1428,Skyrim On Skooma.esp,D:\Wabbajack\modlists\DoD\mods\Skyrim on Skooma\Skyrim On Skooma.esp,0x05000DAB,SOS_ArmorPBCrownDaedric,Moon Daedric Crown,plugin,Heavy,Heavy,Heavy,0.0,1600,10.0,Circlet,42,ArmorHeavy; ArmorMaterialDaedric; ArmorHelmet; VendorItemArmor; Survival_ArmorCold,0x0006BBD2; 0x0006BBD4; 0x0006C0EE; 0x0008F959; 0x01002ED8,ArmorMaterialDaedric,ArmorHelmet,VendorItemArmor,,,armor\BubblegumPinkDaedric\CrownDaedricGO.nif,
DoD,D:\Wabbajack\modlists\DoD,Diaries of Dibella - Lord's Vision,JS Unique Utopia SE - Rings,1510,JS Unique Utopia SE - Rings - Johnskyrim.esp,D:\Wabbajack\modlists\DoD\mods\JS Unique Utopia SE - Rings\JS Unique Utopia SE - Rings - Johnskyrim.esp,0x0002AC60,DA05HircinesRing,Ring of Hircine,plugin,Clothing,Clothing,,0.0,400,0.25,Ring,36,ArmorJewelry; VendorItemDaedricArtifact; DaedricArtifact; MagicDisallowEnchanting,0x0006BBE9; 0x000917E8; 0x000A8668; 0x000C27BD,,,VendorItemDaedricArtifact,0x000F8301,,johnskyrim\uniques\rings\hircine\hircine_GO.nif,
DoD,D:\Wabbajack\modlists\DoD,Diaries of Dibella - Lord's Vision,JS Unique Utopia SE - Rings,1510,JS Unique Utopia SE - Rings - Johnskyrim.esp,D:\Wabbajack\modlists\DoD\mods\JS Unique Utopia SE - Rings\JS Unique Utopia SE - Rings - Johnskyrim.esp,0x0002C37B,DA11RingofNamira,Ring of Namira,plugin,Clothing,Clothing,,0.0,500,0.25,Ring,36,ArmorJewelry; VendorItemDaedricArtifact; DaedricArtifact; MagicDisallowEnchanting,0x0006BBE9; 0x000917E8; 0x000A8668; 0x000C27BD,,,VendorItemDaedricArtifact,0x00091AE8,,johnskyrim\uniques\rings\namira\ringofnamira_GO.nif,
DoD,D:\Wabbajack\modlists\DoD,Diaries of Dibella - Lord's Vision,JS Unique Utopia SE - Rings,1510,JS Unique Utopia SE - Rings - Johnskyrim.esp,D:\Wabbajack\modlists\DoD\mods\JS Unique Utopia SE - Rings\JS Unique Utopia SE - Rings - Johnskyrim.esp,0x000F82FE,DA05HircinesRingCursed,Cursed Ring of Hircine,plugin,Clothing,Clothing,,0.0,50,0.25,Ring,36,ArmorJewelry; VendorItemDaedricArtifact; DaedricArtifact; MagicDisallowEnchanting,0x0006BBE9; 0x000917E8; 0x000A8668; 0x000C27BD,,,VendorItemDaedricArtifact,,,johnskyrim\uniques\rings\hircine\hircine_GO.nif,
DoD,D:\Wabbajack\modlists\DoD,Diaries of Dibella - Lord's Vision,Ultra Shields,1512,Ultra Shields.esp,D:\Wabbajack\modlists\DoD\mods\Ultra Shields\Ultra Shields.esp,0x0500081F,Large_ArmorDaedricShield_FX,Daedric Greatshield,plugin,Heavy,Heavy,,0.0,1650,30.0,Shield,39,ArmorMaterialDaedric; VendorItemArmor; ArmorShield; ArmorLargeShield,0x0006BBD4; 0x0008F959; 0x000965B2; 0x05000806,ArmorMaterialDaedric,ArmorShield,VendorItemArmor,,,Ultra Shields\daedric\LargeShield.nif,
DoD,D:\Wabbajack\modlists\DoD,Diaries of Dibella - Lord's Vision,Ultra Shields,1512,Ultra Shields.esp,D:\Wabbajack\modlists\DoD\mods\Ultra Shields\Ultra Shields.esp,0x05000856,ULS_Large_ArmorVolendrungShield_FX,Malacath's Gaze,plugin,Heavy,Heavy,,0.0,3200,33.0,Shield,39,ArmorMaterialDaedric; VendorItemArmor; ArmorShield; ArmorLargeShield; MagicDisallowEnchanting,0x0006BBD4; 0x0008F959; 0x000965B2; 0x05000806; 0x000C27BD,ArmorMaterialDaedric,ArmorShield,VendorItemArmor,0x05000881,,Ultra Shields\volendrung\LargeShield.nif,
DoD,D:\Wabbajack\modlists\DoD,Diaries of Dibella - Lord's Vision,Ultra Shields,1512,Ultra Shields.esp,D:\Wabbajack\modlists\DoD\mods\Ultra Shields\Ultra Shields.esp,0x05000857,ULS_Large_ArmorAurielsShield_FX,Auriels Greatshield,plugin,Heavy,Heavy,,0.0,1450,22.0,Shield,39,WeapMaterialMoonstone; VendorItemDaedricArtifact; ArmorShield; DaedricArtifact; MagicDisallowEnchanting; ArmorLargeShield,0x0001E71B; 0x000917E8; 0x000965B2; 0x000A8668; 0x000C27BD; 0x05000806,WeapMaterialMoonstone,ArmorShield,VendorItemDaedricArtifact,0x0100488B,,Ultra Shields\auriel\LargeShield.nif,
DoD,D:\Wabbajack\modlists\DoD,Diaries of Dibella - Lord's Vision,Ultra Shields,1512,Ultra Shields.esp,D:\Wabbajack\modlists\DoD\mods\Ultra Shields\Ultra Shields.esp,0x05000860,Small_ArmorDaedricShield_FS,Daedric Buckler,plugin,Light,Light,,0.0,1600,7.0,Shield,39,ArmorMaterialDaedric; VendorItemArmor; ArmorShield; ArmorSmallShield,0x0006BBD4; 0x0008F959; 0x000965B2; 0x05000807,ArmorMaterialDaedric,ArmorShield,VendorItemArmor,,,Ultra Shields\daedric\SmallShield.nif,
DoD,D:\Wabbajack\modlists\DoD,Diaries of Dibella - Lord's Vision,Ultra Shields,1512,Ultra Shields.esp,D:\Wabbajack\modlists\DoD\mods\Ultra Shields\Ultra Shields.esp,0x05000871,ULS_Small_ArmornightingaleShield_FS,Abyss Gard,plugin,Light,Light,,0.0,1600,0.0,Shield,39,ArmorMaterialDaedric; VendorItemArmor; ArmorShield; ArmorSmallShield; MagicDisallowEnchanting,0x0006BBD4; 0x0008F959; 0x000965B2; 0x05000807; 0x000C27BD,ArmorMaterialDaedric,ArmorShield,VendorItemArmor,0x000F23C9,,Ultra Shields\nightingale\SmallShield.nif,
DoD,D:\Wabbajack\modlists\DoD,Diaries of Dibella - Lord's Vision,Awesome Artifacts - JS Rings Patch,1562,Awesome Artifacts - JS Rings Patch.esp,D:\Wabbajack\modlists\DoD\mods\Awesome Artifacts - JS Rings Patch\Awesome Artifacts - JS Rings Patch.esp,0x0002AC60,DA05HircinesRing,Ring of Hircine,plugin,Clothing,Clothing,,0.0,400,0.25,Ring,36,ArmorJewelry; VendorItemDaedricArtifact; DaedricArtifact; MagicDisallowEnchanting; ClothingRing,0x0006BBE9; 0x000917E8; 0x000A8668; 0x000C27BD; 0x0010CD09,,ClothingRing,VendorItemDaedricArtifact,0x000F8301,,johnskyrim\uniques\rings\hircine\hircine_GO.nif,
DoD,D:\Wabbajack\modlists\DoD,Diaries of Dibella - Lord's Vision,Awesome Artifacts - JS Rings Patch,1562,Awesome Artifacts - JS Rings Patch.esp,D:\Wabbajack\modlists\DoD\mods\Awesome Artifacts - JS Rings Patch\Awesome Artifacts - JS Rings Patch.esp,0x0002C37B,DA11RingofNamira,Ring of Namira,plugin,Clothing,Clothing,,0.0,500,0.25,Ring,36,ArmorJewelry; VendorItemDaedricArtifact; DaedricArtifact; MagicDisallowEnchanting; ClothingRing,0x0006BBE9; 0x000917E8; 0x000A8668; 0x000C27BD; 0x0010CD09,,ClothingRing,VendorItemDaedricArtifact,0x00091AE8,,johnskyrim\uniques\rings\namira\ringofnamira_GO.nif,
DoD,D:\Wabbajack\modlists\DoD,Diaries of Dibella - Lord's Vision,Awesome Artifacts - JS Rings Patch,1562,Awesome Artifacts - JS Rings Patch.esp,D:\Wabbajack\modlists\DoD\mods\Awesome Artifacts - JS Rings Patch\Awesome Artifacts - JS Rings Patch.esp,0x000F82FE,DA05HircinesRingCursed,Cursed Ring of Hircine,plugin,Clothing,Clothing,,0.0,50,0.25,Ring,36,ArmorJewelry; VendorItemDaedricArtifact; DaedricArtifact; MagicDisallowEnchanting; ClothingRing,0x0006BBE9; 0x000917E8; 0x000A8668; 0x000C27BD; 0x0010CD09,,ClothingRing,VendorItemDaedricArtifact,,,johnskyrim\uniques\rings\hircine\hircine_GO.nif,
DoD,D:\Wabbajack\modlists\DoD,Diaries of Dibella - Lord's Vision,Awesome Artifacts - DBM (LotD) Patch,1563,Awesome Artifacts - DBM Patch.esp,D:\Wabbajack\modlists\DoD\mods\Awesome Artifacts - DBM (LotD) Patch\Awesome Artifacts - DBM Patch.esp,0x0577AE3D,DA05SaviorsHideREPLICA,Savior's Hide (replica),plugin,Light,Light,Light,0.0,1000,6.0,Body,32,ArmorLight; ArmorMaterialScaled; ArmorCuirass; VendorItemArmor; ArmorMaterialMS02Forsworn; WAF_ArmorMatchingSetFur; ArmorMaterialHide; ArmorMaterialForsworn; DaedricArtifact,0x0006BBD3; 0x0006BBDE; 0x0006C0EC; 0x0008F959; 0x010009BA; 0x01AF0108; 0x0006BBDD; 0x010009B9; 0x000A8668,ArmorMaterialScaled; ArmorMaterialMS02Forsworn; ArmorMaterialHide; ArmorMaterialForsworn,ArmorCuirass,VendorItemArmor,,,Armor\Savior'sHide\GO.nif,
DoD,D:\Wabbajack\modlists\DoD,Diaries of Dibella - Lord's Vision,Awesome Artifacts - Anniversary Edition,1564,Awesome Artifacts.esp,D:\Wabbajack\modlists\DoD\mods\Awesome Artifacts - Anniversary Edition\Awesome Artifacts.esp,0x0002AC61,DA05SaviorsHide,Savior's Hide,plugin,Light,Light,Light,0.0,2000,6.0,Body,32,ArmorLight; ArmorMaterialScaled; ArmorCuirass; VendorItemDaedricArtifact; DaedricArtifact; MagicDisallowEnchanting; WAF_ArmorMatchingSetFur; ArmorMaterialHide; ArmorMaterialForsworn; ArmorMaterialMS02Forsworn,0x0006BBD3; 0x0006BBDE; 0x0006C0EC; 0x000917E8; 0x000A8668; 0x000C27BD; 0x01AF0108; 0x0006BBDD; 0x010009B9; 0x010009BA,ArmorMaterialScaled; ArmorMaterialHide; ArmorMaterialForsworn; ArmorMaterialMS02Forsworn,ArmorCuirass,VendorItemDaedricArtifact,0x001097B7,,Armor\Savior'sHide\GO.nif,
DoD,D:\Wabbajack\modlists\DoD,Diaries of Dibella - Lord's Vision,Awesome Artifacts - Anniversary Edition,1564,Awesome Artifacts.esp,D:\Wabbajack\modlists\DoD\mods\Awesome Artifacts - Anniversary Edition\Awesome Artifacts.esp,0x00045F96,DA13Spellbreaker,Spellbreaker,plugin,Heavy,Heavy,,0.0,2200,11.0,Shield,39,ArmorMaterialDwarven; VendorItemDaedricArtifact; ArmorShield; DaedricArtifact; MagicDisallowEnchanting; AA_SpellbreakerKeyword,0x0006BBD7; 0x000917E8; 0x000965B2; 0x000A8668; 0x000C27BD; 0x1B108294,ArmorMaterialDwarven,ArmorShield,VendorItemDaedricArtifact,0x1B1AA2F4,,Armor\Spellbreaker\Spellbreaker.nif,
DoD,D:\Wabbajack\modlists\DoD,Diaries of Dibella - Lord's Vision,Awesome Artifacts - Anniversary Edition,1564,Awesome Artifacts.esp,D:\Wabbajack\modlists\DoD\mods\Awesome Artifacts - Anniversary Edition\Awesome Artifacts.esp,0x00052794,DA02Armor,Ebony Mail (Red),plugin,Heavy,Heavy,Heavy,0.0,5000,28.0,Body,32,ArmorHeavy; ArmorMaterialEbony; ArmorCuirass; VendorItemDaedricArtifact; DaedricArtifact; MagicDisallowEnchanting; WAF_VisuallyDarkArmor; SPIKEArmorEbony; SPIKEArmorFancyBlack,0x0006BBD2; 0x0006BBD8; 0x0006C0EC; 0x000917E8; 0x000A8668; 0x000C27BD; 0x01AF0126; 0x01DA010B; 0x01DA010D,ArmorMaterialEbony,ArmorCuirass,VendorItemDaedricArtifact,0x1B1B966B,,Armor\EbonyMail\CuirassGND.nif,
DoD,D:\Wabbajack\modlists\DoD,Diaries of Dibella - Lord's Vision,Awesome Artifacts - Anniversary Edition,1564,Awesome Artifacts.esp,D:\Wabbajack\modlists\DoD\mods\Awesome Artifacts - Anniversary Edition\Awesome Artifacts.esp,0x00061C8B,ArmorDragonPriestMaskMoonstoneHelmet,Morokei,plugin,Clothing,Clothing,Clothing,0.0,420,2.0,Head; Hair; Circlet,30; 31; 42,ArmorMaterialMoonstone; ArmorClothing; VendorItemDaedricArtifact; MagicDisallowEnchanting; ClothingHead; WAF_ProtectiveClothingCCF_15; ArmorMaterialQuicksilver,0x0006BBD9; 0x0006BBE8; 0x000917E8; 0x000C27BD; 0x0010CD11; 0x01AF0264; 0x0006BBDA,ArmorMaterialMoonstone; ArmorMaterialQuicksilver,ClothingHead,VendorItemDaedricArtifact,0x0001729E,,Armor\DragonPriestHelms\Dragonhelm_Moonstone_GO.nif,
DoD,D:\Wabbajack\modlists\DoD,Diaries of Dibella - Lord's Vision,Awesome Artifacts - Anniversary Edition,1564,Awesome Artifacts.esp,D:\Wabbajack\modlists\DoD\mods\Awesome Artifacts - Anniversary Edition\Awesome Artifacts.esp,0x00061CA5,ArmorDragonPriestMaskEbonyHelmet,Nahkriin,plugin,Heavy,Heavy,Heavy,0.0,1620,9.0,Head; Hair; Circlet,30; 31; 42,ArmorHeavy; ArmorMaterialEbony; ArmorHelmet; VendorItemDaedricArtifact; MagicDisallowEnchanting,0x0006BBD2; 0x0006BBD8; 0x0006C0EE; 0x000917E8; 0x000C27BD,ArmorMaterialEbony,ArmorHelmet,VendorItemDaedricArtifact,0x000F8460,,Armor\DragonPriestHelms\Dragonhelm_Ebony_GO.nif,
DoD,D:\Wabbajack\modlists\DoD,Diaries of Dibella - Lord's Vision,Awesome Artifacts - Anniversary Edition,1564,Awesome Artifacts.esp,D:\Wabbajack\modlists\DoD\mods\Awesome Artifacts - Anniversary Edition\Awesome Artifacts.esp,0x00061CAB,ArmorDragonPriestMaskCorondrumHelmet,Volsung,plugin,Light,Light,Light,0.0,520,3.0,Head; Hair; Circlet,30; 31; 42,ArmorLight; ArmorMaterialScaled; ArmorHelmet; VendorItemDaedricArtifact; MagicDisallowEnchanting,0x0006BBD3; 0x0006BBDE; 0x0006C0EE; 0x000917E8; 0x000C27BD,ArmorMaterialScaled,ArmorHelmet,VendorItemDaedricArtifact,0x000F8464,,Armor\DragonPriestHelms\Dragonhelm_Corondrum_GO.nif,
DoD,D:\Wabbajack\modlists\DoD,Diaries of Dibella - Lord's Vision,Awesome Artifacts - Anniversary Edition,1564,Awesome Artifacts.esp,D:\Wabbajack\modlists\DoD\mods\Awesome Artifacts - Anniversary Edition\Awesome Artifacts.esp,0x00061CB9,ArmorDragonPriestMaskBronzeHelmet,Krosis,plugin,Light,Light,Light,0.0,420,2.0,Head; Hair; Circlet,30; 31; 42,ArmorLight; ArmorMaterialMoonstone; ArmorHelmet; VendorItemDaedricArtifact; MagicDisallowEnchanting,0x0006BBD3; 0x0006BBD9; 0x0006C0EE; 0x000917E8; 0x000C27BD,ArmorMaterialMoonstone,ArmorHelmet,VendorItemDaedricArtifact,0x000F9916,,Armor\DragonPriestHelms\Dragonhelm_Bronze_GO.nif,
DoD,D:\Wabbajack\modlists\DoD,Diaries of Dibella - Lord's Vision,Awesome Artifacts - Anniversary Edition,1564,Awesome Artifacts.esp,D:\Wabbajack\modlists\DoD\mods\Awesome Artifacts - Anniversary Edition\Awesome Artifacts.esp,0x00061CC0,ArmorDragonPriestMaskOrichalumHelmet,Rahgot,plugin,Heavy,Heavy,Heavy,0.0,1120,8.0,Head; Hair; Circlet,30; 31; 42,ArmorHeavy; ArmorMaterialOrcish; ArmorHelmet; VendorItemDaedricArtifact; MagicDisallowEnchanting,0x0006BBD2; 0x0006BBE5; 0x0006C0EE; 0x000917E8; 0x000C27BD,ArmorMaterialOrcish,ArmorHelmet,VendorItemDaedricArtifact,0x1B1D2BE1,,Armor\DragonPriestHelms\Dragonhelm_Greenstone_GO.nif,
DoD,D:\Wabbajack\modlists\DoD,Diaries of Dibella - Lord's Vision,Awesome Artifacts - Anniversary Edition,1564,Awesome Artifacts.esp,D:\Wabbajack\modlists\DoD\mods\Awesome Artifacts - Anniversary Edition\Awesome Artifacts.esp,0x00061CC1,ArmorDragonPriestMaskIronHelmet,Hevnoraak,plugin,Heavy,Heavy,Heavy,0.0,575,6.0,Head; Hair; Circlet,30; 31; 42,ArmorHeavy; ArmorMaterialIronBanded; ArmorHelmet; VendorItemDaedricArtifact; MagicDisallowEnchanting; ArmorMaterialSteel; ArmorMaterialIron,0x0006BBD2; 0x0006BBE4; 0x0006C0EE; 0x000917E8; 0x000C27BD; 0x0006BBE6; 0x0006BBE3,ArmorMaterialIronBanded; ArmorMaterialSteel; ArmorMaterialIron,ArmorHelmet,VendorItemDaedricArtifact,0x0001729C,,Armor\DragonPriestHelms\Dragonhelm_Iron_GO.nif,
DoD,D:\Wabbajack\modlists\DoD,Diaries of Dibella - Lord's Vision,Awesome Artifacts - Anniversary Edition,1564,Awesome Artifacts.esp,D:\Wabbajack\modlists\DoD\mods\Awesome Artifacts - Anniversary Edition\Awesome Artifacts.esp,0x00061CC2,ArmorDragonPriestMaskMarbleHelmet,Otar,plugin,Light,Light,Light,0.0,720,4.0,Head; Hair; Circlet,30; 31; 42,ArmorLight; ArmorMaterialGlass; ArmorHelmet; VendorItemDaedricArtifact; MagicDisallowEnchanting,0x0006BBD3; 0x0006BBDC; 0x0006C0EE; 0x000917E8; 0x000C27BD,ArmorMaterialGlass,ArmorHelmet,VendorItemDaedricArtifact,0x000F8462,,Armor\DragonPriestHelms\Dragonhelm_Marble_GO.nif,
DoD,D:\Wabbajack\modlists\DoD,Diaries of Dibella - Lord's Vision,Awesome Artifacts - Anniversary Edition,1564,Awesome Artifacts.esp,D:\Wabbajack\modlists\DoD\mods\Awesome Artifacts - Anniversary Edition\Awesome Artifacts.esp,0x00061CC9,ArmorDragonPriestMaskSteelHelmet,Vokun,plugin,Heavy,Heavy,Heavy,0.0,650,7.0,Head; Hair; Circlet,30; 31; 42,ArmorHeavy; ArmorMaterialSteelPlate; ArmorHelmet; VendorItemDaedricArtifact; MagicDisallowEnchanting,0x0006BBD2; 0x0006BBE7; 0x0006C0EE; 0x000917E8; 0x000C27BD,ArmorMaterialSteelPlate,ArmorHelmet,VendorItemDaedricArtifact,0x000F8463,,Armor\DragonPriestHelms\Dragonhelm_Steel_GO.nif,
DoD,D:\Wabbajack\modlists\DoD,Diaries of Dibella - Lord's Vision,Awesome Artifacts - Anniversary Edition,1564,Awesome Artifacts.esp,D:\Wabbajack\modlists\DoD\mods\Awesome Artifacts - Anniversary Edition\Awesome Artifacts.esp,0x00061CCA,ArmorDragonPriestMaskWoodHelmet,Wooden Mask,plugin,Light,Light,Light,0.0,100,1.0,Head; Hair; Circlet,30; 31; 42,DLC2ArmorMaterialNordicLight; ArmorLight; ArmorHelmet; VendorItemDaedricArtifact; MagicDisallowEnchanting,0x03024104; 0x0006BBD3; 0x0006C0EE; 0x000917E8; 0x000C27BD,DLC2ArmorMaterialNordicLight,ArmorHelmet,VendorItemDaedricArtifact,0x000F8465,,Armor\DragonPriestHelms\Dragonhelm_Wood_GO.nif,
DoD,D:\Wabbajack\modlists\DoD,Diaries of Dibella - Lord's Vision,Awesome Artifacts - Anniversary Edition,1564,Awesome Artifacts.esp,D:\Wabbajack\modlists\DoD\mods\Awesome Artifacts - Anniversary Edition\Awesome Artifacts.esp,0x00061CD6,ArmorDragonPriestMaskUltraHelmet,Konahrik,plugin,Heavy,Heavy,Heavy,0.0,3200,5.0,Head; Hair; Circlet,30; 31; 42,ArmorHeavy; ArmorMaterialDaedric; ArmorHelmet; VendorItemDaedricArtifact; MagicDisallowEnchanting,0x0006BBD2; 0x0006BBD4; 0x0006C0EE; 0x000917E8; 0x000C27BD,ArmorMaterialDaedric,ArmorHelmet,VendorItemDaedricArtifact,0x000F8461,,Armor\DragonPriestHelms\Dragonhelm_Ultra_GO.nif,
DoD,D:\Wabbajack\modlists\DoD,Diaries of Dibella - Lord's Vision,Awesome Artifacts - Anniversary Edition,1564,Awesome Artifacts.esp,D:\Wabbajack\modlists\DoD\mods\Awesome Artifacts - Anniversary Edition\Awesome Artifacts.esp,0x0200284D,DLC1ArmorAurielsShield,Auriel's Shield,plugin,Light,Light,,0.0,2000,6.0,Shield,39,ArmorMaterialQuicksilver; VendorItemDaedricArtifact; ArmorShield; MagicDisallowEnchanting; DaedricArtifact; CRFExemptArtifactKeyword; DLC1DawnguardArmorShield,0x0006BBDA; 0x000917E8; 0x000965B2; 0x000C27BD; 0x000A8668; 0x01931001; 0x0200D83F,ArmorMaterialQuicksilver,ArmorShield,VendorItemDaedricArtifact,0x0200488B,,DLC01\Armor\Auriel\aurielsshield.nif,
DoD,D:\Wabbajack\modlists\DoD,Diaries of Dibella - Lord's Vision,Awesome Artifacts - Anniversary Edition,1564,Awesome Artifacts.esp,D:\Wabbajack\modlists\DoD\mods\Awesome Artifacts - Anniversary Edition\Awesome Artifacts.esp,0x03024037,DLC2ArmorAcolyteMaskShock,Zahkriisos,plugin,Heavy,Heavy,Heavy,0.0,1000,9.0,Head; Hair; Circlet,30; 31; 42,ArmorHeavy; ArmorMaterialEbony; ArmorHelmet; MagicDisallowEnchanting; VendorItemDaedricArtifact,0x0006BBD2; 0x0006BBD8; 0x0006C0EE; 0x000C27BD; 0x000917E8,ArmorMaterialEbony,ArmorHelmet,VendorItemDaedricArtifact,0x030250E3,,DLC02\Armor\AcolyteMasks\AcolyteMask_GND.nif,DLC02\Armor\AcolyteMasks\AcolyteMask_GND.nif
DoD,D:\Wabbajack\modlists\DoD,Diaries of Dibella - Lord's Vision,Awesome Artifacts - Anniversary Edition,1564,Awesome Artifacts.esp,D:\Wabbajack\modlists\DoD\mods\Awesome Artifacts - Anniversary Edition\Awesome Artifacts.esp,0x030240FE,DLC2ArmorAcolyteMaskFire,Ahzidal,plugin,Heavy,Heavy,Heavy,0.0,1000,6.0,Head; Hair; Circlet,30; 31; 42,ArmorHeavy; ArmorHelmet; VendorItemDaedricArtifact; MagicDisallowEnchanting; DLC2dunKolbjornAhzidalItem; ArmorMaterialDaedric,0x0006BBD2; 0x0006C0EE; 0x000917E8; 0x000C27BD; 0x030270E7; 0x0006BBD4,ArmorMaterialDaedric,ArmorHelmet,VendorItemDaedricArtifact,0x030250E1,,DLC02\Armor\AcolyteMasks\AcolyteMask_GND.nif,DLC02\Armor\AcolyteMasks\AcolyteMask_GND.nif
DoD,D:\Wabbajack\modlists\DoD,Diaries of Dibella - Lord's Vision,Awesome Artifacts - Anniversary Edition,1564,Awesome Artifacts.esp,D:\Wabbajack\modlists\DoD\mods\Awesome Artifacts - Anniversary Edition\Awesome Artifacts.esp,0x030240FF,DLC2ArmorAcolyteMaskFrost,Dukaan,plugin,Light,Light,Light,0.0,1000,5.0,Head; Hair; Circlet,30; 31; 42,ArmorLight; ArmorHelmet; VendorItemDaedricArtifact; MagicDisallowEnchanting; DLC2ArmorMaterialStalhrimLight,0x0006BBD3; 0x0006C0EE; 0x000917E8; 0x000C27BD; 0x03024107,DLC2ArmorMaterialStalhrimLight,ArmorHelmet,VendorItemDaedricArtifact,0x030250E2,,DLC02\Armor\AcolyteMasks\AcolyteMask_GND.nif,DLC02\Armor\AcolyteMasks\AcolyteMask_GND.nif
DoD,D:\Wabbajack\modlists\DoD,Diaries of Dibella - Lord's Vision,Awesome Artifacts - Anniversary Edition,1564,Awesome Artifacts.esp,D:\Wabbajack\modlists\DoD\mods\Awesome Artifacts - Anniversary Edition\Awesome Artifacts.esp,0x03039D2B,DLC2MKMiraakMask1L,Miraak,plugin,Light,Light,Light,0.0,2000,8.0,Head; Hair; Circlet,30; 31; 42,ArmorLight; ArmorHelmet; MagicDisallowEnchanting; VendorItemDaedricArtifact; ArmorMaterialDragonscale; ArmorMaterialDragonplate; WAF_ArmorMatchingSetLeather,0x0006BBD3; 0x0006C0EE; 0x000C27BD; 0x000917E8; 0x0006BBD6; 0x0006BBD5; 0x01AF0105,ArmorMaterialDragonscale; ArmorMaterialDragonplate,ArmorHelmet,VendorItemDaedricArtifact,0x1B0120CB,0x03039D2F,DLC02\Clothes\MiraakRobes\MiraakHelm_GND.nif,DLC02\Clothes\MiraakRobes\MiraakHelm_GND.nif
DoD,D:\Wabbajack\modlists\DoD,Diaries of Dibella - Lord's Vision,Awesome Artifacts - Anniversary Edition,1564,Awesome Artifacts.esp,D:\Wabbajack\modlists\DoD\mods\Awesome Artifacts - Anniversary Edition\Awesome Artifacts.esp,0x03039D2E,DLC2MKMiraakMask2L,Miraak,plugin,Light,Light,Light,0.0,2000,8.0,Head; Hair; Circlet,30; 31; 42,ArmorLight; ArmorHelmet; MagicDisallowEnchanting; VendorItemDaedricArtifact; ArmorMaterialDragonscale; ArmorMaterialDragonplate; WAF_ArmorMatchingSetLeather,0x0006BBD3; 0x0006C0EE; 0x000C27BD; 0x000917E8; 0x0006BBD6; 0x0006BBD5; 0x01AF0105,ArmorMaterialDragonscale; ArmorMaterialDragonplate,ArmorHelmet,VendorItemDaedricArtifact,0x1B0120CB,0x03039D2F,DLC02\Clothes\MiraakRobes\MiraakHelm_GND.nif,DLC02\Clothes\MiraakRobes\MiraakHelm_GND.nif
DoD,D:\Wabbajack\modlists\DoD,Diaries of Dibella - Lord's Vision,Awesome Artifacts - Anniversary Edition,1564,Awesome Artifacts.esp,D:\Wabbajack\modlists\DoD\mods\Awesome Artifacts - Anniversary Edition\Awesome Artifacts.esp,0x03039D2F,DLC2MKMiraakMask3L,Miraak,plugin,Light,Light,Light,0.0,2000,8.0,Head; Hair; Circlet,30; 31; 42,ArmorLight; ArmorHelmet; MagicDisallowEnchanting; VendorItemDaedricArtifact; ArmorMaterialDragonscale; ArmorMaterialDragonplate; WAF_ArmorMatchingSetLeather,0x0006BBD3; 0x0006C0EE; 0x000C27BD; 0x000917E8; 0x0006BBD6; 0x0006BBD5; 0x01AF0105,ArmorMaterialDragonscale; ArmorMaterialDragonplate,ArmorHelmet,VendorItemDaedricArtifact,0x1B0120CB,,DLC02\Clothes\MiraakRobes\MiraakHelm_GND.nif,DLC02\Clothes\MiraakRobes\MiraakHelm_GND.nif
DoD,D:\Wabbajack\modlists\DoD,Diaries of Dibella - Lord's Vision,Awesome Artifacts - Anniversary Edition,1564,Awesome Artifacts.esp,D:\Wabbajack\modlists\DoD\mods\Awesome Artifacts - Anniversary Edition\Awesome Artifacts.esp,0x03039FA1,DLC2MKMiraakMask1H,Miraak,plugin,Light,Light,Light,0.0,2000,8.0,Head; Hair; Circlet,30; 31; 42,ArmorLight; ArmorHelmet; MagicDisallowEnchanting; ArmorMaterialDragonscale; VendorItemDaedricArtifact; ArmorMaterialDragonplate; WAF_ArmorMatchingSetLeather,0x0006BBD3; 0x0006C0EE; 0x000C27BD; 0x0006BBD6; 0x000917E8; 0x0006BBD5; 0x01AF0105,ArmorMaterialDragonscale; ArmorMaterialDragonplate,ArmorHelmet,VendorItemDaedricArtifact,0x1B0120CB,0x03039FA3,DLC02\Clothes\MiraakRobes\MiraakHelm_GND.nif,DLC02\Clothes\MiraakRobes\MiraakHelm_GND.nif
DoD,D:\Wabbajack\modlists\DoD,Diaries of Dibella - Lord's Vision,Awesome Artifacts - Anniversary Edition,1564,Awesome Artifacts.esp,D:\Wabbajack\modlists\DoD\mods\Awesome Artifacts - Anniversary Edition\Awesome Artifacts.esp,0x03039FA2,DLC2MKMiraakMask2H,Miraak,plugin,Light,Light,Light,0.0,2000,8.0,Head; Hair; Circlet,30; 31; 42,ArmorLight; ArmorHelmet; MagicDisallowEnchanting; ArmorMaterialDragonscale; VendorItemDaedricArtifact; ArmorMaterialDragonplate; WAF_ArmorMatchingSetLeather,0x0006BBD3; 0x0006C0EE; 0x000C27BD; 0x0006BBD6; 0x000917E8; 0x0006BBD5; 0x01AF0105,ArmorMaterialDragonscale; ArmorMaterialDragonplate,ArmorHelmet,VendorItemDaedricArtifact,0x1B0120CB,0x03039FA3,DLC02\Clothes\MiraakRobes\MiraakHelm_GND.nif,DLC02\Clothes\MiraakRobes\MiraakHelm_GND.nif
DoD,D:\Wabbajack\modlists\DoD,Diaries of Dibella - Lord's Vision,Awesome Artifacts - Anniversary Edition,1564,Awesome Artifacts.esp,D:\Wabbajack\modlists\DoD\mods\Awesome Artifacts - Anniversary Edition\Awesome Artifacts.esp,0x03039FA3,DLC2MKMiraakMask3H,Miraak,plugin,Light,Light,Light,0.0,2000,8.0,Head; Hair; Circlet,30; 31; 42,ArmorLight; ArmorHelmet; MagicDisallowEnchanting; ArmorMaterialDragonscale; VendorItemDaedricArtifact; ArmorMaterialDragonplate; WAF_ArmorMatchingSetLeather,0x0006BBD3; 0x0006C0EE; 0x000C27BD; 0x0006BBD6; 0x000917E8; 0x0006BBD5; 0x01AF0105,ArmorMaterialDragonscale; ArmorMaterialDragonplate,ArmorHelmet,VendorItemDaedricArtifact,0x1B0120CB,,DLC02\Clothes\MiraakRobes\MiraakHelm_GND.nif,DLC02\Clothes\MiraakRobes\MiraakHelm_GND.nif
DoD,D:\Wabbajack\modlists\DoD,Diaries of Dibella - Lord's Vision,Awesome Artifacts - Anniversary Edition,1564,Awesome Artifacts.esp,D:\Wabbajack\modlists\DoD\mods\Awesome Artifacts - Anniversary Edition\Awesome Artifacts.esp,0x05000B94,ccBGSSSE001_ArtifactRingKhajiit,Ring of Khajiit,plugin,Clothing,Clothing,,0.0,650,0.25,Ring,36,ArmorJewelry; VendorItemJewelry; MagicDisallowEnchanting; ClothingRing; VendorItemDaedricArtifact; DaedricArtifact,0x0006BBE9; 0x0008F95A; 0x000C27BD; 0x0010CD09; 0x000917E8; 0x000A8668,,ClothingRing,VendorItemJewelry; VendorItemDaedricArtifact,0x05000BFF,,Armor\amuletsandrings\ringofkhajitgo.nif,
DoD,D:\Wabbajack\modlists\DoD,Diaries of Dibella - Lord's Vision,Awesome Artifacts - Anniversary Edition,1564,Awesome Artifacts.esp,D:\Wabbajack\modlists\DoD\mods\Awesome Artifacts - Anniversary Edition\Awesome Artifacts.esp,0x1B1030B4,ArmorDragonPriestMaskYsmirLightHelmet_ARG,Ysmir (Elven),plugin,Light,Light,Light,0.0,5000,5.0,Head; Hair; Circlet,30; 31; 42,ArmorLight; ArmorMaterialMoonstone; ArmorMaterialQuicksilver; ArmorHelmet; VendorItemDaedricArtifact; MagicDisallowEnchanting; JewelryExpensive; WAF_ArmorMatchingSetLeather; WAF_DLC1ArmorMatchingSetAncientFalmer; SPIKEGodsBlessings; ArmorMaterialNightingale; SPIKEGodsPraised; AA_CHIM,0x0006BBD3; 0x0006BBD9; 0x0006BBDA; 0x0006C0EE; 0x000917E8; 0x000C27BD; 0x000A8664; 0x01AF0105; 0x01AF0120; 0x01DA012F; 0x0010FD61; 0x01DA0131; 0x01420104,ArmorMaterialMoonstone; ArmorMaterialQuicksilver; ArmorMaterialNightingale,ArmorHelmet,VendorItemDaedricArtifact,0x1B1030B3,,Armor\DragonPriestHelms\Dragonhelm_Ultra_GO.nif,
DoD,D:\Wabbajack\modlists\DoD,Diaries of Dibella - Lord's Vision,Awesome Artifacts - Anniversary Edition,1564,Awesome Artifacts.esp,D:\Wabbajack\modlists\DoD\mods\Awesome Artifacts - Anniversary Edition\Awesome Artifacts.esp,0x1B1030B5,ArmorDragonPriestMaskYsmirHeavyHelmet_ARG,Ysmir (Daedric),plugin,Heavy,Heavy,Heavy,0.0,5000,5.0,Head; Hair; Circlet,30; 31; 42,ArmorHeavy; ArmorMaterialDaedric; ArmorHelmet; VendorItemDaedricArtifact; MagicDisallowEnchanting; JewelryExpensive; SPIKEGodsBlessings; SPIKEGodsPraised; AA_CHIM,0x0006BBD2; 0x0006BBD4; 0x0006C0EE; 0x000917E8; 0x000C27BD; 0x000A8664; 0x01DA012F; 0x01DA0131; 0x01420104,ArmorMaterialDaedric,ArmorHelmet,VendorItemDaedricArtifact,0x1B1030B3,,Armor\DragonPriestHelms\Dragonhelm_Ultra_GO.nif,
DoD,D:\Wabbajack\modlists\DoD,Diaries of Dibella - Lord's Vision,Awesome Artifacts - Anniversary Edition,1564,Awesome Artifacts.esp,D:\Wabbajack\modlists\DoD\mods\Awesome Artifacts - Anniversary Edition\Awesome Artifacts.esp,0x1B1030B6,ArmorDragonPriestMaskYsmirClothHelmet_ARG,Ysmir (Clothing),plugin,Clothing,Clothing,,0.0,5000,5.0,Head; Hair; Circlet,30; 31; 42,ArmorMaterialMoonstone; ArmorJewelry; VendorItemDaedricArtifact; MagicDisallowEnchanting; ClothingCirclet; ArmorMaterialQuicksilver; JewelryExpensive; WAF_ArmorMatchingSetLeather; WAF_DLC1ArmorMatchingSetAncientFalmer; SPIKEGodsBlessings; ArmorMaterialNightingale; SPIKEGodsPraised; AA_CHIM; ClothingRich,0x0006BBD9; 0x0006BBE9; 0x000917E8; 0x000C27BD; 0x0010CD08; 0x0006BBDA; 0x000A8664; 0x01AF0105; 0x01AF0120; 0x01DA012F; 0x0010FD61; 0x01DA0131; 0x01420104; 0x000A865D,ArmorMaterialMoonstone; ArmorMaterialQuicksilver; ArmorMaterialNightingale,ClothingCirclet,VendorItemDaedricArtifact,0x1B1030B3,,Armor\DragonPriestHelms\Dragonhelm_Ultra_GO.nif,
DoD,D:\Wabbajack\modlists\DoD,Diaries of Dibella - Lord's Vision,Awesome Artifacts - Anniversary Edition,1564,Awesome Artifacts.esp,D:\Wabbajack\modlists\DoD\mods\Awesome Artifacts - Anniversary Edition\Awesome Artifacts.esp,0x1B1AA2E4,ArmorDragonPriestMaskYsmirLightHelmetDragon_ARG,Ysmir (Dragonscale),plugin,Light,Light,Light,0.0,5000,5.0,Head; Hair; Circlet,30; 31; 42,ArmorLight; ArmorHelmet; VendorItemDaedricArtifact; JewelryExpensive; MagicDisallowEnchanting; AA_CHIM; SPIKEGodsBlessings; SPIKEGodsPraised; ArmorMaterialDragonscale,0x0006BBD3; 0x0006C0EE; 0x000917E8; 0x000A8664; 0x000C27BD; 0x01420104; 0x01DA012F; 0x01DA0131; 0x0006BBD6,ArmorMaterialDragonscale,ArmorHelmet,VendorItemDaedricArtifact,0x1B1030B3,,Armor\DragonPriestHelms\Dragonhelm_Ultra_GO.nif,
DoD,D:\Wabbajack\modlists\DoD,Diaries of Dibella - Lord's Vision,Awesome Artifacts - Anniversary Edition,1564,Awesome Artifacts.esp,D:\Wabbajack\modlists\DoD\mods\Awesome Artifacts - Anniversary Edition\Awesome Artifacts.esp,0x1B1AA2E5,ArmorDragonPriestMaskYsmirHeavyHelmetDragon_ARG,Ysmir (Dragonplate),plugin,Heavy,Heavy,Heavy,0.0,5000,5.0,Head; Hair; Circlet,30; 31; 42,ArmorHeavy; ArmorHelmet; VendorItemDaedricArtifact; JewelryExpensive; MagicDisallowEnchanting; AA_CHIM; SPIKEGodsBlessings; SPIKEGodsPraised; ArmorMaterialDragonplate,0x0006BBD2; 0x0006C0EE; 0x000917E8; 0x000A8664; 0x000C27BD; 0x01420104; 0x01DA012F; 0x01DA0131; 0x0006BBD5,ArmorMaterialDragonplate,ArmorHelmet,VendorItemDaedricArtifact,0x1B1030B3,,Armor\DragonPriestHelms\Dragonhelm_Ultra_GO.nif,
DoD,D:\Wabbajack\modlists\DoD,Diaries of Dibella - Lord's Vision,Awesome Artifacts - Anniversary Edition,1564,Awesome Artifacts.esp,D:\Wabbajack\modlists\DoD\mods\Awesome Artifacts - Anniversary Edition\Awesome Artifacts.esp,0x1B1B4537,DA02ArmorEbonyMailOriginal,Ebony Mail (Original),plugin,Heavy,Heavy,Heavy,0.0,5000,28.0,Body,32,ArmorHeavy; ArmorMaterialEbony; ArmorCuirass; VendorItemDaedricArtifact; DaedricArtifact; MagicDisallowEnchanting; WAF_VisuallyDarkArmor; SPIKEArmorEbony; SPIKEArmorFancyBlack,0x0006BBD2; 0x0006BBD8; 0x0006C0EC; 0x000917E8; 0x000A8668; 0x000C27BD; 0x01AF0126; 0x01DA010B; 0x01DA010D,ArmorMaterialEbony,ArmorCuirass,VendorItemDaedricArtifact,0x1B1B453B,0x00052794,Armor\EbonyMail\CuirassGND.nif,
DoD,D:\Wabbajack\modlists\DoD,Diaries of Dibella - Lord's Vision,Awesome Artifacts - Anniversary Edition,1564,Awesome Artifacts.esp,D:\Wabbajack\modlists\DoD\mods\Awesome Artifacts - Anniversary Edition\Awesome Artifacts.esp,0x1B1B966D,DA02ArmorEbonyMailOriginalNoBlack,Ebony Mail (Green),plugin,Heavy,Heavy,Heavy,0.0,5000,28.0,Body,32,ArmorHeavy; ArmorMaterialEbony; ArmorCuirass; VendorItemDaedricArtifact; DaedricArtifact; MagicDisallowEnchanting; WAF_VisuallyDarkArmor; SPIKEArmorEbony; SPIKEArmorFancyBlack,0x0006BBD2; 0x0006BBD8; 0x0006C0EC; 0x000917E8; 0x000A8668; 0x000C27BD; 0x01AF0126; 0x01DA010B; 0x01DA010D,ArmorMaterialEbony,ArmorCuirass,VendorItemDaedricArtifact,0x000F23C9,0x00052794,Armor\EbonyMail\CuirassGND.nif,
DoD,D:\Wabbajack\modlists\DoD,Diaries of Dibella - Lord's Vision,Awesome Artifacts - Anniversary Edition,1564,Awesome Artifacts.esp,D:\Wabbajack\modlists\DoD\mods\Awesome Artifacts - Anniversary Edition\Awesome Artifacts.esp,0x1B1B966E,DA02ArmorEbonyMailBlue,Ebony Mail (Blue),plugin,Heavy,Heavy,Heavy,0.0,5000,28.0,Body,32,ArmorHeavy; ArmorMaterialEbony; ArmorCuirass; VendorItemDaedricArtifact; DaedricArtifact; MagicDisallowEnchanting; WAF_VisuallyDarkArmor; SPIKEArmorEbony; SPIKEArmorFancyBlack,0x0006BBD2; 0x0006BBD8; 0x0006C0EC; 0x000917E8; 0x000A8668; 0x000C27BD; 0x01AF0126; 0x01DA010B; 0x01DA010D,ArmorMaterialEbony,ArmorCuirass,VendorItemDaedricArtifact,0x1B1B966C,0x00052794,Armor\EbonyMail\CuirassGND.nif,
DoD,D:\Wabbajack\modlists\DoD,Diaries of Dibella - Lord's Vision,Kynreeve Armor SSE,1569,Kynreeve Armor.esp,D:\Wabbajack\modlists\DoD\mods\Kynreeve Armor SSE\Kynreeve Armor.esp,0x02000D69,ehKAKynreeveBootsArmor,Kynreeve Boots,plugin,Heavy,Heavy,Heavy,0.0,600,10.0,Feet,37,ArmorHeavy; ArmorMaterialDaedric; ArmorBoots; VendorItemArmor,0x0006BBD2; 0x0006BBD4; 0x0006C0ED; 0x0008F959,ArmorMaterialDaedric,ArmorBoots,VendorItemArmor,,,elleh\kynreeve armor\kalbootsgo.nif,
DoD,D:\Wabbajack\modlists\DoD,Diaries of Dibella - Lord's Vision,Kynreeve Armor SSE,1569,Kynreeve Armor.esp,D:\Wabbajack\modlists\DoD\mods\Kynreeve Armor SSE\Kynreeve Armor.esp,0x020012E1,ehKAKynreeveTorsoLightArmor,Kynreeve Light Armor,plugin,Light,Light,Light,0.0,3100,10.0,Body,32,VendorItemArmor; ArmorMaterialDaedric; ArmorCuirass; ArmorLight,0x0008F959; 0x0006BBD4; 0x0006C0EC; 0x0006BBD3,ArmorMaterialDaedric,ArmorCuirass,VendorItemArmor,,,elleh\kynreeve armor\kaltorsogo.nif,
DoD,D:\Wabbajack\modlists\DoD,Diaries of Dibella - Lord's Vision,Kynreeve Armor SSE,1569,Kynreeve Armor.esp,D:\Wabbajack\modlists\DoD\mods\Kynreeve Armor SSE\Kynreeve Armor.esp,0x020012E0,ehKAKynreeveHoodedHelmetLightArmor,Kynreeve Light Hooded Helmet,plugin,Light,Light,Light,0.0,1500,4.0,Head; Hair; Circlet; Ears,30; 31; 42; 43,VendorItemArmor; ArmorMaterialDaedric; ArmorHelmet; ArmorLight,0x0008F959; 0x0006BBD4; 0x0006C0EE; 0x0006BBD3,ArmorMaterialDaedric,ArmorHelmet,VendorItemArmor,,,elleh\kynreeve armor\kalhoodedhelmetgo.nif,
DoD,D:\Wabbajack\modlists\DoD,Diaries of Dibella - Lord's Vision,Kynreeve Armor SSE,1569,Kynreeve Armor.esp,D:\Wabbajack\modlists\DoD\mods\Kynreeve Armor SSE\Kynreeve Armor.esp,0x020012DF,ehKAKynreeveHelmetLightArmor,Kynreeve Light Helmet,plugin,Light,Light,Light,0.0,1200,4.0,Head; Hair; Circlet; Ears,30; 31; 42; 43,VendorItemArmor; ArmorMaterialDaedric; ArmorHelmet; ArmorLight,0x0008F959; 0x0006BBD4; 0x0006C0EE; 0x0006BBD3,ArmorMaterialDaedric,ArmorHelmet,VendorItemArmor,,,elleh\kynreeve armor\kalhelmetgo.nif,
DoD,D:\Wabbajack\modlists\DoD,Diaries of Dibella - Lord's Vision,Kynreeve Armor SSE,1569,Kynreeve Armor.esp,D:\Wabbajack\modlists\DoD\mods\Kynreeve Armor SSE\Kynreeve Armor.esp,0x020012DE,ehKAKynreeveGlovesLightArmor,Kynreeve Light Gauntlets,plugin,Light,Light,Light,0.0,600,3.0,Hands,33,PerkFistsDaedric; ArmorMaterialDaedric; ArmorGauntlets; VendorItemArmor; ArmorLight,0x0002C17B; 0x0006BBD4; 0x0006C0EF; 0x0008F959; 0x0006BBD3,ArmorMaterialDaedric,ArmorGauntlets,VendorItemArmor,,,elleh\kynreeve armor\kalglovesgo.nif,
DoD,D:\Wabbajack\modlists\DoD,Diaries of Dibella - Lord's Vision,Kynreeve Armor SSE,1569,Kynreeve Armor.esp,D:\Wabbajack\modlists\DoD\mods\Kynreeve Armor SSE\Kynreeve Armor.esp,0x020012DD,ehKAKynreeveBootsLightArmor,Kynreeve Light Boots,plugin,Light,Light,Light,0.0,600,3.0,Feet,37,VendorItemArmor; ArmorMaterialDaedric; ArmorBoots; ArmorLight,0x0008F959; 0x0006BBD4; 0x0006C0ED; 0x0006BBD3,ArmorMaterialDaedric,ArmorBoots,VendorItemArmor,,,elleh\kynreeve armor\kalbootsgo.nif,
DoD,D:\Wabbajack\modlists\DoD,Diaries of Dibella - Lord's Vision,Kynreeve Armor SSE,1569,Kynreeve Armor.esp,D:\Wabbajack\modlists\DoD\mods\Kynreeve Armor SSE\Kynreeve Armor.esp,0x02000D6E,ehKAKynreeveHoodArmor,Kynreeve Hood,plugin,Light,Light,Light,0.0,300,2.0,Hair; Long Hair; Circlet; Ears,31; 41; 42; 43,VendorItemArmor; ArmorMaterialDaedric; ArmorLight; ArmorHelmet,0x0008F959; 0x0006BBD4; 0x0006BBD3; 0x0006C0EE,ArmorMaterialDaedric,ArmorHelmet,VendorItemArmor,,,elleh\kynreeve armor\kalhoodgo.nif,
DoD,D:\Wabbajack\modlists\DoD,Diaries of Dibella - Lord's Vision,Kynreeve Armor SSE,1569,Kynreeve Armor.esp,D:\Wabbajack\modlists\DoD\mods\Kynreeve Armor SSE\Kynreeve Armor.esp,0x02000D6B,ehKAKynreeveGlovesArmor,Kynreeve Gauntlets,plugin,Heavy,Heavy,Heavy,0.0,600,6.0,Hands,33,ArmorHeavy; ArmorMaterialDaedric; ArmorGauntlets; VendorItemArmor; PerkFistsDaedric,0x0006BBD2; 0x0006BBD4; 0x0006C0EF; 0x0008F959; 0x0002C17B,ArmorMaterialDaedric,ArmorGauntlets,VendorItemArmor,,,elleh\kynreeve armor\kalglovesgo.nif,
DoD,D:\Wabbajack\modlists\DoD,Diaries of Dibella - Lord's Vision,Kynreeve Armor SSE,1569,Kynreeve Armor.esp,D:\Wabbajack\modlists\DoD\mods\Kynreeve Armor SSE\Kynreeve Armor.esp,0x02000D6D,ehKAKynreeveHoodedHelmetArmor,Kynreeve Hooded Helmet,plugin,Heavy,Heavy,Heavy,0.0,1500,15.0,Head; Hair; Circlet; Ears,30; 31; 42; 43,ArmorHeavy; ArmorMaterialDaedric; ArmorHelmet; VendorItemArmor,0x0006BBD2; 0x0006BBD4; 0x0006C0EE; 0x0008F959,ArmorMaterialDaedric,ArmorHelmet,VendorItemArmor,,,elleh\kynreeve armor\kalhoodedhelmetgo.nif,
DoD,D:\Wabbajack\modlists\DoD,Diaries of Dibella - Lord's Vision,Kynreeve Armor SSE,1569,Kynreeve Armor.esp,D:\Wabbajack\modlists\DoD\mods\Kynreeve Armor SSE\Kynreeve Armor.esp,0x02000D6A,ehKAKynreeveTorsoArmor,Kynreeve Armor,plugin,Heavy,Heavy,Heavy,0.0,3100,50.0,Body,32,ArmorHeavy; ArmorMaterialDaedric; ArmorCuirass; VendorItemArmor,0x0006BBD2; 0x0006BBD4; 0x0006C0EC; 0x0008F959,ArmorMaterialDaedric,ArmorCuirass,VendorItemArmor,,,elleh\kynreeve armor\kaltorsogo.nif,
DoD,D:\Wabbajack\modlists\DoD,Diaries of Dibella - Lord's Vision,Kynreeve Armor SSE,1569,Kynreeve Armor.esp,D:\Wabbajack\modlists\DoD\mods\Kynreeve Armor SSE\Kynreeve Armor.esp,0x02000D6C,ehKAKynreeveHelmetArmor,Kynreeve Helmet,plugin,Heavy,Heavy,Heavy,0.0,1200,15.0,Head; Hair; Circlet; Ears,30; 31; 42; 43,ArmorHeavy; ArmorMaterialDaedric; ArmorHelmet; VendorItemArmor,0x0006BBD2; 0x0006BBD4; 0x0006C0EE; 0x0008F959,ArmorMaterialDaedric,ArmorHelmet,VendorItemArmor,,,elleh\kynreeve armor\kalhelmetgo.nif,
DoD,D:\Wabbajack\modlists\DoD,Diaries of Dibella - Lord's Vision,Savior's Hide Replacer 2,1689,SaviorsHideReplacer2.esp,D:\Wabbajack\modlists\DoD\mods\Savior's Hide Replacer 2\SaviorsHideReplacer2.esp,0x0002AC61,DA05SaviorsHide,Savior's Hide,plugin,Light,Light,Light,0.0,2000,8.0,Body,32,ArmorLight; ArmorMaterialEbony; ArmorCuirass; VendorItemDaedricArtifact; DaedricArtifact; MagicDisallowEnchanting; Survival_ArmorWarm,0x0006BBD3; 0x0006BBD8; 0x0006C0EC; 0x000917E8; 0x000A8668; 0x000C27BD; 0x01002ED9,ArmorMaterialEbony,ArmorCuirass,VendorItemDaedricArtifact,0x001097B7,,Armor\Savior'sHide\torsoGO.nif,
DoD,D:\Wabbajack\modlists\DoD,Diaries of Dibella - Lord's Vision,BD's Armor and clothes replacer CBBE 3BA - V1.42 Update file,1691,BD Armor and clothes replacer.esp,D:\Wabbajack\modlists\DoD\mods\BD's Armor and clothes replacer CBBE 3BA - V1.42 Update file\BD Armor and clothes replacer.esp,0x0001396D,ArmorDaedricHelmet,Daedric Helmet,plugin,Heavy,Heavy,Heavy,0.0,1600,15.0,Hair; Circlet,31; 42,ArmorHeavy; ArmorMaterialDaedric; ArmorHelmet; VendorItemArmor; Survival_ArmorWarm,0x0006BBD2; 0x0006BBD4; 0x0006C0EE; 0x0008F959; 0x01002ED9,ArmorMaterialDaedric,ArmorHelmet,VendorItemArmor,,,Armor\Daedric\DaedricHelmetGO.nif,
DoD,D:\Wabbajack\modlists\DoD,Diaries of Dibella - Lord's Vision,BD's Armor and clothes replacer CBBE 3BA - V1.42 Update file,1691,BD Armor and clothes replacer.esp,D:\Wabbajack\modlists\DoD\mods\BD's Armor and clothes replacer CBBE 3BA - V1.42 Update file\BD Armor and clothes replacer.esp,0x03029A62,DLC2MiraakMaskNew,Miraak,plugin,Heavy,Heavy,Heavy,0.0,100,9.0,Hair; Long Hair; Circlet; Ears,31; 41; 42; 43,ArmorHeavy; ArmorMaterialDaedric; ArmorHelmet; VendorItemArmor; MagicDisallowEnchanting; VendorItemDaedricArtifact,0x0006BBD2; 0x0006BBD4; 0x0006C0EE; 0x0008F959; 0x000C27BD; 0x000917E8,ArmorMaterialDaedric,ArmorHelmet,VendorItemArmor; VendorItemDaedricArtifact,0x030250E2,,DLC02\Clothes\MiraakRobes\MiraakHelm_GND.nif,DLC02\Clothes\MiraakRobes\MiraakHelm_GND.nif
DoD,D:\Wabbajack\modlists\DoD,Diaries of Dibella - Lord's Vision,BD's Armor and clothes replacer CBBE 3BA - V1.42 Update file,1691,BD Armor and clothes replacer.esp,D:\Wabbajack\modlists\DoD\mods\BD's Armor and clothes replacer CBBE 3BA - V1.42 Update file\BD Armor and clothes replacer.esp,0x03039D2B,DLC2MKMiraakMask1L,Miraak,plugin,Light,Light,Light,0.0,100,9.0,Hair; Long Hair; Circlet; Ears,31; 41; 42; 43,MagicDisallowEnchanting; ArmorMaterialDaedric; ArmorHelmet; VendorItemArmor; ArmorLight; VendorItemDaedricArtifact,0x000C27BD; 0x0006BBD4; 0x0006C0EE; 0x0008F959; 0x0006BBD3; 0x000917E8,ArmorMaterialDaedric,ArmorHelmet,VendorItemArmor; VendorItemDaedricArtifact,0x000B7A31,,DLC02\Clothes\MiraakRobes\MiraakHelm_GND.nif,DLC02\Clothes\MiraakRobes\MiraakHelm_GND.nif
DoD,D:\Wabbajack\modlists\DoD,Diaries of Dibella - Lord's Vision,BD's Armor and clothes replacer CBBE 3BA - V1.42 Update file,1691,BD Armor and clothes replacer.esp,D:\Wabbajack\modlists\DoD\mods\BD's Armor and clothes replacer CBBE 3BA - V1.42 Update file\BD Armor and clothes replacer.esp,0x03039D2E,DLC2MKMiraakMask2L,Miraak,plugin,Light,Light,Light,0.0,100,9.0,Hair; Long Hair; Circlet; Ears,31; 41; 42; 43,MagicDisallowEnchanting; ArmorMaterialDaedric; ArmorHelmet; VendorItemArmor; ArmorLight; VendorItemDaedricArtifact,0x000C27BD; 0x0006BBD4; 0x0006C0EE; 0x0008F959; 0x0006BBD3; 0x000917E8,ArmorMaterialDaedric,ArmorHelmet,VendorItemArmor; VendorItemDaedricArtifact,0x000B7A32,,DLC02\Clothes\MiraakRobes\MiraakHelm_GND.nif,DLC02\Clothes\MiraakRobes\MiraakHelm_GND.nif
DoD,D:\Wabbajack\modlists\DoD,Diaries of Dibella - Lord's Vision,BD's Armor and clothes replacer CBBE 3BA - V1.42 Update file,1691,BD Armor and clothes replacer.esp,D:\Wabbajack\modlists\DoD\mods\BD's Armor and clothes replacer CBBE 3BA - V1.42 Update file\BD Armor and clothes replacer.esp,0x03039D2F,DLC2MKMiraakMask3L,Miraak,plugin,Light,Light,Light,0.0,100,9.0,Hair; Long Hair; Circlet; Ears,31; 41; 42; 43,ArmorLight; ArmorMaterialDaedric; ArmorHelmet; VendorItemArmor; MagicDisallowEnchanting; VendorItemDaedricArtifact,0x0006BBD3; 0x0006BBD4; 0x0006C0EE; 0x0008F959; 0x000C27BD; 0x000917E8,ArmorMaterialDaedric,ArmorHelmet,VendorItemArmor; VendorItemDaedricArtifact,0x000B7A33,,DLC02\Clothes\MiraakRobes\MiraakHelm_GND.nif,DLC02\Clothes\MiraakRobes\MiraakHelm_GND.nif
DoD,D:\Wabbajack\modlists\DoD,Diaries of Dibella - Lord's Vision,BD's Armor and clothes replacer CBBE 3BA - V1.42 Update file,1691,BD Armor and clothes replacer.esp,D:\Wabbajack\modlists\DoD\mods\BD's Armor and clothes replacer CBBE 3BA - V1.42 Update file\BD Armor and clothes replacer.esp,0x03039FA1,DLC2MKMiraakMask1H,Miraak,plugin,Heavy,Heavy,Heavy,0.0,100,9.0,Hair; Long Hair; Circlet; Ears,31; 41; 42; 43,ArmorHeavy; ArmorMaterialDaedric; ArmorHelmet; VendorItemArmor; MagicDisallowEnchanting; VendorItemDaedricArtifact,0x0006BBD2; 0x0006BBD4; 0x0006C0EE; 0x0008F959; 0x000C27BD; 0x000917E8,ArmorMaterialDaedric,ArmorHelmet,VendorItemArmor; VendorItemDaedricArtifact,0x000AD46C,,DLC02\Clothes\MiraakRobes\MiraakHelm_GND.nif,DLC02\Clothes\MiraakRobes\MiraakHelm_GND.nif
DoD,D:\Wabbajack\modlists\DoD,Diaries of Dibella - Lord's Vision,BD's Armor and clothes replacer CBBE 3BA - V1.42 Update file,1691,BD Armor and clothes replacer.esp,D:\Wabbajack\modlists\DoD\mods\BD's Armor and clothes replacer CBBE 3BA - V1.42 Update file\BD Armor and clothes replacer.esp,0x03039FA2,DLC2MKMiraakMask2H,Miraak,plugin,Heavy,Heavy,Heavy,0.0,100,9.0,Hair; Long Hair; Circlet; Ears,31; 41; 42; 43,ArmorHeavy; ArmorMaterialDaedric; ArmorHelmet; VendorItemArmor; MagicDisallowEnchanting; VendorItemDaedricArtifact,0x0006BBD2; 0x0006BBD4; 0x0006C0EE; 0x0008F959; 0x000C27BD; 0x000917E8,ArmorMaterialDaedric,ArmorHelmet,VendorItemArmor; VendorItemDaedricArtifact,0x000B7A32,,DLC02\Clothes\MiraakRobes\MiraakHelm_GND.nif,DLC02\Clothes\MiraakRobes\MiraakHelm_GND.nif
DoD,D:\Wabbajack\modlists\DoD,Diaries of Dibella - Lord's Vision,BD's Armor and clothes replacer CBBE 3BA - V1.42 Update file,1691,BD Armor and clothes replacer.esp,D:\Wabbajack\modlists\DoD\mods\BD's Armor and clothes replacer CBBE 3BA - V1.42 Update file\BD Armor and clothes replacer.esp,0x03039FA3,DLC2MKMiraakMask3H,Miraak,plugin,Heavy,Heavy,Heavy,0.0,100,9.0,Hair; Long Hair; Circlet; Ears,31; 41; 42; 43,ArmorHeavy; ArmorMaterialDaedric; ArmorHelmet; VendorItemArmor; MagicDisallowEnchanting; VendorItemDaedricArtifact,0x0006BBD2; 0x0006BBD4; 0x0006C0EE; 0x0008F959; 0x000C27BD; 0x000917E8,ArmorMaterialDaedric,ArmorHelmet,VendorItemArmor; VendorItemDaedricArtifact,0x000B7A33,,DLC02\Clothes\MiraakRobes\MiraakHelm_GND.nif,DLC02\Clothes\MiraakRobes\MiraakHelm_GND.nif
DoD,D:\Wabbajack\modlists\DoD,Diaries of Dibella - Lord's Vision,BD's Armor and clothes replacer CBBE 3BA - V1.42 Update file,1691,BD Armor and clothes replacer.esp,D:\Wabbajack\modlists\DoD\mods\BD's Armor and clothes replacer CBBE 3BA - V1.42 Update file\BD Armor and clothes replacer.esp,0x0303C0F1,DLC2MKMiraakFightMask1,Miraak's Mask,plugin,Heavy,Heavy,Heavy,0.0,500,9.0,Hair; Long Hair; Circlet; Ears,31; 41; 42; 43,ArmorHeavy; ArmorMaterialDaedric; ArmorHelmet; VendorItemArmor; MagicDisallowEnchanting; VendorItemDaedricArtifact,0x0006BBD2; 0x0006BBD4; 0x0006C0EE; 0x0008F959; 0x000C27BD; 0x000917E8,ArmorMaterialDaedric,ArmorHelmet,VendorItemArmor; VendorItemDaedricArtifact,0x000FC05B,,DLC02\Clothes\MiraakRobes\MiraakHelm_GND.nif,DLC02\Clothes\MiraakRobes\MiraakHelm_GND.nif
DoD,D:\Wabbajack\modlists\DoD,Diaries of Dibella - Lord's Vision,BD's Armor and clothes replacer CBBE 3BA - V1.42 Update file,1691,BD Armor and clothes replacer.esp,D:\Wabbajack\modlists\DoD\mods\BD's Armor and clothes replacer CBBE 3BA - V1.42 Update file\BD Armor and clothes replacer.esp,0x0303C0F2,DLC2MKMiraakFightMask2,Miraak's Mask,plugin,Heavy,Heavy,Heavy,0.0,500,9.0,Hair; Long Hair; Circlet; Ears,31; 41; 42; 43,ArmorHeavy; ArmorMaterialDaedric; ArmorHelmet; VendorItemArmor; MagicDisallowEnchanting; VendorItemDaedricArtifact,0x0006BBD2; 0x0006BBD4; 0x0006C0EE; 0x0008F959; 0x000C27BD; 0x000917E8,ArmorMaterialDaedric,ArmorHelmet,VendorItemArmor; VendorItemDaedricArtifact,0x000FC05B,,DLC02\Clothes\MiraakRobes\MiraakHelm_GND.nif,DLC02\Clothes\MiraakRobes\MiraakHelm_GND.nif
DoD,D:\Wabbajack\modlists\DoD,Diaries of Dibella - Lord's Vision,BD's Armor and clothes replacer CBBE 3BA - V1.42 Update file,1691,BD Armor and clothes replacer.esp,D:\Wabbajack\modlists\DoD\mods\BD's Armor and clothes replacer CBBE 3BA - V1.42 Update file\BD Armor and clothes replacer.esp,0x0303C0F3,DLC2MKMiraakFightMask3,Miraak's Mask,plugin,Heavy,Heavy,Heavy,0.0,500,9.0,Hair; Long Hair; Circlet; Ears,31; 41; 42; 43,ArmorHeavy; ArmorMaterialDaedric; ArmorHelmet; VendorItemArmor; MagicDisallowEnchanting; VendorItemDaedricArtifact,0x0006BBD2; 0x0006BBD4; 0x0006C0EE; 0x0008F959; 0x000C27BD; 0x000917E8,ArmorMaterialDaedric,ArmorHelmet,VendorItemArmor; VendorItemDaedricArtifact,0x000FC05B,,DLC02\Clothes\MiraakRobes\MiraakHelm_GND.nif,DLC02\Clothes\MiraakRobes\MiraakHelm_GND.nif
DoD,D:\Wabbajack\modlists\DoD,Diaries of Dibella - Lord's Vision,BD's Armor and clothes replacer CBBE 3BA - V1.42 Update file,1691,BD Armor and clothes replacer.esp,D:\Wabbajack\modlists\DoD\mods\BD's Armor and clothes replacer CBBE 3BA - V1.42 Update file\BD Armor and clothes replacer.esp,0x0303C0F4,DLC2MKMiraakFightMask4,Miraak's Mask,plugin,Heavy,Heavy,Heavy,0.0,500,9.0,Hair; Long Hair; Circlet; Ears,31; 41; 42; 43,ArmorHeavy; ArmorMaterialDaedric; ArmorHelmet; VendorItemArmor; MagicDisallowEnchanting; VendorItemDaedricArtifact,0x0006BBD2; 0x0006BBD4; 0x0006C0EE; 0x0008F959; 0x000C27BD; 0x000917E8,ArmorMaterialDaedric,ArmorHelmet,VendorItemArmor; VendorItemDaedricArtifact,0x000FC05B,,DLC02\Clothes\MiraakRobes\MiraakHelm_GND.nif,DLC02\Clothes\MiraakRobes\MiraakHelm_GND.nif
DoD,D:\Wabbajack\modlists\DoD,Diaries of Dibella - Lord's Vision,BD's Armor and clothes replacer CBBE 3BA - V1.42 Update file,1691,BD Armor and clothes replacer.esp,D:\Wabbajack\modlists\DoD\mods\BD's Armor and clothes replacer CBBE 3BA - V1.42 Update file\BD Armor and clothes replacer.esp,0x0303C0F5,DLC2MKMiraakFightMask5,Miraak's Mask,plugin,Heavy,Heavy,Heavy,0.0,500,9.0,Hair; Long Hair; Circlet; Ears,31; 41; 42; 43,ArmorHeavy; ArmorMaterialDaedric; ArmorHelmet; VendorItemArmor; MagicDisallowEnchanting; VendorItemDaedricArtifact,0x0006BBD2; 0x0006BBD4; 0x0006C0EE; 0x0008F959; 0x000C27BD; 0x000917E8,ArmorMaterialDaedric,ArmorHelmet,VendorItemArmor; VendorItemDaedricArtifact,0x000FC05B,,DLC02\Clothes\MiraakRobes\MiraakHelm_GND.nif,DLC02\Clothes\MiraakRobes\MiraakHelm_GND.nif
DoD,D:\Wabbajack\modlists\DoD,Diaries of Dibella - Lord's Vision,BD's Armor and clothes replacer CBBE 3BA - V1.42 Update file,1691,BD Armor and clothes replacer.esp,D:\Wabbajack\modlists\DoD\mods\BD's Armor and clothes replacer CBBE 3BA - V1.42 Update file\BD Armor and clothes replacer.esp,0x0303C0F6,DLC2MKMiraakFightMask6,Miraak's Mask,plugin,Heavy,Heavy,Heavy,0.0,500,9.0,Hair; Long Hair; Circlet; Ears,31; 41; 42; 43,ArmorHeavy; ArmorMaterialDaedric; ArmorHelmet; VendorItemArmor; MagicDisallowEnchanting; VendorItemDaedricArtifact,0x0006BBD2; 0x0006BBD4; 0x0006C0EE; 0x0008F959; 0x000C27BD; 0x000917E8,ArmorMaterialDaedric,ArmorHelmet,VendorItemArmor; VendorItemDaedricArtifact,0x000FC05B,,DLC02\Clothes\MiraakRobes\MiraakHelm_GND.nif,DLC02\Clothes\MiraakRobes\MiraakHelm_GND.nif
DoD,D:\Wabbajack\modlists\DoD,Diaries of Dibella - Lord's Vision,BDs Armor and Clothes Replacer CBBE 3BA,1692,BD Armor and clothes replacer.esp,D:\Wabbajack\modlists\DoD\mods\BDs Armor and Clothes Replacer CBBE 3BA\BD Armor and clothes replacer.esp,0x0001396D,ArmorDaedricHelmet,Daedric Helmet,plugin,Heavy,Heavy,Heavy,0.0,1600,15.0,Hair; Circlet,31; 42,ArmorHeavy; ArmorMaterialDaedric; ArmorHelmet; VendorItemArmor; Survival_ArmorWarm,0x0006BBD2; 0x0006BBD4; 0x0006C0EE; 0x0008F959; 0x01002ED9,ArmorMaterialDaedric,ArmorHelmet,VendorItemArmor,,,Armor\Daedric\DaedricHelmetGO.nif,
DoD,D:\Wabbajack\modlists\DoD,Diaries of Dibella - Lord's Vision,BDs Armor and Clothes Replacer CBBE 3BA,1692,BD Armor and clothes replacer.esp,D:\Wabbajack\modlists\DoD\mods\BDs Armor and Clothes Replacer CBBE 3BA\BD Armor and clothes replacer.esp,0x03029A62,DLC2MiraakMaskNew,Miraak,plugin,Heavy,Heavy,Heavy,0.0,100,9.0,Hair; Long Hair; Circlet; Ears,31; 41; 42; 43,ArmorHeavy; ArmorMaterialDaedric; ArmorHelmet; VendorItemArmor; MagicDisallowEnchanting; VendorItemDaedricArtifact,0x0006BBD2; 0x0006BBD4; 0x0006C0EE; 0x0008F959; 0x000C27BD; 0x000917E8,ArmorMaterialDaedric,ArmorHelmet,VendorItemArmor; VendorItemDaedricArtifact,0x030250E2,,DLC02\Clothes\MiraakRobes\MiraakHelm_GND.nif,DLC02\Clothes\MiraakRobes\MiraakHelm_GND.nif
DoD,D:\Wabbajack\modlists\DoD,Diaries of Dibella - Lord's Vision,BDs Armor and Clothes Replacer CBBE 3BA,1692,BD Armor and clothes replacer.esp,D:\Wabbajack\modlists\DoD\mods\BDs Armor and Clothes Replacer CBBE 3BA\BD Armor and clothes replacer.esp,0x03039D2B,DLC2MKMiraakMask1L,Miraak,plugin,Light,Light,Light,0.0,100,9.0,Hair; Long Hair; Circlet; Ears,31; 41; 42; 43,MagicDisallowEnchanting; ArmorMaterialDaedric; ArmorHelmet; VendorItemArmor; ArmorLight; VendorItemDaedricArtifact,0x000C27BD; 0x0006BBD4; 0x0006C0EE; 0x0008F959; 0x0006BBD3; 0x000917E8,ArmorMaterialDaedric,ArmorHelmet,VendorItemArmor; VendorItemDaedricArtifact,0x000B7A31,,DLC02\Clothes\MiraakRobes\MiraakHelm_GND.nif,DLC02\Clothes\MiraakRobes\MiraakHelm_GND.nif
DoD,D:\Wabbajack\modlists\DoD,Diaries of Dibella - Lord's Vision,BDs Armor and Clothes Replacer CBBE 3BA,1692,BD Armor and clothes replacer.esp,D:\Wabbajack\modlists\DoD\mods\BDs Armor and Clothes Replacer CBBE 3BA\BD Armor and clothes replacer.esp,0x03039D2E,DLC2MKMiraakMask2L,Miraak,plugin,Light,Light,Light,0.0,100,9.0,Hair; Long Hair; Circlet; Ears,31; 41; 42; 43,MagicDisallowEnchanting; ArmorMaterialDaedric; ArmorHelmet; VendorItemArmor; ArmorLight; VendorItemDaedricArtifact,0x000C27BD; 0x0006BBD4; 0x0006C0EE; 0x0008F959; 0x0006BBD3; 0x000917E8,ArmorMaterialDaedric,ArmorHelmet,VendorItemArmor; VendorItemDaedricArtifact,0x000B7A32,,DLC02\Clothes\MiraakRobes\MiraakHelm_GND.nif,DLC02\Clothes\MiraakRobes\MiraakHelm_GND.nif
DoD,D:\Wabbajack\modlists\DoD,Diaries of Dibella - Lord's Vision,BDs Armor and Clothes Replacer CBBE 3BA,1692,BD Armor and clothes replacer.esp,D:\Wabbajack\modlists\DoD\mods\BDs Armor and Clothes Replacer CBBE 3BA\BD Armor and clothes replacer.esp,0x03039D2F,DLC2MKMiraakMask3L,Miraak,plugin,Light,Light,Light,0.0,100,9.0,Hair; Long Hair; Circlet; Ears,31; 41; 42; 43,ArmorLight; ArmorMaterialDaedric; ArmorHelmet; VendorItemArmor; MagicDisallowEnchanting; VendorItemDaedricArtifact,0x0006BBD3; 0x0006BBD4; 0x0006C0EE; 0x0008F959; 0x000C27BD; 0x000917E8,ArmorMaterialDaedric,ArmorHelmet,VendorItemArmor; VendorItemDaedricArtifact,0x000B7A33,,DLC02\Clothes\MiraakRobes\MiraakHelm_GND.nif,DLC02\Clothes\MiraakRobes\MiraakHelm_GND.nif
DoD,D:\Wabbajack\modlists\DoD,Diaries of Dibella - Lord's Vision,BDs Armor and Clothes Replacer CBBE 3BA,1692,BD Armor and clothes replacer.esp,D:\Wabbajack\modlists\DoD\mods\BDs Armor and Clothes Replacer CBBE 3BA\BD Armor and clothes replacer.esp,0x03039FA1,DLC2MKMiraakMask1H,Miraak,plugin,Heavy,Heavy,Heavy,0.0,100,9.0,Hair; Long Hair; Circlet; Ears,31; 41; 42; 43,ArmorHeavy; ArmorMaterialDaedric; ArmorHelmet; VendorItemArmor; MagicDisallowEnchanting; VendorItemDaedricArtifact,0x0006BBD2; 0x0006BBD4; 0x0006C0EE; 0x0008F959; 0x000C27BD; 0x000917E8,ArmorMaterialDaedric,ArmorHelmet,VendorItemArmor; VendorItemDaedricArtifact,0x000AD46C,,DLC02\Clothes\MiraakRobes\MiraakHelm_GND.nif,DLC02\Clothes\MiraakRobes\MiraakHelm_GND.nif
DoD,D:\Wabbajack\modlists\DoD,Diaries of Dibella - Lord's Vision,BDs Armor and Clothes Replacer CBBE 3BA,1692,BD Armor and clothes replacer.esp,D:\Wabbajack\modlists\DoD\mods\BDs Armor and Clothes Replacer CBBE 3BA\BD Armor and clothes replacer.esp,0x03039FA2,DLC2MKMiraakMask2H,Miraak,plugin,Heavy,Heavy,Heavy,0.0,100,9.0,Hair; Long Hair; Circlet; Ears,31; 41; 42; 43,ArmorHeavy; ArmorMaterialDaedric; ArmorHelmet; VendorItemArmor; MagicDisallowEnchanting; VendorItemDaedricArtifact,0x0006BBD2; 0x0006BBD4; 0x0006C0EE; 0x0008F959; 0x000C27BD; 0x000917E8,ArmorMaterialDaedric,ArmorHelmet,VendorItemArmor; VendorItemDaedricArtifact,0x000B7A32,,DLC02\Clothes\MiraakRobes\MiraakHelm_GND.nif,DLC02\Clothes\MiraakRobes\MiraakHelm_GND.nif
DoD,D:\Wabbajack\modlists\DoD,Diaries of Dibella - Lord's Vision,BDs Armor and Clothes Replacer CBBE 3BA,1692,BD Armor and clothes replacer.esp,D:\Wabbajack\modlists\DoD\mods\BDs Armor and Clothes Replacer CBBE 3BA\BD Armor and clothes replacer.esp,0x03039FA3,DLC2MKMiraakMask3H,Miraak,plugin,Heavy,Heavy,Heavy,0.0,100,9.0,Hair; Long Hair; Circlet; Ears,31; 41; 42; 43,ArmorHeavy; ArmorMaterialDaedric; ArmorHelmet; VendorItemArmor; MagicDisallowEnchanting; VendorItemDaedricArtifact,0x0006BBD2; 0x0006BBD4; 0x0006C0EE; 0x0008F959; 0x000C27BD; 0x000917E8,ArmorMaterialDaedric,ArmorHelmet,VendorItemArmor; VendorItemDaedricArtifact,0x000B7A33,,DLC02\Clothes\MiraakRobes\MiraakHelm_GND.nif,DLC02\Clothes\MiraakRobes\MiraakHelm_GND.nif
DoD,D:\Wabbajack\modlists\DoD,Diaries of Dibella - Lord's Vision,BDs Armor and Clothes Replacer CBBE 3BA,1692,BD Armor and clothes replacer.esp,D:\Wabbajack\modlists\DoD\mods\BDs Armor and Clothes Replacer CBBE 3BA\BD Armor and clothes replacer.esp,0x0303C0F1,DLC2MKMiraakFightMask1,Miraak's Mask,plugin,Heavy,Heavy,Heavy,0.0,500,9.0,Hair; Long Hair; Circlet; Ears,31; 41; 42; 43,ArmorHeavy; ArmorMaterialDaedric; ArmorHelmet; VendorItemArmor; MagicDisallowEnchanting; VendorItemDaedricArtifact,0x0006BBD2; 0x0006BBD4; 0x0006C0EE; 0x0008F959; 0x000C27BD; 0x000917E8,ArmorMaterialDaedric,ArmorHelmet,VendorItemArmor; VendorItemDaedricArtifact,0x000FC05B,,DLC02\Clothes\MiraakRobes\MiraakHelm_GND.nif,DLC02\Clothes\MiraakRobes\MiraakHelm_GND.nif
DoD,D:\Wabbajack\modlists\DoD,Diaries of Dibella - Lord's Vision,BDs Armor and Clothes Replacer CBBE 3BA,1692,BD Armor and clothes replacer.esp,D:\Wabbajack\modlists\DoD\mods\BDs Armor and Clothes Replacer CBBE 3BA\BD Armor and clothes replacer.esp,0x0303C0F2,DLC2MKMiraakFightMask2,Miraak's Mask,plugin,Heavy,Heavy,Heavy,0.0,500,9.0,Hair; Long Hair; Circlet; Ears,31; 41; 42; 43,ArmorHeavy; ArmorMaterialDaedric; ArmorHelmet; VendorItemArmor; MagicDisallowEnchanting; VendorItemDaedricArtifact,0x0006BBD2; 0x0006BBD4; 0x0006C0EE; 0x0008F959; 0x000C27BD; 0x000917E8,ArmorMaterialDaedric,ArmorHelmet,VendorItemArmor; VendorItemDaedricArtifact,0x000FC05B,,DLC02\Clothes\MiraakRobes\MiraakHelm_GND.nif,DLC02\Clothes\MiraakRobes\MiraakHelm_GND.nif
DoD,D:\Wabbajack\modlists\DoD,Diaries of Dibella - Lord's Vision,BDs Armor and Clothes Replacer CBBE 3BA,1692,BD Armor and clothes replacer.esp,D:\Wabbajack\modlists\DoD\mods\BDs Armor and Clothes Replacer CBBE 3BA\BD Armor and clothes replacer.esp,0x0303C0F3,DLC2MKMiraakFightMask3,Miraak's Mask,plugin,Heavy,Heavy,Heavy,0.0,500,9.0,Hair; Long Hair; Circlet; Ears,31; 41; 42; 43,ArmorHeavy; ArmorMaterialDaedric; ArmorHelmet; VendorItemArmor; MagicDisallowEnchanting; VendorItemDaedricArtifact,0x0006BBD2; 0x0006BBD4; 0x0006C0EE; 0x0008F959; 0x000C27BD; 0x000917E8,ArmorMaterialDaedric,ArmorHelmet,VendorItemArmor; VendorItemDaedricArtifact,0x000FC05B,,DLC02\Clothes\MiraakRobes\MiraakHelm_GND.nif,DLC02\Clothes\MiraakRobes\MiraakHelm_GND.nif
DoD,D:\Wabbajack\modlists\DoD,Diaries of Dibella - Lord's Vision,BDs Armor and Clothes Replacer CBBE 3BA,1692,BD Armor and clothes replacer.esp,D:\Wabbajack\modlists\DoD\mods\BDs Armor and Clothes Replacer CBBE 3BA\BD Armor and clothes replacer.esp,0x0303C0F4,DLC2MKMiraakFightMask4,Miraak's Mask,plugin,Heavy,Heavy,Heavy,0.0,500,9.0,Hair; Long Hair; Circlet; Ears,31; 41; 42; 43,ArmorHeavy; ArmorMaterialDaedric; ArmorHelmet; VendorItemArmor; MagicDisallowEnchanting; VendorItemDaedricArtifact,0x0006BBD2; 0x0006BBD4; 0x0006C0EE; 0x0008F959; 0x000C27BD; 0x000917E8,ArmorMaterialDaedric,ArmorHelmet,VendorItemArmor; VendorItemDaedricArtifact,0x000FC05B,,DLC02\Clothes\MiraakRobes\MiraakHelm_GND.nif,DLC02\Clothes\MiraakRobes\MiraakHelm_GND.nif
DoD,D:\Wabbajack\modlists\DoD,Diaries of Dibella - Lord's Vision,BDs Armor and Clothes Replacer CBBE 3BA,1692,BD Armor and clothes replacer.esp,D:\Wabbajack\modlists\DoD\mods\BDs Armor and Clothes Replacer CBBE 3BA\BD Armor and clothes replacer.esp,0x0303C0F5,DLC2MKMiraakFightMask5,Miraak's Mask,plugin,Heavy,Heavy,Heavy,0.0,500,9.0,Hair; Long Hair; Circlet; Ears,31; 41; 42; 43,ArmorHeavy; ArmorMaterialDaedric; ArmorHelmet; VendorItemArmor; MagicDisallowEnchanting; VendorItemDaedricArtifact,0x0006BBD2; 0x0006BBD4; 0x0006C0EE; 0x0008F959; 0x000C27BD; 0x000917E8,ArmorMaterialDaedric,ArmorHelmet,VendorItemArmor; VendorItemDaedricArtifact,0x000FC05B,,DLC02\Clothes\MiraakRobes\MiraakHelm_GND.nif,DLC02\Clothes\MiraakRobes\MiraakHelm_GND.nif
DoD,D:\Wabbajack\modlists\DoD,Diaries of Dibella - Lord's Vision,BDs Armor and Clothes Replacer CBBE 3BA,1692,BD Armor and clothes replacer.esp,D:\Wabbajack\modlists\DoD\mods\BDs Armor and Clothes Replacer CBBE 3BA\BD Armor and clothes replacer.esp,0x0303C0F6,DLC2MKMiraakFightMask6,Miraak's Mask,plugin,Heavy,Heavy,Heavy,0.0,500,9.0,Hair; Long Hair; Circlet; Ears,31; 41; 42; 43,ArmorHeavy; ArmorMaterialDaedric; ArmorHelmet; VendorItemArmor; MagicDisallowEnchanting; VendorItemDaedricArtifact,0x0006BBD2; 0x0006BBD4; 0x0006C0EE; 0x0008F959; 0x000C27BD; 0x000917E8,ArmorMaterialDaedric,ArmorHelmet,VendorItemArmor; VendorItemDaedricArtifact,0x000FC05B,,DLC02\Clothes\MiraakRobes\MiraakHelm_GND.nif,DLC02\Clothes\MiraakRobes\MiraakHelm_GND.nif
DoD,D:\Wabbajack\modlists\DoD,Diaries of Dibella - Lord's Vision,Obi's SkimpyDemon armor 3BA,1752,Obi's SkimpyDemonArmor.esp,D:\Wabbajack\modlists\DoD\mods\Obi's SkimpyDemon armor 3BA\Obi's SkimpyDemonArmor.esp,0x01000004,1_SkimpyDemonHeels,SkimpyDemonHeels,plugin,Heavy,Clothing,Heavy,0.0,625,1.0,Feet,37,ArmorHeavy; ArmorMaterialDaedric; ArmorBoots; VendorItemArmor,0x0006BBD2; 0x0006BBD4; 0x0006C0ED; 0x0008F959,ArmorMaterialDaedric,ArmorBoots,VendorItemArmor,,,Obicnii\SkimpyDemon\Heels_GO.nif,Obicnii\SkimpyDemon\Heels_GO.nif
DoD,D:\Wabbajack\modlists\DoD,Diaries of Dibella - Lord's Vision,Obi's SkimpyDemon armor 3BA,1752,Obi's SkimpyDemonArmor.esp,D:\Wabbajack\modlists\DoD\mods\Obi's SkimpyDemon armor 3BA\Obi's SkimpyDemonArmor.esp,0x01000005,1_SkimpyDemonTop,SkimpyDemonTop,plugin,Heavy,Clothing,Heavy,0.0,640,1.0,Body,32,ArmorHeavy; ArmorMaterialDaedric; ArmorCuirass; VendorItemArmor,0x0006BBD2; 0x0006BBD4; 0x0006C0EC; 0x0008F959,ArmorMaterialDaedric,ArmorCuirass,VendorItemArmor,,,Obicnii\SkimpyDemon\Top_GO.nif,Obicnii\SkimpyDemon\Top_GO.nif
DoD,D:\Wabbajack\modlists\DoD,Diaries of Dibella - Lord's Vision,Obi's SkimpyDemon armor 3BA,1752,Obi's SkimpyDemonArmor.esp,D:\Wabbajack\modlists\DoD\mods\Obi's SkimpyDemon armor 3BA\Obi's SkimpyDemonArmor.esp,0x01000006,1_SkimpyDemonGloves,SkimpyDemonLongGloves,plugin,Heavy,Clothing,Heavy,0.0,125,1.0,Hands,33,ArmorHeavy; ArmorMaterialDaedric; ArmorGauntlets; VendorItemArmor; PerkFistsDaedric,0x0006BBD2; 0x0006BBD4; 0x0006C0EF; 0x0008F959; 0x0002C17B,ArmorMaterialDaedric,ArmorGauntlets,VendorItemArmor,,,Obicnii\SkimpyDemon\Gloves_GO.nif,Obicnii\SkimpyDemon\Gloves_GO.nif
DoD,D:\Wabbajack\modlists\DoD,Diaries of Dibella - Lord's Vision,Obi's SkimpyDemon armor 3BA,1752,Obi's SkimpyDemonArmor.esp,D:\Wabbajack\modlists\DoD\mods\Obi's SkimpyDemon armor 3BA\Obi's SkimpyDemonArmor.esp,0x01000007,1_SkimpyDemonThighs,SkimpyDemonThighs,plugin,Heavy,Clothing,Heavy,0.0,640,1.0,Custom Slot (49),49,ArmorHeavy; ArmorMaterialDaedric; ArmorCuirass; VendorItemArmor,0x0006BBD2; 0x0006BBD4; 0x0006C0EC; 0x0008F959,ArmorMaterialDaedric,ArmorCuirass,VendorItemArmor,,,Obicnii\SkimpyDemon\Thighs_GO.nif,Obicnii\SkimpyDemon\Thighs_GO.nif
DoD,D:\Wabbajack\modlists\DoD,Diaries of Dibella - Lord's Vision,Obi's Ghoul Armor CBBE 3BA 2K,1765,GhoulArmor.esp,D:\Wabbajack\modlists\DoD\mods\Obi's Ghoul Armor CBBE 3BA 2K\GhoulArmor.esp,0x01000D6A,1_GhoulArmor,Ghoul Armor,plugin,Heavy,Heavy,Heavy,0.0,3200,10.0,Body; Custom Slot (46); Custom Slot (53),32; 46; 53,ArmorHeavy; ArmorMaterialDaedric; ArmorCuirass; VendorItemArmor,0x0006BBD2; 0x0006BBD4; 0x0006C0EC; 0x0008F959,ArmorMaterialDaedric,ArmorCuirass,VendorItemArmor,,,armor\Obicnii\Torso_Go.nif,armor\Obicnii\Torso_Go.nif
DoD,D:\Wabbajack\modlists\DoD,Diaries of Dibella - Lord's Vision,Melodic Reverse Bunnysuit - CBBE SE,1777,[Melodic] Reverse Bunnysuit.esp,D:\Wabbajack\modlists\DoD\mods\Melodic Reverse Bunnysuit - CBBE SE\[Melodic] Reverse Bunnysuit.esp,0x02000808,0RBunnysuitArms,Reverse Bunnysuit Arms,plugin,Light,Light,Light,0.0,625,1.0,Custom Slot (54),54,ArmorLight; ArmorMaterialLeather; ArmorGauntlets; VendorItemArmor; PerkFistsDaedric,0x0006BBD3; 0x0006BBDB; 0x0006C0EF; 0x0008F959; 0x0002C17B,ArmorMaterialLeather,ArmorGauntlets,VendorItemArmor,,,Melodic\Reverse Bunnysuit\Arms_gnd.nif,Melodic\Reverse Bunnysuit\Arms_gnd.nif
DoD,D:\Wabbajack\modlists\DoD,Diaries of Dibella - Lord's Vision,Melodic Reverse Bunnysuit - CBBE SE,1777,[Melodic] Reverse Bunnysuit.esp,D:\Wabbajack\modlists\DoD\mods\Melodic Reverse Bunnysuit - CBBE SE\[Melodic] Reverse Bunnysuit.esp,0x02000834,0RBunnysuitArmsBlue,Reverse Bunnysuit Arms Blue,plugin,Light,Light,Light,0.0,625,1.0,Custom Slot (54),54,ArmorLight; ArmorGauntlets; VendorItemArmor; PerkFistsDaedric; ArmorMaterialLeather,0x0006BBD3; 0x0006C0EF; 0x0008F959; 0x0002C17B; 0x0006BBDB,ArmorMaterialLeather,ArmorGauntlets,VendorItemArmor,,,Melodic\Reverse Bunnysuit\Arms_gnd.nif,Melodic\Reverse Bunnysuit\Arms_gnd.nif
DoD,D:\Wabbajack\modlists\DoD,Diaries of Dibella - Lord's Vision,Melodic Reverse Bunnysuit - CBBE SE,1777,[Melodic] Reverse Bunnysuit.esp,D:\Wabbajack\modlists\DoD\mods\Melodic Reverse Bunnysuit - CBBE SE\[Melodic] Reverse Bunnysuit.esp,0x02000839,0RBunnysuitArmsBrown,Reverse Bunnysuit Arms Brown,plugin,Light,Light,Light,0.0,625,1.0,Custom Slot (54),54,ArmorLight; ArmorGauntlets; VendorItemArmor; PerkFistsDaedric; ArmorMaterialLeather,0x0006BBD3; 0x0006C0EF; 0x0008F959; 0x0002C17B; 0x0006BBDB,ArmorMaterialLeather,ArmorGauntlets,VendorItemArmor,,,Melodic\Reverse Bunnysuit\Arms_gnd.nif,Melodic\Reverse Bunnysuit\Arms_gnd.nif
DoD,D:\Wabbajack\modlists\DoD,Diaries of Dibella - Lord's Vision,Melodic Reverse Bunnysuit - CBBE SE,1777,[Melodic] Reverse Bunnysuit.esp,D:\Wabbajack\modlists\DoD\mods\Melodic Reverse Bunnysuit - CBBE SE\[Melodic] Reverse Bunnysuit.esp,0x0200083E,0RBunnysuitArmsGreen,Reverse Bunnysuit Arms Green,plugin,Light,Light,Light,0.0,625,1.0,Custom Slot (54),54,ArmorLight; ArmorGauntlets; VendorItemArmor; PerkFistsDaedric; ArmorMaterialLeather,0x0006BBD3; 0x0006C0EF; 0x0008F959; 0x0002C17B; 0x0006BBDB,ArmorMaterialLeather,ArmorGauntlets,VendorItemArmor,,,Melodic\Reverse Bunnysuit\Arms_gnd.nif,Melodic\Reverse Bunnysuit\Arms_gnd.nif
DoD,D:\Wabbajack\modlists\DoD,Diaries of Dibella - Lord's Vision,Melodic Reverse Bunnysuit - CBBE SE,1777,[Melodic] Reverse Bunnysuit.esp,D:\Wabbajack\modlists\DoD\mods\Melodic Reverse Bunnysuit - CBBE SE\[Melodic] Reverse Bunnysuit.esp,0x02000843,0RBunnysuitArmsPink,Reverse Bunnysuit Arms Pink,plugin,Light,Light,Light,0.0,625,1.0,Custom Slot (54),54,ArmorLight; ArmorGauntlets; VendorItemArmor; PerkFistsDaedric; ArmorMaterialLeather,0x0006BBD3; 0x0006C0EF; 0x0008F959; 0x0002C17B; 0x0006BBDB,ArmorMaterialLeather,ArmorGauntlets,VendorItemArmor,,,Melodic\Reverse Bunnysuit\Arms_gnd.nif,Melodic\Reverse Bunnysuit\Arms_gnd.nif
DoD,D:\Wabbajack\modlists\DoD,Diaries of Dibella - Lord's Vision,Melodic Reverse Bunnysuit - CBBE SE,1777,[Melodic] Reverse Bunnysuit.esp,D:\Wabbajack\modlists\DoD\mods\Melodic Reverse Bunnysuit - CBBE SE\[Melodic] Reverse Bunnysuit.esp,0x02000848,0RBunnysuitArmsRed,Reverse Bunnysuit Arms Red,plugin,Light,Light,Light,0.0,625,1.0,Custom Slot (54),54,ArmorLight; ArmorGauntlets; VendorItemArmor; PerkFistsDaedric; ArmorMaterialLeather,0x0006BBD3; 0x0006C0EF; 0x0008F959; 0x0002C17B; 0x0006BBDB,ArmorMaterialLeather,ArmorGauntlets,VendorItemArmor,,,Melodic\Reverse Bunnysuit\Arms_gnd.nif,Melodic\Reverse Bunnysuit\Arms_gnd.nif
DoD,D:\Wabbajack\modlists\DoD,Diaries of Dibella - Lord's Vision,Melodic Reverse Bunnysuit - CBBE SE,1777,[Melodic] Reverse Bunnysuit.esp,D:\Wabbajack\modlists\DoD\mods\Melodic Reverse Bunnysuit - CBBE SE\[Melodic] Reverse Bunnysuit.esp,0x0200084D,0RBunnysuitArmsWhite,Reverse Bunnysuit Arms White,plugin,Light,Light,Light,0.0,625,1.0,Custom Slot (54),54,ArmorLight; ArmorGauntlets; VendorItemArmor; PerkFistsDaedric; ArmorMaterialLeather,0x0006BBD3; 0x0006C0EF; 0x0008F959; 0x0002C17B; 0x0006BBDB,ArmorMaterialLeather,ArmorGauntlets,VendorItemArmor,,,Melodic\Reverse Bunnysuit\Arms_gnd.nif,Melodic\Reverse Bunnysuit\Arms_gnd.nif
DoD,D:\Wabbajack\modlists\DoD,Diaries of Dibella - Lord's Vision,Melodic Reverse Bunnysuit - CBBE SE,1777,[Melodic] Reverse Bunnysuit.esp,D:\Wabbajack\modlists\DoD\mods\Melodic Reverse Bunnysuit - CBBE SE\[Melodic] Reverse Bunnysuit.esp,0x0200085B,0RBunnysuitArmsArtoria,Reverse Bunnysuit Arms Artoria,plugin,Light,Light,Light,0.0,625,1.0,Custom Slot (54),54,ArmorLight; ArmorGauntlets; VendorItemArmor; PerkFistsDaedric; ArmorMaterialLeather,0x0006BBD3; 0x0006C0EF; 0x0008F959; 0x0002C17B; 0x0006BBDB,ArmorMaterialLeather,ArmorGauntlets,VendorItemArmor,,,Melodic\Reverse Bunnysuit\Arms_gnd.nif,Melodic\Reverse Bunnysuit\Arms_gnd.nif
DoD,D:\Wabbajack\modlists\DoD,Diaries of Dibella - Lord's Vision,Melodic Reverse Bunnysuit - CBBE SE,1777,[Melodic] Reverse Bunnysuit.esp,D:\Wabbajack\modlists\DoD\mods\Melodic Reverse Bunnysuit - CBBE SE\[Melodic] Reverse Bunnysuit.esp,0x0200086D,0RBunnysuitArmsAhegao,Reverse Bunnysuit Arms Ahegao,plugin,Light,Light,Light,0.0,625,1.0,Custom Slot (54),54,ArmorLight; ArmorGauntlets; VendorItemArmor; PerkFistsDaedric; ArmorMaterialLeather,0x0006BBD3; 0x0006C0EF; 0x0008F959; 0x0002C17B; 0x0006BBDB,ArmorMaterialLeather,ArmorGauntlets,VendorItemArmor,,,Melodic\Reverse Bunnysuit\Arms_gnd.nif,Melodic\Reverse Bunnysuit\Arms_gnd.nif
DoD,D:\Wabbajack\modlists\DoD,Diaries of Dibella - Lord's Vision,Melodic Reverse Bunnysuit - CBBE SE,1777,[Melodic] Reverse Bunnysuit.esp,D:\Wabbajack\modlists\DoD\mods\Melodic Reverse Bunnysuit - CBBE SE\[Melodic] Reverse Bunnysuit.esp,0x02000879,0RBunnysuitArmsDark,Reverse Bunnysuit Arms Dark,plugin,Light,Light,Light,0.0,625,1.0,Custom Slot (54),54,ArmorLight; ArmorGauntlets; VendorItemArmor; PerkFistsDaedric; ArmorMaterialLeather,0x0006BBD3; 0x0006C0EF; 0x0008F959; 0x0002C17B; 0x0006BBDB,ArmorMaterialLeather,ArmorGauntlets,VendorItemArmor,,,Melodic\Reverse Bunnysuit\Arms_gnd.nif,Melodic\Reverse Bunnysuit\Arms_gnd.nif
DoD,D:\Wabbajack\modlists\DoD,Diaries of Dibella - Lord's Vision,Melodic Reverse Bunnysuit - CBBE SE,1777,[Melodic] Reverse Bunnysuit.esp,D:\Wabbajack\modlists\DoD\mods\Melodic Reverse Bunnysuit - CBBE SE\[Melodic] Reverse Bunnysuit.esp,0x02000885,0RBunnysuitArmsGold,Reverse Bunnysuit Arms Gold,plugin,Light,Light,Light,0.0,625,1.0,Custom Slot (54),54,ArmorLight; ArmorGauntlets; VendorItemArmor; PerkFistsDaedric; ArmorMaterialLeather,0x0006BBD3; 0x0006C0EF; 0x0008F959; 0x0002C17B; 0x0006BBDB,ArmorMaterialLeather,ArmorGauntlets,VendorItemArmor,,,Melodic\Reverse Bunnysuit\Arms_gnd.nif,Melodic\Reverse Bunnysuit\Arms_gnd.nif
DoD,D:\Wabbajack\modlists\DoD,Diaries of Dibella - Lord's Vision,Ashtoreth Succubus 3BA,1829,[Ashtoreth] Succubus.esp,D:\Wabbajack\modlists\DoD\mods\Ashtoreth Succubus 3BA\[Ashtoreth] Succubus.esp,0x01000801,00_SuccubusAmulet,Succubus Choker,plugin,Heavy,Light,Heavy,0.0,625,6.0,Amulet,35,ArmorHeavy; ArmorMaterialDaedric; ArmorGauntlets; VendorItemArmor; PerkFistsDaedric,0x0006BBD2; 0x0006BBD4; 0x0006C0EF; 0x0008F959; 0x0002C17B,ArmorMaterialDaedric,ArmorGauntlets,VendorItemArmor,,,SuccubusGND\SuccubusGND.nif,SuccubusGND\SuccubusGND.nif
DoD,D:\Wabbajack\modlists\DoD,Diaries of Dibella - Lord's Vision,Ashtoreth Succubus 3BA,1829,[Ashtoreth] Succubus.esp,D:\Wabbajack\modlists\DoD\mods\Ashtoreth Succubus 3BA\[Ashtoreth] Succubus.esp,0x01000D62,00_SuccubusBoots,Succubus Boots,plugin,Heavy,Light,Heavy,0.0,625,10.0,Feet,37,ArmorHeavy; ArmorMaterialDaedric; ArmorBoots; VendorItemArmor,0x0006BBD2; 0x0006BBD4; 0x0006C0ED; 0x0008F959,ArmorMaterialDaedric,ArmorBoots,VendorItemArmor,,,SuccubusGND\SuccubusGND.nif,SuccubusGND\SuccubusGND.nif
DoD,D:\Wabbajack\modlists\DoD,Diaries of Dibella - Lord's Vision,Ashtoreth Succubus 3BA,1829,[Ashtoreth] Succubus.esp,D:\Wabbajack\modlists\DoD\mods\Ashtoreth Succubus 3BA\[Ashtoreth] Succubus.esp,0x01000D63,00_SuccubusSuit,Succubus Suit,plugin,Heavy,Light,Heavy,0.0,3200,50.0,Body,32,ArmorHeavy; ArmorMaterialDaedric; ArmorCuirass; VendorItemArmor,0x0006BBD2; 0x0006BBD4; 0x0006C0EC; 0x0008F959,ArmorMaterialDaedric,ArmorCuirass,VendorItemArmor,,,SuccubusGND\SuccubusGND.nif,SuccubusGND\SuccubusGND.nif
DoD,D:\Wabbajack\modlists\DoD,Diaries of Dibella - Lord's Vision,Ashtoreth Succubus 3BA,1829,[Ashtoreth] Succubus.esp,D:\Wabbajack\modlists\DoD\mods\Ashtoreth Succubus 3BA\[Ashtoreth] Succubus.esp,0x01000D64,00_SuccubusGloves,Succubus Gloves,plugin,Heavy,Light,Heavy,0.0,625,6.0,Hands,33,ArmorHeavy; ArmorMaterialDaedric; ArmorGauntlets; VendorItemArmor; PerkFistsDaedric,0x0006BBD2; 0x0006BBD4; 0x0006C0EF; 0x0008F959; 0x0002C17B,ArmorMaterialDaedric,ArmorGauntlets,VendorItemArmor,,,SuccubusGND\SuccubusGND.nif,SuccubusGND\SuccubusGND.nif
DoD,D:\Wabbajack\modlists\DoD,Diaries of Dibella - Lord's Vision,Ashtoreth Succubus 3BA,1829,[Ashtoreth] Succubus.esp,D:\Wabbajack\modlists\DoD\mods\Ashtoreth Succubus 3BA\[Ashtoreth] Succubus.esp,0x01000D65,00_SuccubusHorns,Succubus Horns,plugin,Heavy,Light,Heavy,0.0,625,6.0,Circlet,42,ArmorHeavy; ArmorMaterialDaedric; ArmorGauntlets; VendorItemArmor; PerkFistsDaedric,0x0006BBD2; 0x0006BBD4; 0x0006C0EF; 0x0008F959; 0x0002C17B,ArmorMaterialDaedric,ArmorGauntlets,VendorItemArmor,,,SuccubusGND\SuccubusGND.nif,SuccubusGND\SuccubusGND.nif
DoD,D:\Wabbajack\modlists\DoD,Diaries of Dibella - Lord's Vision,Ashtoreth Succubus 3BA,1829,[Ashtoreth] Succubus.esp,D:\Wabbajack\modlists\DoD\mods\Ashtoreth Succubus 3BA\[Ashtoreth] Succubus.esp,0x01000D66,00_SuccubusTail,Succubus Tail,plugin,Heavy,Light,Heavy,0.0,625,6.0,Tail,40,ArmorHeavy; ArmorMaterialDaedric; ArmorGauntlets; VendorItemArmor; PerkFistsDaedric,0x0006BBD2; 0x0006BBD4; 0x0006C0EF; 0x0008F959; 0x0002C17B,ArmorMaterialDaedric,ArmorGauntlets,VendorItemArmor,,,SuccubusGND\SuccubusGND.nif,SuccubusGND\SuccubusGND.nif
DoD,D:\Wabbajack\modlists\DoD,Diaries of Dibella - Lord's Vision,Ashtoreth Succubus 3BA,1829,[Ashtoreth] Succubus.esp,D:\Wabbajack\modlists\DoD\mods\Ashtoreth Succubus 3BA\[Ashtoreth] Succubus.esp,0x01000D67,00_SuccubusTopLace,Succubus Top Lace,plugin,Heavy,Light,Heavy,0.0,625,6.0,Custom Slot (49),49,ArmorHeavy; ArmorMaterialDaedric; ArmorGauntlets; VendorItemArmor; PerkFistsDaedric,0x0006BBD2; 0x0006BBD4; 0x0006C0EF; 0x0008F959; 0x0002C17B,ArmorMaterialDaedric,ArmorGauntlets,VendorItemArmor,,,SuccubusGND\SuccubusGND.nif,SuccubusGND\SuccubusGND.nif
DoD,D:\Wabbajack\modlists\DoD,Diaries of Dibella - Lord's Vision,Ashtoreth Nurse 3BA,1832,Ashtoreth_Nurse.esp,D:\Wabbajack\modlists\DoD\mods\Ashtoreth Nurse 3BA\Ashtoreth_Nurse.esp,0x01000800,00_NursePanty,Nurse Panty,plugin,Light,Light,,0.0,625,3.0,Custom Slot (49),49,TraitGreedy; ArmorMaterialDaedric; ArmorGauntlets; VendorItemArmor; PerkFistsDaedric,0x000335FA; 0x0006BBD4; 0x0006C0EF; 0x0008F959; 0x0002C17B,ArmorMaterialDaedric,ArmorGauntlets,VendorItemArmor,,,NurseGND\NursePanty.nif,NurseGND\NursePanty.nif
DoD,D:\Wabbajack\modlists\DoD,Diaries of Dibella - Lord's Vision,Ashtoreth Nurse 3BA,1832,Ashtoreth_Nurse.esp,D:\Wabbajack\modlists\DoD\mods\Ashtoreth Nurse 3BA\Ashtoreth_Nurse.esp,0x01000801,00_NurseHeadBand,Nurse HeadBand,plugin,Light,Light,,0.0,625,3.0,Circlet,42,TraitGreedy; ArmorMaterialDaedric; ArmorGauntlets; VendorItemArmor; PerkFistsDaedric,0x000335FA; 0x0006BBD4; 0x0006C0EF; 0x0008F959; 0x0002C17B,ArmorMaterialDaedric,ArmorGauntlets,VendorItemArmor,,,NurseGND\NurseHeadBand.nif,NurseGND\NurseHeadBand.nif
DoD,D:\Wabbajack\modlists\DoD,Diaries of Dibella - Lord's Vision,Ashtoreth Nurse 3BA,1832,Ashtoreth_Nurse.esp,D:\Wabbajack\modlists\DoD\mods\Ashtoreth Nurse 3BA\Ashtoreth_Nurse.esp,0x0100080E,00_NurseStraps,Nurse Straps,plugin,Light,Light,,0.0,625,3.0,Custom Slot (52),52,TraitGreedy; ArmorMaterialDaedric; ArmorGauntlets; VendorItemArmor; PerkFistsDaedric,0x000335FA; 0x0006BBD4; 0x0006C0EF; 0x0008F959; 0x0002C17B,ArmorMaterialDaedric,ArmorGauntlets,VendorItemArmor,,,NurseGND\NurseStraps.nif,NurseGND\NurseStraps.nif
DoD,D:\Wabbajack\modlists\DoD,Diaries of Dibella - Lord's Vision,Ashtoreth Nurse 3BA,1832,Ashtoreth_Nurse.esp,D:\Wabbajack\modlists\DoD\mods\Ashtoreth Nurse 3BA\Ashtoreth_Nurse.esp,0x01000D62,00_NurseDress,Nurse dress,plugin,Light,Light,,0.0,3200,10.0,Body,32,TraitGreedy; ArmorMaterialDaedric; ArmorCuirass; VendorItemArmor,0x000335FA; 0x0006BBD4; 0x0006C0EC; 0x0008F959,ArmorMaterialDaedric,ArmorCuirass,VendorItemArmor,,,NurseGND\NurseDress.nif,NurseGND\NurseDress.nif
DoD,D:\Wabbajack\modlists\DoD,Diaries of Dibella - Lord's Vision,Ashtoreth Nurse 3BA,1832,Ashtoreth_Nurse.esp,D:\Wabbajack\modlists\DoD\mods\Ashtoreth Nurse 3BA\Ashtoreth_Nurse.esp,0x01000D63,00_NurseHeels,Nurse Heels,plugin,Light,Light,,0.0,625,5.0,Feet,37,TraitGreedy; ArmorMaterialDaedric; ArmorBoots; VendorItemArmor,0x000335FA; 0x0006BBD4; 0x0006C0ED; 0x0008F959,ArmorMaterialDaedric,ArmorBoots,VendorItemArmor,,,NurseGND\NurseBoots.nif,NurseGND\NurseBoots.nif
DoD,D:\Wabbajack\modlists\DoD,Diaries of Dibella - Lord's Vision,Ashtoreth Nurse 3BA,1832,Ashtoreth_Nurse.esp,D:\Wabbajack\modlists\DoD\mods\Ashtoreth Nurse 3BA\Ashtoreth_Nurse.esp,0x01000D64,00_NurseGloves,Nurse Gloves,plugin,Light,Light,,0.0,625,3.0,Hands,33,TraitGreedy; ArmorMaterialDaedric; ArmorGauntlets; VendorItemArmor; PerkFistsDaedric,0x000335FA; 0x0006BBD4; 0x0006C0EF; 0x0008F959; 0x0002C17B,ArmorMaterialDaedric,ArmorGauntlets,VendorItemArmor,,,NurseGND\NurseGloves.nif,NurseGND\NurseGloves.nif
DoD,D:\Wabbajack\modlists\DoD,Diaries of Dibella - Lord's Vision,[ELLE] Bio Spike,1857,[ELLE] Bio Spike.esp,D:\Wabbajack\modlists\DoD\mods\[ELLE] Bio Spike\[ELLE] Bio Spike.esp,0x01000D6A,00EL_BS_Bodice1,[E] Bio Spike Bodice 1,plugin,Heavy,Heavy,Heavy,0.0,100,6.0,Body,32,ArmorHeavy; ArmorMaterialDaedric; VendorItemArmor; ArmorCuirass,0x0006BBD2; 0x0006BBD4; 0x0008F959; 0x0006C0EC,ArmorMaterialDaedric,ArmorCuirass,VendorItemArmor,,,c,armor\[ELLE] Bio Spike\GND\BodiceGroundMesh.nif
DoD,D:\Wabbajack\modlists\DoD,Diaries of Dibella - Lord's Vision,[ELLE] Bio Spike,1857,[ELLE] Bio Spike.esp,D:\Wabbajack\modlists\DoD\mods\[ELLE] Bio Spike\[ELLE] Bio Spike.esp,0x01000D6B,00EL_BS_Gloves1,[E] Bio Spike Gloves 1,plugin,Heavy,Heavy,Heavy,0.0,100,3.0,Hands,33,ArmorHeavy; ArmorMaterialDaedric; VendorItemArmor; ArmorGauntlets,0x0006BBD2; 0x0006BBD4; 0x0008F959; 0x0006C0EF,ArmorMaterialDaedric,ArmorGauntlets,VendorItemArmor,,,d,armor\[ELLE] Bio Spike\GND\GloveGroundMesh.nif
DoD,D:\Wabbajack\modlists\DoD,Diaries of Dibella - Lord's Vision,[ELLE] Bio Spike,1857,[ELLE] Bio Spike.esp,D:\Wabbajack\modlists\DoD\mods\[ELLE] Bio Spike\[ELLE] Bio Spike.esp,0x01000D6C,00EL_BS_Greaves1,[E] Bio Spike Greaves 1,plugin,Heavy,Heavy,Heavy,0.0,100,2.0,Custom Slot (54),54,ArmorHeavy; ArmorMaterialDaedric; VendorItemArmor; ClothingBody,0x0006BBD2; 0x0006BBD4; 0x0008F959; 0x000A8657,ArmorMaterialDaedric,ClothingBody,VendorItemArmor,,,e,armor\[ELLE] Bio Spike\GND\LegsGroundMesh.nif
DoD,D:\Wabbajack\modlists\DoD,Diaries of Dibella - Lord's Vision,[ELLE] Bio Spike,1857,[ELLE] Bio Spike.esp,D:\Wabbajack\modlists\DoD\mods\[ELLE] Bio Spike\[ELLE] Bio Spike.esp,0x01000D6D,00EL_BS_Mask1,[E] Bio Spike Mask 1,plugin,Heavy,Heavy,Heavy,0.0,100,1.0,Custom Slot (44),44,ArmorHeavy; ArmorMaterialDaedric; VendorItemArmor; ClothingHead,0x0006BBD2; 0x0006BBD4; 0x0008F959; 0x0010CD11,ArmorMaterialDaedric,ClothingHead,VendorItemArmor,,,f,armor\[ELLE] Bio Spike\GND\MaskGroundMesh.nif
DoD,D:\Wabbajack\modlists\DoD,Diaries of Dibella - Lord's Vision,[ELLE] Bio Spike,1857,[ELLE] Bio Spike.esp,D:\Wabbajack\modlists\DoD\mods\[ELLE] Bio Spike\[ELLE] Bio Spike.esp,0x01000D6E,00EL_BS_Shoes1,[E] Bio Spike Shoes 1,plugin,Heavy,Heavy,Heavy,0.0,100,3.0,Feet,37,ArmorHeavy; ArmorMaterialDaedric; VendorItemArmor; ArmorBoots,0x0006BBD2; 0x0006BBD4; 0x0008F959; 0x0006C0ED,ArmorMaterialDaedric,ArmorBoots,VendorItemArmor,,,g,armor\[ELLE] Bio Spike\GND\ShoesGroundMesh.nif
DoD,D:\Wabbajack\modlists\DoD,Diaries of Dibella - Lord's Vision,[ELLE] Bio Spike,1857,[ELLE] Bio Spike.esp,D:\Wabbajack\modlists\DoD\mods\[ELLE] Bio Spike\[ELLE] Bio Spike.esp,0x01000D6F,00EL_BS_Vambraces1,[E] Bio Spike Vambraces 1,plugin,Heavy,Heavy,Heavy,0.0,100,3.0,Forearms,34,ArmorHeavy; ArmorMaterialDaedric; VendorItemArmor; ClothingHands,0x0006BBD2; 0x0006BBD4; 0x0008F959; 0x0010CD13,ArmorMaterialDaedric,ClothingHands,VendorItemArmor,,,h,armor\[ELLE] Bio Spike\GND\ArmsGroundMesh.nif
DoD,D:\Wabbajack\modlists\DoD,Diaries of Dibella - Lord's Vision,[ELLE] Bio Spike,1857,[ELLE] Bio Spike.esp,D:\Wabbajack\modlists\DoD\mods\[ELLE] Bio Spike\[ELLE] Bio Spike.esp,0x01000D69,00EL_BS_Blindfold1,[E] Bio Spike Blindfold 1,plugin,Heavy,Heavy,Heavy,0.0,100,1.0,Custom Slot (55),55,ArmorHeavy; ArmorMaterialDaedric; VendorItemArmor; ClothingHead,0x0006BBD2; 0x0006BBD4; 0x0008F959; 0x0010CD11,ArmorMaterialDaedric,ClothingHead,VendorItemArmor,,,b,armor\[ELLE] Bio Spike\GND\BlindfoldGroundMesh.nif
DoD,D:\Wabbajack\modlists\DoD,Diaries of Dibella - Lord's Vision,[ELLE] Bio Spike,1857,[ELLE] Bio Spike.esp,D:\Wabbajack\modlists\DoD\mods\[ELLE] Bio Spike\[ELLE] Bio Spike.esp,0x01000821,00EL_BS_Gloves3,[E] Bio Spike Gloves 3,plugin,Heavy,Heavy,Heavy,0.0,100,3.0,Hands,33,ArmorHeavy; ArmorMaterialDaedric; VendorItemArmor; ArmorGauntlets,0x0006BBD2; 0x0006BBD4; 0x0008F959; 0x0006C0EF,ArmorMaterialDaedric,ArmorGauntlets,VendorItemArmor,,,,armor\[ELLE] Bio Spike\GND\GloveGroundMesh.nif
DoD,D:\Wabbajack\modlists\DoD,Diaries of Dibella - Lord's Vision,[ELLE] Bio Spike,1857,[ELLE] Bio Spike.esp,D:\Wabbajack\modlists\DoD\mods\[ELLE] Bio Spike\[ELLE] Bio Spike.esp,0x01000823,00EL_BS_Greaves3,[E] Bio Spike Greaves 3,plugin,Heavy,Heavy,Heavy,0.0,100,2.0,Custom Slot (54),54,ArmorHeavy; ArmorMaterialDaedric; VendorItemArmor; ClothingBody,0x0006BBD2; 0x0006BBD4; 0x0008F959; 0x000A8657,ArmorMaterialDaedric,ClothingBody,VendorItemArmor,,,,armor\[ELLE] Bio Spike\GND\LegsGroundMesh.nif
DoD,D:\Wabbajack\modlists\DoD,Diaries of Dibella - Lord's Vision,[ELLE] Bio Spike,1857,[ELLE] Bio Spike.esp,D:\Wabbajack\modlists\DoD\mods\[ELLE] Bio Spike\[ELLE] Bio Spike.esp,0x01000824,00EL_BS_Mask2,[E] Bio Spike Mask 2,plugin,Heavy,Heavy,Heavy,0.0,100,1.0,Custom Slot (44),44,ArmorHeavy; ArmorMaterialDaedric; VendorItemArmor; ClothingHead,0x0006BBD2; 0x0006BBD4; 0x0008F959; 0x0010CD11,ArmorMaterialDaedric,ClothingHead,VendorItemArmor,,,,armor\[ELLE] Bio Spike\GND\MaskGroundMesh.nif
DoD,D:\Wabbajack\modlists\DoD,Diaries of Dibella - Lord's Vision,[ELLE] Bio Spike,1857,[ELLE] Bio Spike.esp,D:\Wabbajack\modlists\DoD\mods\[ELLE] Bio Spike\[ELLE] Bio Spike.esp,0x01000825,00EL_BS_Mask3,[E] Bio Spike Mask 3,plugin,Heavy,Heavy,Heavy,0.0,100,1.0,Custom Slot (44),44,ArmorHeavy; ArmorMaterialDaedric; VendorItemArmor; ClothingHead,0x0006BBD2; 0x0006BBD4; 0x0008F959; 0x0010CD11,ArmorMaterialDaedric,ClothingHead,VendorItemArmor,,,,armor\[ELLE] Bio Spike\GND\MaskGroundMesh.nif
DoD,D:\Wabbajack\modlists\DoD,Diaries of Dibella - Lord's Vision,[ELLE] Bio Spike,1857,[ELLE] Bio Spike.esp,D:\Wabbajack\modlists\DoD\mods\[ELLE] Bio Spike\[ELLE] Bio Spike.esp,0x01000826,00EL_BS_Shoes2,[E] Bio Spike Shoes 2,plugin,Heavy,Heavy,Heavy,0.0,100,3.0,Feet,37,ArmorHeavy; ArmorMaterialDaedric; VendorItemArmor; ArmorBoots,0x0006BBD2; 0x0006BBD4; 0x0008F959; 0x0006C0ED,ArmorMaterialDaedric,ArmorBoots,VendorItemArmor,,,,armor\[ELLE] Bio Spike\GND\ShoesGroundMesh.nif
DoD,D:\Wabbajack\modlists\DoD,Diaries of Dibella - Lord's Vision,[ELLE] Bio Spike,1857,[ELLE] Bio Spike.esp,D:\Wabbajack\modlists\DoD\mods\[ELLE] Bio Spike\[ELLE] Bio Spike.esp,0x01000827,00EL_BS_Shoes3,[E] Bio Spike Shoes 3,plugin,Heavy,Heavy,Heavy,0.0,100,3.0,Feet,37,ArmorHeavy; ArmorMaterialDaedric; VendorItemArmor; ArmorBoots,0x0006BBD2; 0x0006BBD4; 0x0008F959; 0x0006C0ED,ArmorMaterialDaedric,ArmorBoots,VendorItemArmor,,,,armor\[ELLE] Bio Spike\GND\ShoesGroundMesh.nif
DoD,D:\Wabbajack\modlists\DoD,Diaries of Dibella - Lord's Vision,[ELLE] Bio Spike,1857,[ELLE] Bio Spike.esp,D:\Wabbajack\modlists\DoD\mods\[ELLE] Bio Spike\[ELLE] Bio Spike.esp,0x01000828,00EL_BS_Vambraces2,[E] Bio Spike Vambraces 2,plugin,Heavy,Heavy,Heavy,0.0,100,3.0,Forearms,34,ArmorHeavy; ArmorMaterialDaedric; VendorItemArmor; ClothingHands,0x0006BBD2; 0x0006BBD4; 0x0008F959; 0x0010CD13,ArmorMaterialDaedric,ClothingHands,VendorItemArmor,,,,armor\[ELLE] Bio Spike\GND\ArmsGroundMesh.nif
DoD,D:\Wabbajack\modlists\DoD,Diaries of Dibella - Lord's Vision,[ELLE] Bio Spike,1857,[ELLE] Bio Spike.esp,D:\Wabbajack\modlists\DoD\mods\[ELLE] Bio Spike\[ELLE] Bio Spike.esp,0x01000829,00EL_BS_Vambraces3,[E] Bio Spike Vambraces 3,plugin,Heavy,Heavy,Heavy,0.0,100,3.0,Forearms,34,ArmorHeavy; ArmorMaterialDaedric; VendorItemArmor; ClothingHands,0x0006BBD2; 0x0006BBD4; 0x0008F959; 0x0010CD13,ArmorMaterialDaedric,ClothingHands,VendorItemArmor,,,,armor\[ELLE] Bio Spike\GND\ArmsGroundMesh.nif
DoD,D:\Wabbajack\modlists\DoD,Diaries of Dibella - Lord's Vision,[ELLE] Bio Spike,1857,[ELLE] Bio Spike.esp,D:\Wabbajack\modlists\DoD\mods\[ELLE] Bio Spike\[ELLE] Bio Spike.esp,0x01000822,00EL_BS_Greaves2,[E] Bio Spike Greaves 2,plugin,Heavy,Heavy,Heavy,0.0,100,2.0,Custom Slot (54),54,ArmorHeavy; ArmorMaterialDaedric; VendorItemArmor; ClothingBody,0x0006BBD2; 0x0006BBD4; 0x0008F959; 0x000A8657,ArmorMaterialDaedric,ClothingBody,VendorItemArmor,,,,armor\[ELLE] Bio Spike\GND\LegsGroundMesh.nif
DoD,D:\Wabbajack\modlists\DoD,Diaries of Dibella - Lord's Vision,[ELLE] Bio Spike,1857,[ELLE] Bio Spike.esp,D:\Wabbajack\modlists\DoD\mods\[ELLE] Bio Spike\[ELLE] Bio Spike.esp,0x0100081C,00EL_BS_Blindfold2,[E] Bio Spike Blindfold 2,plugin,Heavy,Heavy,Heavy,0.0,100,1.0,Custom Slot (55),55,ArmorHeavy; ArmorMaterialDaedric; VendorItemArmor; ClothingHead,0x0006BBD2; 0x0006BBD4; 0x0008F959; 0x0010CD11,ArmorMaterialDaedric,ClothingHead,VendorItemArmor,,,,armor\[ELLE] Bio Spike\GND\BlindfoldGroundMesh.nif
DoD,D:\Wabbajack\modlists\DoD,Diaries of Dibella - Lord's Vision,[ELLE] Bio Spike,1857,[ELLE] Bio Spike.esp,D:\Wabbajack\modlists\DoD\mods\[ELLE] Bio Spike\[ELLE] Bio Spike.esp,0x0100081D,00EL_BS_Blindfold3,[E] Bio Spike Blindfold 3,plugin,Heavy,Heavy,Heavy,0.0,100,1.0,Custom Slot (55),55,ArmorHeavy; ArmorMaterialDaedric; VendorItemArmor; ClothingHead,0x0006BBD2; 0x0006BBD4; 0x0008F959; 0x0010CD11,ArmorMaterialDaedric,ClothingHead,VendorItemArmor,,,,armor\[ELLE] Bio Spike\GND\BlindfoldGroundMesh.nif
DoD,D:\Wabbajack\modlists\DoD,Diaries of Dibella - Lord's Vision,[ELLE] Bio Spike,1857,[ELLE] Bio Spike.esp,D:\Wabbajack\modlists\DoD\mods\[ELLE] Bio Spike\[ELLE] Bio Spike.esp,0x0100081E,00EL_BS_Bodice2,[E] Bio Spike Bodice 2,plugin,Heavy,Heavy,Heavy,0.0,100,6.0,Body,32,ArmorHeavy; ArmorMaterialDaedric; VendorItemArmor; ArmorCuirass,0x0006BBD2; 0x0006BBD4; 0x0008F959; 0x0006C0EC,ArmorMaterialDaedric,ArmorCuirass,VendorItemArmor,,,,armor\[ELLE] Bio Spike\GND\BodiceGroundMesh.nif
DoD,D:\Wabbajack\modlists\DoD,Diaries of Dibella - Lord's Vision,[ELLE] Bio Spike,1857,[ELLE] Bio Spike.esp,D:\Wabbajack\modlists\DoD\mods\[ELLE] Bio Spike\[ELLE] Bio Spike.esp,0x0100081F,00EL_BS_Bodice3,[E] Bio Spike Bodice 3,plugin,Heavy,Heavy,Heavy,0.0,100,6.0,Body,32,ArmorHeavy; ArmorMaterialDaedric; VendorItemArmor; ArmorCuirass,0x0006BBD2; 0x0006BBD4; 0x0008F959; 0x0006C0EC,ArmorMaterialDaedric,ArmorCuirass,VendorItemArmor,,,,armor\[ELLE] Bio Spike\GND\BodiceGroundMesh.nif
DoD,D:\Wabbajack\modlists\DoD,Diaries of Dibella - Lord's Vision,[ELLE] Bio Spike,1857,[ELLE] Bio Spike.esp,D:\Wabbajack\modlists\DoD\mods\[ELLE] Bio Spike\[ELLE] Bio Spike.esp,0x01000820,00EL_BS_Gloves2,[E] Bio Spike Gloves 2,plugin,Heavy,Heavy,Heavy,0.0,100,3.0,Hands,33,ArmorHeavy; ArmorMaterialDaedric; VendorItemArmor; ArmorGauntlets,0x0006BBD2; 0x0006BBD4; 0x0008F959; 0x0006C0EF,ArmorMaterialDaedric,ArmorGauntlets,VendorItemArmor,,,,armor\[ELLE] Bio Spike\GND\GloveGroundMesh.nif
DoD,D:\Wabbajack\modlists\DoD,Diaries of Dibella - Lord's Vision,DX Armors Collection All in One -3BA - CBBE (with Physics) - UNP,1860,DX Armors All-in-one.esp,D:\Wabbajack\modlists\DoD\mods\DX Armors Collection All in One -3BA - CBBE (with Physics) - UNP\DX Armors All-in-one.esp,0x050009C7,DX_MAC_CelesNightingaleCuirass3,Celes Nightingale Cuirass,plugin,Light,Light,Light,0.0,1500,6.0,Body; Calves,32; 38,ArmorLight; ArmorMaterialDaedric; ArmorCuirass; VendorItemArmor,0x0006BBD3; 0x0006BBD4; 0x0006C0EC; 0x0008F959,ArmorMaterialDaedric,ArmorCuirass,VendorItemArmor,,,DX\MiniArmorsCollection\Common\DX_MAC_CelesNightingale_gnd.nif,
DoD,D:\Wabbajack\modlists\DoD,Diaries of Dibella - Lord's Vision,DX Armors Collection All in One -3BA - CBBE (with Physics) - UNP,1860,DX Armors All-in-one.esp,D:\Wabbajack\modlists\DoD\mods\DX Armors Collection All in One -3BA - CBBE (with Physics) - UNP\DX Armors All-in-one.esp,0x050009C8,DX_MAC_CelesNightingaleCuirass2,Celes Nightingale Cuirass,plugin,Light,Light,Light,0.0,1500,6.0,Body; Calves,32; 38,ArmorLight; ArmorMaterialDaedric; ArmorCuirass; VendorItemArmor,0x0006BBD3; 0x0006BBD4; 0x0006C0EC; 0x0008F959,ArmorMaterialDaedric,ArmorCuirass,VendorItemArmor,,,DX\MiniArmorsCollection\Common\DX_MAC_CelesNightingale_gnd.nif,
DoD,D:\Wabbajack\modlists\DoD,Diaries of Dibella - Lord's Vision,DX Armors Collection All in One -3BA - CBBE (with Physics) - UNP,1860,DX Armors All-in-one.esp,D:\Wabbajack\modlists\DoD\mods\DX Armors Collection All in One -3BA - CBBE (with Physics) - UNP\DX Armors All-in-one.esp,0x050009C9,DX_MAC_CelesNightingaleHood3,Celes Nightingale Hood Dragon's Tongue,plugin,Light,Light,Light,0.0,750,4.0,Hair; Circlet; Ears,31; 42; 43,ArmorLight; ArmorMaterialDaedric; ArmorHelmet; VendorItemArmor,0x0006BBD3; 0x0006BBD4; 0x0006C0EE; 0x0008F959,ArmorMaterialDaedric,ArmorHelmet,VendorItemArmor,,,DX\MiniArmorsCollection\Common\DX_MAC_CelesNightingale_gnd.nif,
DoD,D:\Wabbajack\modlists\DoD,Diaries of Dibella - Lord's Vision,DX Armors Collection All in One -3BA - CBBE (with Physics) - UNP,1860,DX Armors All-in-one.esp,D:\Wabbajack\modlists\DoD\mods\DX Armors Collection All in One -3BA - CBBE (with Physics) - UNP\DX Armors All-in-one.esp,0x050009CA,DX_MAC_CelesNightingaleStockings1,Celes Nightingale Stockings,plugin,Light,Light,Light,0.0,150,1.0,Custom Slot (53),53,ArmorLight; ArmorMaterialDaedric; VendorItemArmor; MagicDisallowEnchanting,0x0006BBD3; 0x0006BBD4; 0x0008F959; 0x000C27BD,ArmorMaterialDaedric,,VendorItemArmor,,,DX\MiniArmorsCollection\Common\DX_MAC_CelesNightingale_gnd.nif,
DoD,D:\Wabbajack\modlists\DoD,Diaries of Dibella - Lord's Vision,DX Armors Collection All in One -3BA - CBBE (with Physics) - UNP,1860,DX Armors All-in-one.esp,D:\Wabbajack\modlists\DoD\mods\DX Armors Collection All in One -3BA - CBBE (with Physics) - UNP\DX Armors All-in-one.esp,0x050009CB,DX_MAC_CelesNightingaleHood4,Celes Nightingale Hood Bleeding Crown,plugin,Light,Light,Light,0.0,750,4.0,Hair; Circlet; Ears,31; 42; 43,ArmorLight; ArmorMaterialDaedric; ArmorHelmet; VendorItemArmor,0x0006BBD3; 0x0006BBD4; 0x0006C0EE; 0x0008F959,ArmorMaterialDaedric,ArmorHelmet,VendorItemArmor,,,DX\MiniArmorsCollection\Common\DX_MAC_CelesNightingale_gnd.nif,
DoD,D:\Wabbajack\modlists\DoD,Diaries of Dibella - Lord's Vision,DX Armors Collection All in One -3BA - CBBE (with Physics) - UNP,1860,DX Armors All-in-one.esp,D:\Wabbajack\modlists\DoD\mods\DX Armors Collection All in One -3BA - CBBE (with Physics) - UNP\DX Armors All-in-one.esp,0x050009CC,DX_MAC_CelesNightingaleCuirass5,Celes Nightingale Cuirass,plugin,Light,Light,Light,0.0,1500,6.0,Body; Calves,32; 38,ArmorLight; ArmorMaterialDaedric; ArmorCuirass; VendorItemArmor,0x0006BBD3; 0x0006BBD4; 0x0006C0EC; 0x0008F959,ArmorMaterialDaedric,ArmorCuirass,VendorItemArmor,,,DX\MiniArmorsCollection\Common\DX_MAC_CelesNightingale_gnd.nif,
DoD,D:\Wabbajack\modlists\DoD,Diaries of Dibella - Lord's Vision,DX Armors Collection All in One -3BA - CBBE (with Physics) - UNP,1860,DX Armors All-in-one.esp,D:\Wabbajack\modlists\DoD\mods\DX Armors Collection All in One -3BA - CBBE (with Physics) - UNP\DX Armors All-in-one.esp,0x050009CD,DX_MAC_CelesNightingaleHood5,Celes Nightingale Hood Luna Moth,plugin,Light,Light,Light,0.0,750,4.0,Hair; Circlet; Ears,31; 42; 43,ArmorLight; ArmorMaterialDaedric; ArmorHelmet; VendorItemArmor,0x0006BBD3; 0x0006BBD4; 0x0006C0EE; 0x0008F959,ArmorMaterialDaedric,ArmorHelmet,VendorItemArmor,,,DX\MiniArmorsCollection\Common\DX_MAC_CelesNightingale_gnd.nif,
DoD,D:\Wabbajack\modlists\DoD,Diaries of Dibella - Lord's Vision,DX Armors Collection All in One -3BA - CBBE (with Physics) - UNP,1860,DX Armors All-in-one.esp,D:\Wabbajack\modlists\DoD\mods\DX Armors Collection All in One -3BA - CBBE (with Physics) - UNP\DX Armors All-in-one.esp,0x050009CE,DX_MAC_CelesNightingaleBellyPiercing,Celes Nightingale Belly Piercing,plugin,Clothing,Clothing,,0.0,150,0.0,Custom Slot (45),45,ArmorMaterialDaedric; ArmorJewelry; VendorItemArmor; ClothingNecklace,0x0006BBD4; 0x0006BBE9; 0x0008F959; 0x0010CD0A,ArmorMaterialDaedric,ClothingNecklace,VendorItemArmor,,,DX\MiniArmorsCollection\Common\DX_MAC_CelesNightingale_gnd.nif,
DoD,D:\Wabbajack\modlists\DoD,Diaries of Dibella - Lord's Vision,DX Armors Collection All in One -3BA - CBBE (with Physics) - UNP,1860,DX Armors All-in-one.esp,D:\Wabbajack\modlists\DoD\mods\DX Armors Collection All in One -3BA - CBBE (with Physics) - UNP\DX Armors All-in-one.esp,0x050009CF,DX_MAC_CelesNightingaleStockings2,Celes Nightingale Stockings,plugin,Light,Light,Light,0.0,150,1.0,Custom Slot (53),53,ArmorLight; ArmorMaterialDaedric; VendorItemArmor; MagicDisallowEnchanting,0x0006BBD3; 0x0006BBD4; 0x0008F959; 0x000C27BD,ArmorMaterialDaedric,,VendorItemArmor,,,DX\MiniArmorsCollection\Common\DX_MAC_CelesNightingale_gnd.nif,
DoD,D:\Wabbajack\modlists\DoD,Diaries of Dibella - Lord's Vision,DX Armors Collection All in One -3BA - CBBE (with Physics) - UNP,1860,DX Armors All-in-one.esp,D:\Wabbajack\modlists\DoD\mods\DX Armors Collection All in One -3BA - CBBE (with Physics) - UNP\DX Armors All-in-one.esp,0x050009D0,DX_MAC_CelesNightingaleHood2,Celes Nightingale Hood Deathbell,plugin,Light,Light,Light,0.0,750,4.0,Hair; Circlet; Ears,31; 42; 43,ArmorLight; ArmorMaterialDaedric; ArmorHelmet; VendorItemArmor,0x0006BBD3; 0x0006BBD4; 0x0006C0EE; 0x0008F959,ArmorMaterialDaedric,ArmorHelmet,VendorItemArmor,,,DX\MiniArmorsCollection\Common\DX_MAC_CelesNightingale_gnd.nif,
DoD,D:\Wabbajack\modlists\DoD,Diaries of Dibella - Lord's Vision,DX Armors Collection All in One -3BA - CBBE (with Physics) - UNP,1860,DX Armors All-in-one.esp,D:\Wabbajack\modlists\DoD\mods\DX Armors Collection All in One -3BA - CBBE (with Physics) - UNP\DX Armors All-in-one.esp,0x050009D1,DX_MAC_CelesNightingaleHood1,Celes Nightingale Hood Hagraven,plugin,Light,Light,Light,0.0,750,4.0,Hair; Circlet; Ears,31; 42; 43,ArmorLight; ArmorMaterialDaedric; ArmorHelmet; VendorItemArmor,0x0006BBD3; 0x0006BBD4; 0x0006C0EE; 0x0008F959,ArmorMaterialDaedric,ArmorHelmet,VendorItemArmor,,,DX\MiniArmorsCollection\Common\DX_MAC_CelesNightingale_gnd.nif,
DoD,D:\Wabbajack\modlists\DoD,Diaries of Dibella - Lord's Vision,DX Armors Collection All in One -3BA - CBBE (with Physics) - UNP,1860,DX Armors All-in-one.esp,D:\Wabbajack\modlists\DoD\mods\DX Armors Collection All in One -3BA - CBBE (with Physics) - UNP\DX Armors All-in-one.esp,0x050009D2,DX_MAC_CelesNightingaleBoots,Celes Nightingale Boots,plugin,Light,Light,Light,0.0,300,3.0,Feet,37,ArmorLight; ArmorMaterialDaedric; ArmorBoots; VendorItemArmor,0x0006BBD3; 0x0006BBD4; 0x0006C0ED; 0x0008F959,ArmorMaterialDaedric,ArmorBoots,VendorItemArmor,,,DX\MiniArmorsCollection\Common\DX_MAC_CelesNightingale_gnd.nif,
DoD,D:\Wabbajack\modlists\DoD,Diaries of Dibella - Lord's Vision,DX Armors Collection All in One -3BA - CBBE (with Physics) - UNP,1860,DX Armors All-in-one.esp,D:\Wabbajack\modlists\DoD\mods\DX Armors Collection All in One -3BA - CBBE (with Physics) - UNP\DX Armors All-in-one.esp,0x050009D3,DX_MAC_CelesNightingaleGauntlets,Celes Nightingale Gauntlets,plugin,Light,Light,Light,0.0,300,3.0,Hands,33,ArmorLight; ArmorMaterialDaedric; ArmorGauntlets; VendorItemArmor,0x0006BBD3; 0x0006BBD4; 0x0006C0EF; 0x0008F959,ArmorMaterialDaedric,ArmorGauntlets,VendorItemArmor,,,DX\MiniArmorsCollection\Common\DX_MAC_CelesNightingale_gnd.nif,
DoD,D:\Wabbajack\modlists\DoD,Diaries of Dibella - Lord's Vision,DX Armors Collection All in One -3BA - CBBE (with Physics) - UNP,1860,DX Armors All-in-one.esp,D:\Wabbajack\modlists\DoD\mods\DX Armors Collection All in One -3BA - CBBE (with Physics) - UNP\DX Armors All-in-one.esp,0x050009D4,DX_MAC_CelesNightingaleCuirass1,Celes Nightingale Cuirass,plugin,Light,Light,Light,0.0,1500,6.0,Body; Calves,32; 38,ArmorLight; ArmorMaterialDaedric; ArmorCuirass; VendorItemArmor,0x0006BBD3; 0x0006BBD4; 0x0006C0EC; 0x0008F959,ArmorMaterialDaedric,ArmorCuirass,VendorItemArmor,,,DX\MiniArmorsCollection\Common\DX_MAC_CelesNightingale_gnd.nif,
DoD,D:\Wabbajack\modlists\DoD,Diaries of Dibella - Lord's Vision,DX Armors Collection All in One -3BA - CBBE (with Physics) - UNP,1860,DX Armors All-in-one.esp,D:\Wabbajack\modlists\DoD\mods\DX Armors Collection All in One -3BA - CBBE (with Physics) - UNP\DX Armors All-in-one.esp,0x050009D5,DX_MAC_CelesNightingaleHood,Celes Nightingale Hood,plugin,Light,Light,Light,0.0,750,4.0,Head; Hair; Circlet; Ears,30; 31; 42; 43,ArmorLight; ArmorMaterialDaedric; ArmorHelmet; VendorItemArmor,0x0006BBD3; 0x0006BBD4; 0x0006C0EE; 0x0008F959,ArmorMaterialDaedric,ArmorHelmet,VendorItemArmor,,,DX\MiniArmorsCollection\Common\DX_MAC_CelesNightingale_gnd.nif,
DoD,D:\Wabbajack\modlists\DoD,Diaries of Dibella - Lord's Vision,DX Armors Collection All in One -3BA - CBBE (with Physics) - UNP,1860,DX Armors All-in-one.esp,D:\Wabbajack\modlists\DoD\mods\DX Armors Collection All in One -3BA - CBBE (with Physics) - UNP\DX Armors All-in-one.esp,0x050009D6,DX_MAC_CelesNightingaleCuirass4,Celes Nightingale Cuirass,plugin,Light,Light,Light,0.0,1500,6.0,Body; Calves,32; 38,ArmorLight; ArmorMaterialDaedric; ArmorCuirass; VendorItemArmor,0x0006BBD3; 0x0006BBD4; 0x0006C0EC; 0x0008F959,ArmorMaterialDaedric,ArmorCuirass,VendorItemArmor,,,DX\MiniArmorsCollection\Common\DX_MAC_CelesNightingale_gnd.nif,
DoD,D:\Wabbajack\modlists\DoD,Diaries of Dibella - Lord's Vision,DX Armors Collection All in One -3BA - CBBE (with Physics) - UNP,1860,DX Armors All-in-one.esp,D:\Wabbajack\modlists\DoD\mods\DX Armors Collection All in One -3BA - CBBE (with Physics) - UNP\DX Armors All-in-one.esp,0x05000A4B,DX_CelesTarot_Gloves,Celes Tarot Gloves,plugin,Clothing,Clothing,Clothing,0.0,300,2.0,Hands; Forearms,33; 34,ArmorMaterialDaedric; ArmorClothing; ArmorGauntlets; VendorItemArmor,0x0006BBD4; 0x0006BBE8; 0x0006C0EF; 0x0008F959,ArmorMaterialDaedric,ArmorGauntlets,VendorItemArmor,,,DX\CelesTarot\DX_CelesTarot_Box.nif,
DoD,D:\Wabbajack\modlists\DoD,Diaries of Dibella - Lord's Vision,DX Armors Collection All in One -3BA - CBBE (with Physics) - UNP,1860,DX Armors All-in-one.esp,D:\Wabbajack\modlists\DoD\mods\DX Armors Collection All in One -3BA - CBBE (with Physics) - UNP\DX Armors All-in-one.esp,0x05000A4C,DX_CelesTarot_Tights,Celes Tarot Tights,plugin,Clothing,Clothing,Clothing,0.0,900,6.0,Body; Custom Slot (53),32; 53,ArmorMaterialDaedric; ArmorClothing; ArmorCuirass; VendorItemArmor,0x0006BBD4; 0x0006BBE8; 0x0006C0EC; 0x0008F959,ArmorMaterialDaedric,ArmorCuirass,VendorItemArmor,,,DX\CelesTarot\DX_CelesTarot_Box.nif,
DoD,D:\Wabbajack\modlists\DoD,Diaries of Dibella - Lord's Vision,DX Armors Collection All in One -3BA - CBBE (with Physics) - UNP,1860,DX Armors All-in-one.esp,D:\Wabbajack\modlists\DoD\mods\DX Armors Collection All in One -3BA - CBBE (with Physics) - UNP\DX Armors All-in-one.esp,0x05000A4D,DX_CelesTarot_Horns,Celes Tarot Horns,plugin,Clothing,Clothing,Clothing,0.0,300,5.0,Custom Slot (54),54,ArmorMaterialDaedric; ArmorClothing; VendorItemArmor; MagicDisallowEnchanting,0x0006BBD4; 0x0006BBE8; 0x0008F959; 0x000C27BD,ArmorMaterialDaedric,,VendorItemArmor,0x05000A49,,DX\CelesTarot\DX_CelesTarot_Box.nif,
DoD,D:\Wabbajack\modlists\DoD,Diaries of Dibella - Lord's Vision,DX Armors Collection All in One -3BA - CBBE (with Physics) - UNP,1860,DX Armors All-in-one.esp,D:\Wabbajack\modlists\DoD\mods\DX Armors Collection All in One -3BA - CBBE (with Physics) - UNP\DX Armors All-in-one.esp,0x05000A4E,DX_CelesTarot_Cape,Celes Tarot Cape,plugin,Clothing,Clothing,,0.0,300,3.0,Custom Slot (46),46,ArmorMaterialDaedric; ArmorJewelry; VendorItemJewelry; ClothingNecklace,0x0006BBD4; 0x0006BBE9; 0x0008F95A; 0x0010CD0A,ArmorMaterialDaedric,ClothingNecklace,VendorItemJewelry,,,DX\CelesTarot\DX_CelesTarot_Box.nif,
DoD,D:\Wabbajack\modlists\DoD,Diaries of Dibella - Lord's Vision,DX Armors Collection All in One -3BA - CBBE (with Physics) - UNP,1860,DX Armors All-in-one.esp,D:\Wabbajack\modlists\DoD\mods\DX Armors Collection All in One -3BA - CBBE (with Physics) - UNP\DX Armors All-in-one.esp,0x05000A4F,DX_CelesTarot_Mask,Celes Tarot Mask,plugin,Clothing,Clothing,Clothing,0.0,300,1.0,Circlet,42,ArmorMaterialDaedric; ArmorClothing; ArmorHelmet; VendorItemArmor,0x0006BBD4; 0x0006BBE8; 0x0006C0EE; 0x0008F959,ArmorMaterialDaedric,ArmorHelmet,VendorItemArmor,,,DX\CelesTarot\DX_CelesTarot_Box.nif,
DoD,D:\Wabbajack\modlists\DoD,Diaries of Dibella - Lord's Vision,DX Armors Collection All in One -3BA - CBBE (with Physics) - UNP,1860,DX Armors All-in-one.esp,D:\Wabbajack\modlists\DoD\mods\DX Armors Collection All in One -3BA - CBBE (with Physics) - UNP\DX Armors All-in-one.esp,0x05000A50,DX_CelesTarot_Boots,Celes Tarot Boots,plugin,Clothing,Clothing,Clothing,0.0,300,5.0,Feet,37,ArmorMaterialDaedric; ArmorClothing; ArmorBoots; VendorItemArmor,0x0006BBD4; 0x0006BBE8; 0x0006C0ED; 0x0008F959,ArmorMaterialDaedric,ArmorBoots,VendorItemArmor,,,DX\CelesTarot\DX_CelesTarot_Box.nif,
DoD,D:\Wabbajack\modlists\DoD,Diaries of Dibella - Lord's Vision,DX Armors Collection All in One -3BA - CBBE (with Physics) - UNP,1860,DX Armors All-in-one.esp,D:\Wabbajack\modlists\DoD\mods\DX Armors Collection All in One -3BA - CBBE (with Physics) - UNP\DX Armors All-in-one.esp,0x05000A51,DX_CelesTarot_TightsArchmage,Celes Tarot Archmage Tights,plugin,Clothing,Clothing,Clothing,0.0,900,6.0,Body; Custom Slot (53),32; 53,ArmorMaterialDaedric; ArmorClothing; ArmorCuirass; VendorItemArmor; MagicDisallowEnchanting,0x0006BBD4; 0x0006BBE8; 0x0006C0EC; 0x0008F959; 0x000C27BD,ArmorMaterialDaedric,ArmorCuirass,VendorItemArmor,0x05000A4A,,DX\CelesTarot\DX_CelesTarot_Box.nif,
DoD,D:\Wabbajack\modlists\DoD,Diaries of Dibella - Lord's Vision,DX Armors Collection All in One -3BA - CBBE (with Physics) - UNP,1860,DX Armors All-in-one.esp,D:\Wabbajack\modlists\DoD\mods\DX Armors Collection All in One -3BA - CBBE (with Physics) - UNP\DX Armors All-in-one.esp,0x05000B53,DX_MAC_DaedricReaperCuirass,Daedric Reaper Cuirass,plugin,Heavy,Heavy,Heavy,0.0,4000,40.0,Body,32,ArmorHeavy; ArmorMaterialDaedric; ArmorCuirass; VendorItemArmor,0x0006BBD2; 0x0006BBD4; 0x0006C0EC; 0x0008F959,ArmorMaterialDaedric,ArmorCuirass,VendorItemArmor,,,DX\MiniArmorsCollection\Common\DX_MAC_DaedricReaper_gnd.nif,DX\MiniArmorsCollection\Common\DX_MAC_DaedricReaper_gnd.nif
DoD,D:\Wabbajack\modlists\DoD,Diaries of Dibella - Lord's Vision,DX Armors Collection All in One -3BA - CBBE (with Physics) - UNP,1860,DX Armors All-in-one.esp,D:\Wabbajack\modlists\DoD\mods\DX Armors Collection All in One -3BA - CBBE (with Physics) - UNP\DX Armors All-in-one.esp,0x05000B54,DX_MAC_DaedricReaperBoots,Daedric Reaper Boots,plugin,Heavy,Heavy,Heavy,0.0,800,6.0,Feet,37,ArmorHeavy; ArmorMaterialDaedric; ArmorBoots; VendorItemArmor,0x0006BBD2; 0x0006BBD4; 0x0006C0ED; 0x0008F959,ArmorMaterialDaedric,ArmorBoots,VendorItemArmor,,,DX\MiniArmorsCollection\Common\DX_MAC_DaedricReaper_gnd.nif,
DoD,D:\Wabbajack\modlists\DoD,Diaries of Dibella - Lord's Vision,DX Armors Collection All in One -3BA - CBBE (with Physics) - UNP,1860,DX Armors All-in-one.esp,D:\Wabbajack\modlists\DoD\mods\DX Armors Collection All in One -3BA - CBBE (with Physics) - UNP\DX Armors All-in-one.esp,0x05000B55,DX_MAC_DaedricReaperHoodHair02,Daedric Reaper Hood Honey,plugin,Heavy,Heavy,Heavy,0.0,1800,6.0,Hair,31,ArmorHeavy; ArmorMaterialDaedric; ArmorHelmet; VendorItemArmor,0x0006BBD2; 0x0006BBD4; 0x0006C0EE; 0x0008F959,ArmorMaterialDaedric,ArmorHelmet,VendorItemArmor,,,DX\MiniArmorsCollection\Common\DX_MAC_DaedricReaper_gnd.nif,
DoD,D:\Wabbajack\modlists\DoD,Diaries of Dibella - Lord's Vision,DX Armors Collection All in One -3BA - CBBE (with Physics) - UNP,1860,DX Armors All-in-one.esp,D:\Wabbajack\modlists\DoD\mods\DX Armors Collection All in One -3BA - CBBE (with Physics) - UNP\DX Armors All-in-one.esp,0x05000B56,DX_MAC_DaedricReaperHoodHair04,Daedric Reaper Hood Ghost,plugin,Heavy,Heavy,Heavy,0.0,1800,6.0,Hair,31,ArmorHeavy; ArmorMaterialDaedric; ArmorHelmet; VendorItemArmor,0x0006BBD2; 0x0006BBD4; 0x0006C0EE; 0x0008F959,ArmorMaterialDaedric,ArmorHelmet,VendorItemArmor,,,DX\MiniArmorsCollection\Common\DX_MAC_DaedricReaper_gnd.nif,
DoD,D:\Wabbajack\modlists\DoD,Diaries of Dibella - Lord's Vision,DX Armors Collection All in One -3BA - CBBE (with Physics) - UNP,1860,DX Armors All-in-one.esp,D:\Wabbajack\modlists\DoD\mods\DX Armors Collection All in One -3BA - CBBE (with Physics) - UNP\DX Armors All-in-one.esp,0x05000B57,DX_MAC_DaedricReaperHoodHair03,Daedric Reaper Hood Blood,plugin,Heavy,Heavy,Heavy,0.0,1800,6.0,Hair,31,ArmorHeavy; ArmorMaterialDaedric; ArmorHelmet; VendorItemArmor,0x0006BBD2; 0x0006BBD4; 0x0006C0EE; 0x0008F959,ArmorMaterialDaedric,ArmorHelmet,VendorItemArmor,,,DX\MiniArmorsCollection\Common\DX_MAC_DaedricReaper_gnd.nif,
DoD,D:\Wabbajack\modlists\DoD,Diaries of Dibella - Lord's Vision,DX Armors Collection All in One -3BA - CBBE (with Physics) - UNP,1860,DX Armors All-in-one.esp,D:\Wabbajack\modlists\DoD\mods\DX Armors Collection All in One -3BA - CBBE (with Physics) - UNP\DX Armors All-in-one.esp,0x05000B58,DX_MAC_DaedricReaperGauntlets,Daedric Reaper Gauntlets,plugin,Heavy,Heavy,Heavy,0.0,800,6.0,Hands,33,PerkFistsDaedric; ArmorHeavy; ArmorMaterialDaedric; ArmorGauntlets; VendorItemArmor,0x0002C17B; 0x0006BBD2; 0x0006BBD4; 0x0006C0EF; 0x0008F959,ArmorMaterialDaedric,ArmorGauntlets,VendorItemArmor,,,DX\MiniArmorsCollection\Common\DX_MAC_DaedricReaper_gnd.nif,
DoD,D:\Wabbajack\modlists\DoD,Diaries of Dibella - Lord's Vision,DX Armors Collection All in One -3BA - CBBE (with Physics) - UNP,1860,DX Armors All-in-one.esp,D:\Wabbajack\modlists\DoD\mods\DX Armors Collection All in One -3BA - CBBE (with Physics) - UNP\DX Armors All-in-one.esp,0x05000B59,DX_MAC_DaedricReaperSkirt,Daedric Reaper Skirt,plugin,Heavy,Heavy,Heavy,0.0,600,2.0,Custom Slot (52),52,ArmorHeavy; ArmorMaterialDaedric; VendorItemArmor; ClothingNecklace,0x0006BBD2; 0x0006BBD4; 0x0008F959; 0x0010CD0A,ArmorMaterialDaedric,ClothingNecklace,VendorItemArmor,,,DX\MiniArmorsCollection\Common\DX_MAC_DaedricReaper_gnd.nif,
DoD,D:\Wabbajack\modlists\DoD,Diaries of Dibella - Lord's Vision,DX Armors Collection All in One -3BA - CBBE (with Physics) - UNP,1860,DX Armors All-in-one.esp,D:\Wabbajack\modlists\DoD\mods\DX Armors Collection All in One -3BA - CBBE (with Physics) - UNP\DX Armors All-in-one.esp,0x05000B5A,DX_MAC_DaedricReaperHoodEmpty,Daedric Reaper Hood,plugin,Heavy,Heavy,Heavy,0.0,1800,6.0,Hair,31,ArmorHeavy; ArmorMaterialDaedric; ArmorHelmet; VendorItemArmor,0x0006BBD2; 0x0006BBD4; 0x0006C0EE; 0x0008F959,ArmorMaterialDaedric,ArmorHelmet,VendorItemArmor,,,DX\MiniArmorsCollection\Common\DX_MAC_DaedricReaper_gnd.nif,
DoD,D:\Wabbajack\modlists\DoD,Diaries of Dibella - Lord's Vision,DX Armors Collection All in One -3BA - CBBE (with Physics) - UNP,1860,DX Armors All-in-one.esp,D:\Wabbajack\modlists\DoD\mods\DX Armors Collection All in One -3BA - CBBE (with Physics) - UNP\DX Armors All-in-one.esp,0x05000B5B,DX_MAC_DaedricReaperLeggings1,Daedric Reaper Leggings,plugin,Heavy,Heavy,Heavy,0.0,2000,6.0,Custom Slot (53),53,ArmorHeavy; ArmorMaterialDaedric; VendorItemArmor; MagicDisallowEnchanting,0x0006BBD2; 0x0006BBD4; 0x0008F959; 0x000C27BD,ArmorMaterialDaedric,,VendorItemArmor,,,DX\MiniArmorsCollection\Common\DX_MAC_DaedricReaper_gnd.nif,
DoD,D:\Wabbajack\modlists\DoD,Diaries of Dibella - Lord's Vision,DX Armors Collection All in One -3BA - CBBE (with Physics) - UNP,1860,DX Armors All-in-one.esp,D:\Wabbajack\modlists\DoD\mods\DX Armors Collection All in One -3BA - CBBE (with Physics) - UNP\DX Armors All-in-one.esp,0x05000B5C,DX_MAC_DaedricReaperHoodFaceless,Daedric Reaper Hood Faceless,plugin,Heavy,Heavy,Heavy,0.0,1800,6.0,Head; Hair,30; 31,ArmorHeavy; ArmorMaterialDaedric; ArmorHelmet; VendorItemArmor,0x0006BBD2; 0x0006BBD4; 0x0006C0EE; 0x0008F959,ArmorMaterialDaedric,ArmorHelmet,VendorItemArmor,,,DX\MiniArmorsCollection\Common\DX_MAC_DaedricReaper_gnd.nif,
DoD,D:\Wabbajack\modlists\DoD,Diaries of Dibella - Lord's Vision,DX Armors Collection All in One -3BA - CBBE (with Physics) - UNP,1860,DX Armors All-in-one.esp,D:\Wabbajack\modlists\DoD\mods\DX Armors Collection All in One -3BA - CBBE (with Physics) - UNP\DX Armors All-in-one.esp,0x05000B5D,DX_MAC_DaedricReaperChoker,Daedric Reaper Choker,plugin,Heavy,Clothing,Heavy,0.0,400,2.0,Amulet,35,ArmorHeavy; ArmorMaterialDaedric; VendorItemJewelry; ClothingNecklace,0x0006BBD2; 0x0006BBD4; 0x0008F95A; 0x0010CD0A,ArmorMaterialDaedric,ClothingNecklace,VendorItemJewelry,,,DX\MiniArmorsCollection\Common\DX_MAC_DaedricReaper_gnd.nif,
DoD,D:\Wabbajack\modlists\DoD,Diaries of Dibella - Lord's Vision,DX Armors Collection All in One -3BA - CBBE (with Physics) - UNP,1860,DX Armors All-in-one.esp,D:\Wabbajack\modlists\DoD\mods\DX Armors Collection All in One -3BA - CBBE (with Physics) - UNP\DX Armors All-in-one.esp,0x05000B5E,DX_MAC_DaedricReaperLeggings2,Daedric Reaper Leggings,plugin,Heavy,Heavy,Heavy,0.0,2000,6.0,Custom Slot (53),53,ArmorHeavy; ArmorMaterialDaedric; VendorItemArmor; MagicDisallowEnchanting,0x0006BBD2; 0x0006BBD4; 0x0008F959; 0x000C27BD,ArmorMaterialDaedric,,VendorItemArmor,,,DX\MiniArmorsCollection\Common\DX_MAC_DaedricReaper_gnd.nif,
DoD,D:\Wabbajack\modlists\DoD,Diaries of Dibella - Lord's Vision,DX Armors Collection All in One -3BA - CBBE (with Physics) - UNP,1860,DX Armors All-in-one.esp,D:\Wabbajack\modlists\DoD\mods\DX Armors Collection All in One -3BA - CBBE (with Physics) - UNP\DX Armors All-in-one.esp,0x05000B5F,DX_MAC_DaedricReaperHoodHair01,Daedric Reaper Hood Hagraven,plugin,Heavy,Heavy,Heavy,0.0,1800,6.0,Hair,31,ArmorHeavy; ArmorMaterialDaedric; ArmorHelmet; VendorItemArmor,0x0006BBD2; 0x0006BBD4; 0x0006C0EE; 0x0008F959,ArmorMaterialDaedric,ArmorHelmet,VendorItemArmor,,,DX\MiniArmorsCollection\Common\DX_MAC_DaedricReaper_gnd.nif,
DoD,D:\Wabbajack\modlists\DoD,Diaries of Dibella - Lord's Vision,DX Armors Collection All in One -3BA - CBBE (with Physics) - UNP,1860,DX Armors All-in-one.esp,D:\Wabbajack\modlists\DoD\mods\DX Armors Collection All in One -3BA - CBBE (with Physics) - UNP\DX Armors All-in-one.esp,0x05000BFE,DX_Demon_Armor,Demon Armor,plugin,Heavy,Heavy,Heavy,0.0,3200,25.0,Body,32,ArmorHeavy; ArmorMaterialDaedric; ArmorCuirass; VendorItemArmor; Survival_ArmorWarm,0x0006BBD2; 0x0006BBD4; 0x0006C0EC; 0x0008F959; 0x01002ED9,ArmorMaterialDaedric,ArmorCuirass,VendorItemArmor,,,DX\Demon\DX_Demon_Box.nif,
DoD,D:\Wabbajack\modlists\DoD,Diaries of Dibella - Lord's Vision,DX Armors Collection All in One -3BA - CBBE (with Physics) - UNP,1860,DX Armors All-in-one.esp,D:\Wabbajack\modlists\DoD\mods\DX Armors Collection All in One -3BA - CBBE (with Physics) - UNP\DX Armors All-in-one.esp,0x05000BFF,DX_Demon_Horns,Demon Horns,plugin,Heavy,Heavy,Heavy,0.0,1600,7.5,Circlet,42,ArmorHeavy; ArmorMaterialDaedric; ArmorHelmet; VendorItemArmor; Survival_ArmorWarm,0x0006BBD2; 0x0006BBD4; 0x0006C0EE; 0x0008F959; 0x01002ED9,ArmorMaterialDaedric,ArmorHelmet,VendorItemArmor,,,DX\Demon\DX_Demon_Box.nif,
DoD,D:\Wabbajack\modlists\DoD,Diaries of Dibella - Lord's Vision,DX Armors Collection All in One -3BA - CBBE (with Physics) - UNP,1860,DX Armors All-in-one.esp,D:\Wabbajack\modlists\DoD\mods\DX Armors Collection All in One -3BA - CBBE (with Physics) - UNP\DX Armors All-in-one.esp,0x05000C00,DX_Demon_Boots,Demon Boots,plugin,Heavy,Heavy,Heavy,0.0,625,5.0,Feet,37,ArmorHeavy; ArmorMaterialDaedric; ArmorBoots; VendorItemArmor; Survival_ArmorWarm,0x0006BBD2; 0x0006BBD4; 0x0006C0ED; 0x0008F959; 0x01002ED9,ArmorMaterialDaedric,ArmorBoots,VendorItemArmor,,,DX\Demon\DX_Demon_Box.nif,
DoD,D:\Wabbajack\modlists\DoD,Diaries of Dibella - Lord's Vision,DX Armors Collection All in One -3BA - CBBE (with Physics) - UNP,1860,DX Armors All-in-one.esp,D:\Wabbajack\modlists\DoD\mods\DX Armors Collection All in One -3BA - CBBE (with Physics) - UNP\DX Armors All-in-one.esp,0x05000C01,DX_Demon_Choker,Demon Choker,plugin,Clothing,Clothing,,0.0,300,0.5,Amulet,35,ArmorMaterialDaedric; ArmorJewelry; VendorItemJewelry; ClothingNecklace,0x0006BBD4; 0x0006BBE9; 0x0008F95A; 0x0010CD0A,ArmorMaterialDaedric,ClothingNecklace,VendorItemJewelry,,,DX\Demon\DX_Demon_Box.nif,
DoD,D:\Wabbajack\modlists\DoD,Diaries of Dibella - Lord's Vision,DX Armors Collection All in One -3BA - CBBE (with Physics) - UNP,1860,DX Armors All-in-one.esp,D:\Wabbajack\modlists\DoD\mods\DX Armors Collection All in One -3BA - CBBE (with Physics) - UNP\DX Armors All-in-one.esp,0x05000C02,DX_Demon_Shield,Demon Shield,plugin,Heavy,Heavy,,0.0,1600,7.5,Shield,39,ArmorMaterialDaedric; VendorItemArmor; ArmorShield; MagicDisallowEnchanting,0x0006BBD4; 0x0008F959; 0x000965B2; 0x000C27BD,ArmorMaterialDaedric,ArmorShield,VendorItemArmor,,,DX\Demon\DX_Demon_Shield.nif,
DoD,D:\Wabbajack\modlists\DoD,Diaries of Dibella - Lord's Vision,DX Armors Collection All in One -3BA - CBBE (with Physics) - UNP,1860,DX Armors All-in-one.esp,D:\Wabbajack\modlists\DoD\mods\DX Armors Collection All in One -3BA - CBBE (with Physics) - UNP\DX Armors All-in-one.esp,0x05000C03,DX_Demon_Gauntlets,Demon Gauntlets,plugin,Heavy,Heavy,Heavy,0.0,625,3.0,Hands; Forearms,33; 34,PerkFistsDaedric; ArmorHeavy; ArmorMaterialDaedric; ArmorGauntlets; VendorItemArmor; Survival_ArmorWarm,0x0002C17B; 0x0006BBD2; 0x0006BBD4; 0x0006C0EF; 0x0008F959; 0x01002ED9,ArmorMaterialDaedric,ArmorGauntlets,VendorItemArmor,,,DX\Demon\DX_Demon_Box.nif,
DoD,D:\Wabbajack\modlists\DoD,Diaries of Dibella - Lord's Vision,DX Armors Collection All in One -3BA - CBBE (with Physics) - UNP,1860,DX Armors All-in-one.esp,D:\Wabbajack\modlists\DoD\mods\DX Armors Collection All in One -3BA - CBBE (with Physics) - UNP\DX Armors All-in-one.esp,0x05000C04,DX_Demon_Cape,Demon Cape,plugin,Heavy,Heavy,Heavy,0.0,625,3.0,Custom Slot (46),46,ArmorHeavy; ArmorMaterialDaedric; VendorItemArmor; ArmorShield; Survival_ArmorWarm,0x0006BBD2; 0x0006BBD4; 0x0008F959; 0x000965B2; 0x01002ED9,ArmorMaterialDaedric,ArmorShield,VendorItemArmor,,,DX\Demon\DX_Demon_Box.nif,
DoD,D:\Wabbajack\modlists\DoD,Diaries of Dibella - Lord's Vision,DX Armors Collection All in One -3BA - CBBE (with Physics) - UNP,1860,DX Armors All-in-one.esp,D:\Wabbajack\modlists\DoD\mods\DX Armors Collection All in One -3BA - CBBE (with Physics) - UNP\DX Armors All-in-one.esp,0x05000E19,DX_MAC_MertaAssassinSkirtB,Merta Assassin Reinforced Skirt,plugin,Light,Light,Light,0.0,100,2.0,Custom Slot (52),52,ArmorLight; ArmorMaterialDaedric; VendorItemArmor; MagicDisallowEnchanting,0x0006BBD3; 0x0006BBD4; 0x0008F959; 0x000C27BD,ArmorMaterialDaedric,,VendorItemArmor,,,DX\MiniArmorsCollection\Common\DX_MAC_MertaAssassin_gnd.nif,
DoD,D:\Wabbajack\modlists\DoD,Diaries of Dibella - Lord's Vision,DX Armors Collection All in One -3BA - CBBE (with Physics) - UNP,1860,DX Armors All-in-one.esp,D:\Wabbajack\modlists\DoD\mods\DX Armors Collection All in One -3BA - CBBE (with Physics) - UNP\DX Armors All-in-one.esp,0x05000E1A,DX_MAC_MertaAssassinTunic,Merta Assassin Fishnet Tunic,plugin,Light,Light,Light,0.0,1000,4.0,Body; Calves,32; 38,ArmorLight; ArmorMaterialDaedric; ArmorCuirass; VendorItemArmor,0x0006BBD3; 0x0006BBD4; 0x0006C0EC; 0x0008F959,ArmorMaterialDaedric,ArmorCuirass,VendorItemArmor,,,DX\MiniArmorsCollection\Common\DX_MAC_MertaAssassin_gnd.nif,
DoD,D:\Wabbajack\modlists\DoD,Diaries of Dibella - Lord's Vision,DX Armors Collection All in One -3BA - CBBE (with Physics) - UNP,1860,DX Armors All-in-one.esp,D:\Wabbajack\modlists\DoD\mods\DX Armors Collection All in One -3BA - CBBE (with Physics) - UNP\DX Armors All-in-one.esp,0x05000E1B,DX_MAC_MertaAssassinLeggings,Merta Assassin Fishnet Leggings,plugin,Light,Light,Light,0.0,200,3.0,Feet; Custom Slot (53),37; 53,ArmorLight; ArmorMaterialDaedric; ArmorBoots; VendorItemArmor,0x0006BBD3; 0x0006BBD4; 0x0006C0ED; 0x0008F959,ArmorMaterialDaedric,ArmorBoots,VendorItemArmor,,,DX\MiniArmorsCollection\Common\DX_MAC_MertaAssassin_gnd.nif,
DoD,D:\Wabbajack\modlists\DoD,Diaries of Dibella - Lord's Vision,DX Armors Collection All in One -3BA - CBBE (with Physics) - UNP,1860,DX Armors All-in-one.esp,D:\Wabbajack\modlists\DoD\mods\DX Armors Collection All in One -3BA - CBBE (with Physics) - UNP\DX Armors All-in-one.esp,0x05000E1C,DX_MAC_MertaAssassinArmletsB,Merta Assassin Reinforced Armlets,plugin,Light,Light,Light,0.0,150,2.0,Forearms,34,ArmorLight; ArmorMaterialDaedric; VendorItemArmor; MagicDisallowEnchanting,0x0006BBD3; 0x0006BBD4; 0x0008F959; 0x000C27BD,ArmorMaterialDaedric,,VendorItemArmor,,,DX\MiniArmorsCollection\Common\DX_MAC_MertaAssassin_gnd.nif,
DoD,D:\Wabbajack\modlists\DoD,Diaries of Dibella - Lord's Vision,DX Armors Collection All in One -3BA - CBBE (with Physics) - UNP,1860,DX Armors All-in-one.esp,D:\Wabbajack\modlists\DoD\mods\DX Armors Collection All in One -3BA - CBBE (with Physics) - UNP\DX Armors All-in-one.esp,0x05000E1D,DX_MAC_MertaAssassinShoesHDT,Merta Assassin Belt Shoes,plugin,Light,Light,Light,0.0,150,3.0,Feet,37,ArmorLight; ArmorMaterialDaedric; ArmorBoots; VendorItemArmor,0x0006BBD3; 0x0006BBD4; 0x0006C0ED; 0x0008F959,ArmorMaterialDaedric,ArmorBoots,VendorItemArmor,,,DX\MiniArmorsCollection\Common\DX_MAC_MertaAssassin_gnd.nif,
DoD,D:\Wabbajack\modlists\DoD,Diaries of Dibella - Lord's Vision,DX Armors Collection All in One -3BA - CBBE (with Physics) - UNP,1860,DX Armors All-in-one.esp,D:\Wabbajack\modlists\DoD\mods\DX Armors Collection All in One -3BA - CBBE (with Physics) - UNP\DX Armors All-in-one.esp,0x05000E1E,DX_MAC_MertaAssassinHeadband,Merta Assassin Headband,plugin,Light,Light,Light,0.0,150,1.0,Circlet,42,ArmorLight; ArmorMaterialDaedric; ArmorHelmet; VendorItemArmor,0x0006BBD3; 0x0006BBD4; 0x0006C0EE; 0x0008F959,ArmorMaterialDaedric,ArmorHelmet,VendorItemArmor,,,DX\MiniArmorsCollection\Common\DX_MAC_MertaAssassin_gnd.nif,
DoD,D:\Wabbajack\modlists\DoD,Diaries of Dibella - Lord's Vision,DX Armors Collection All in One -3BA - CBBE (with Physics) - UNP,1860,DX Armors All-in-one.esp,D:\Wabbajack\modlists\DoD\mods\DX Armors Collection All in One -3BA - CBBE (with Physics) - UNP\DX Armors All-in-one.esp,0x05000E1F,DX_MAC_MertaAssassinLeggingsC,Merta Assassin Elegant Leggings,plugin,Light,Light,Light,0.0,300,6.0,Feet; Custom Slot (53),37; 53,ArmorLight; ArmorMaterialDaedric; ArmorBoots; VendorItemArmor,0x0006BBD3; 0x0006BBD4; 0x0006C0ED; 0x0008F959,ArmorMaterialDaedric,ArmorBoots,VendorItemArmor,,,DX\MiniArmorsCollection\Common\DX_MAC_MertaAssassin_gnd.nif,
DoD,D:\Wabbajack\modlists\DoD,Diaries of Dibella - Lord's Vision,DX Armors Collection All in One -3BA - CBBE (with Physics) - UNP,1860,DX Armors All-in-one.esp,D:\Wabbajack\modlists\DoD\mods\DX Armors Collection All in One -3BA - CBBE (with Physics) - UNP\DX Armors All-in-one.esp,0x05000E20,DX_MAC_MertaAssassinBootsHDT,Merta Assassin Fishnet Boots,plugin,Light,Light,Light,0.0,100,2.0,Feet,37,ArmorLight; ArmorMaterialDaedric; ArmorBoots; VendorItemArmor,0x0006BBD3; 0x0006BBD4; 0x0006C0ED; 0x0008F959,ArmorMaterialDaedric,ArmorBoots,VendorItemArmor,,,DX\MiniArmorsCollection\Common\DX_MAC_MertaAssassin_gnd.nif,
DoD,D:\Wabbajack\modlists\DoD,Diaries of Dibella - Lord's Vision,DX Armors Collection All in One -3BA - CBBE (with Physics) - UNP,1860,DX Armors All-in-one.esp,D:\Wabbajack\modlists\DoD\mods\DX Armors Collection All in One -3BA - CBBE (with Physics) - UNP\DX Armors All-in-one.esp,0x05000E21,DX_MAC_MertaAssassinTunicB,Merta Assassin Reinforced Tunic,plugin,Light,Light,Light,0.0,1250,5.0,Body; Calves,32; 38,ArmorLight; ArmorMaterialDaedric; ArmorCuirass; VendorItemArmor,0x0006BBD3; 0x0006BBD4; 0x0006C0EC; 0x0008F959,ArmorMaterialDaedric,ArmorCuirass,VendorItemArmor,,,DX\MiniArmorsCollection\Common\DX_MAC_MertaAssassin_gnd.nif,
DoD,D:\Wabbajack\modlists\DoD,Diaries of Dibella - Lord's Vision,DX Armors Collection All in One -3BA - CBBE (with Physics) - UNP,1860,DX Armors All-in-one.esp,D:\Wabbajack\modlists\DoD\mods\DX Armors Collection All in One -3BA - CBBE (with Physics) - UNP\DX Armors All-in-one.esp,0x05000E22,DX_MAC_MertaAssassinLeggingsB,Merta Assassin Reinforced Leggings,plugin,Light,Light,Light,0.0,225,4.0,Feet; Custom Slot (53),37; 53,ArmorLight; ArmorMaterialDaedric; ArmorBoots; VendorItemArmor,0x0006BBD3; 0x0006BBD4; 0x0006C0ED; 0x0008F959,ArmorMaterialDaedric,ArmorBoots,VendorItemArmor,,,DX\MiniArmorsCollection\Common\DX_MAC_MertaAssassin_gnd.nif,
DoD,D:\Wabbajack\modlists\DoD,Diaries of Dibella - Lord's Vision,DX Armors Collection All in One -3BA - CBBE (with Physics) - UNP,1860,DX Armors All-in-one.esp,D:\Wabbajack\modlists\DoD\mods\DX Armors Collection All in One -3BA - CBBE (with Physics) - UNP\DX Armors All-in-one.esp,0x05000E23,DX_MAC_MertaAssassinArmlets,Merta Assassin Fishnet Armlets,plugin,Light,Light,Light,0.0,100,1.0,Forearms,34,ArmorLight; ArmorMaterialDaedric; VendorItemArmor; MagicDisallowEnchanting,0x0006BBD3; 0x0006BBD4; 0x0008F959; 0x000C27BD,ArmorMaterialDaedric,,VendorItemArmor,,,DX\MiniArmorsCollection\Common\DX_MAC_MertaAssassin_gnd.nif,
DoD,D:\Wabbajack\modlists\DoD,Diaries of Dibella - Lord's Vision,DX Armors Collection All in One -3BA - CBBE (with Physics) - UNP,1860,DX Armors All-in-one.esp,D:\Wabbajack\modlists\DoD\mods\DX Armors Collection All in One -3BA - CBBE (with Physics) - UNP\DX Armors All-in-one.esp,0x05000E24,DX_MAC_MertaAssassinStockingsB,Merta Assassin Reinforced Stockings,plugin,Light,Light,Light,0.0,125,2.0,Custom Slot (53),53,ArmorLight; ArmorMaterialDaedric; VendorItemArmor; MagicDisallowEnchanting,0x0006BBD3; 0x0006BBD4; 0x0008F959; 0x000C27BD,ArmorMaterialDaedric,,VendorItemArmor,,,DX\MiniArmorsCollection\Common\DX_MAC_MertaAssassin_gnd.nif,
DoD,D:\Wabbajack\modlists\DoD,Diaries of Dibella - Lord's Vision,DX Armors Collection All in One -3BA - CBBE (with Physics) - UNP,1860,DX Armors All-in-one.esp,D:\Wabbajack\modlists\DoD\mods\DX Armors Collection All in One -3BA - CBBE (with Physics) - UNP\DX Armors All-in-one.esp,0x05000E25,DX_MAC_MertaAssassinSkirt,Merta Assassin Fishnet Skirt,plugin,Light,Light,Light,0.0,50,1.0,Custom Slot (52),52,ArmorLight; ArmorMaterialDaedric; VendorItemArmor; MagicDisallowEnchanting,0x0006BBD3; 0x0006BBD4; 0x0008F959; 0x000C27BD,ArmorMaterialDaedric,,VendorItemArmor,,,DX\MiniArmorsCollection\Common\DX_MAC_MertaAssassin_gnd.nif,
DoD,D:\Wabbajack\modlists\DoD,Diaries of Dibella - Lord's Vision,DX Armors Collection All in One -3BA - CBBE (with Physics) - UNP,1860,DX Armors All-in-one.esp,D:\Wabbajack\modlists\DoD\mods\DX Armors Collection All in One -3BA - CBBE (with Physics) - UNP\DX Armors All-in-one.esp,0x05000E26,DX_MAC_MertaAssassinGlovesB,Merta Assassin Elegant Gloves,plugin,Light,Light,Light,0.0,150,3.0,Hands,33,ArmorLight; ArmorMaterialDaedric; ArmorGauntlets; VendorItemArmor,0x0006BBD3; 0x0006BBD4; 0x0006C0EF; 0x0008F959,ArmorMaterialDaedric,ArmorGauntlets,VendorItemArmor,,,DX\MiniArmorsCollection\Common\DX_MAC_MertaAssassin_gnd.nif,
DoD,D:\Wabbajack\modlists\DoD,Diaries of Dibella - Lord's Vision,DX Armors Collection All in One -3BA - CBBE (with Physics) - UNP,1860,DX Armors All-in-one.esp,D:\Wabbajack\modlists\DoD\mods\DX Armors Collection All in One -3BA - CBBE (with Physics) - UNP\DX Armors All-in-one.esp,0x05000E27,DX_MAC_MertaAssassinStockings,Merta Assassin Fishnet Stockings,plugin,Light,Light,Light,0.0,100,1.0,Custom Slot (53),53,ArmorLight; ArmorMaterialDaedric; VendorItemArmor; MagicDisallowEnchanting,0x0006BBD3; 0x0006BBD4; 0x0008F959; 0x000C27BD,ArmorMaterialDaedric,,VendorItemArmor,,,DX\MiniArmorsCollection\Common\DX_MAC_MertaAssassin_gnd.nif,
DoD,D:\Wabbajack\modlists\DoD,Diaries of Dibella - Lord's Vision,DX Armors Collection All in One -3BA - CBBE (with Physics) - UNP,1860,DX Armors All-in-one.esp,D:\Wabbajack\modlists\DoD\mods\DX Armors Collection All in One -3BA - CBBE (with Physics) - UNP\DX Armors All-in-one.esp,0x05000E28,DX_MAC_MertaAssassinChokerBelt,Merta Assassin Belt Choker,plugin,Clothing,Clothing,,0.0,150,1.0,Amulet,35,ArmorMaterialDaedric; ArmorJewelry; VendorItemArmor; ClothingNecklace,0x0006BBD4; 0x0006BBE9; 0x0008F959; 0x0010CD0A,ArmorMaterialDaedric,ClothingNecklace,VendorItemArmor,,,DX\MiniArmorsCollection\Common\DX_MAC_MertaAssassin_gnd.nif,
DoD,D:\Wabbajack\modlists\DoD,Diaries of Dibella - Lord's Vision,DX Armors Collection All in One -3BA - CBBE (with Physics) - UNP,1860,DX Armors All-in-one.esp,D:\Wabbajack\modlists\DoD\mods\DX Armors Collection All in One -3BA - CBBE (with Physics) - UNP\DX Armors All-in-one.esp,0x05000E29,DX_MAC_MertaAssassinTunicC,Merta Assassin Elegant Tunic,plugin,Light,Light,Light,0.0,1500,6.0,Body; Calves,32; 38,ArmorLight; ArmorMaterialDaedric; ArmorCuirass; VendorItemArmor,0x0006BBD3; 0x0006BBD4; 0x0006C0EC; 0x0008F959,ArmorMaterialDaedric,ArmorCuirass,VendorItemArmor,,,DX\MiniArmorsCollection\Common\DX_MAC_MertaAssassin_gnd.nif,
DoD,D:\Wabbajack\modlists\DoD,Diaries of Dibella - Lord's Vision,DX Armors Collection All in One -3BA - CBBE (with Physics) - UNP,1860,DX Armors All-in-one.esp,D:\Wabbajack\modlists\DoD\mods\DX Armors Collection All in One -3BA - CBBE (with Physics) - UNP\DX Armors All-in-one.esp,0x05000E2A,DX_MAC_MertaAssassinGloves,Merta Assassin Fishnet Gloves,plugin,Light,Light,Light,0.0,100,2.0,Hands,33,ArmorLight; ArmorMaterialDaedric; ArmorGauntlets; VendorItemArmor,0x0006BBD3; 0x0006BBD4; 0x0006C0EF; 0x0008F959,ArmorMaterialDaedric,ArmorGauntlets,VendorItemArmor,,,DX\MiniArmorsCollection\Common\DX_MAC_MertaAssassin_gnd.nif,
DoD,D:\Wabbajack\modlists\DoD,Diaries of Dibella - Lord's Vision,DX Armors Collection All in One -3BA - CBBE (with Physics) - UNP,1860,DX Armors All-in-one.esp,D:\Wabbajack\modlists\DoD\mods\DX Armors Collection All in One -3BA - CBBE (with Physics) - UNP\DX Armors All-in-one.esp,0x05000E2B,DX_MAC_MertaAssassinChokerB,Merta Assassin Elegant Choker,plugin,Clothing,Clothing,,0.0,150,0.5,Amulet,35,ArmorMaterialDaedric; ArmorJewelry; VendorItemArmor; ClothingNecklace,0x0006BBD4; 0x0006BBE9; 0x0008F959; 0x0010CD0A,ArmorMaterialDaedric,ClothingNecklace,VendorItemArmor,,,DX\MiniArmorsCollection\Common\DX_MAC_MertaAssassin_gnd.nif,
DoD,D:\Wabbajack\modlists\DoD,Diaries of Dibella - Lord's Vision,DX Armors Collection All in One -3BA - CBBE (with Physics) - UNP,1860,DX Armors All-in-one.esp,D:\Wabbajack\modlists\DoD\mods\DX Armors Collection All in One -3BA - CBBE (with Physics) - UNP\DX Armors All-in-one.esp,0x05000E2C,DX_MAC_MertaAssassinChoker,Merta Assassin Fishnet Choker,plugin,Clothing,Clothing,,0.0,100,0.5,Amulet,35,ArmorMaterialDaedric; ArmorJewelry; VendorItemArmor; ClothingNecklace,0x0006BBD4; 0x0006BBE9; 0x0008F959; 0x0010CD0A,ArmorMaterialDaedric,ClothingNecklace,VendorItemArmor,,,DX\MiniArmorsCollection\Common\DX_MAC_MertaAssassin_gnd.nif,
DoD,D:\Wabbajack\modlists\DoD,Diaries of Dibella - Lord's Vision,DX Armors Collection All in One -3BA - CBBE (with Physics) - UNP,1860,DX Armors All-in-one.esp,D:\Wabbajack\modlists\DoD\mods\DX Armors Collection All in One -3BA - CBBE (with Physics) - UNP\DX Armors All-in-one.esp,0x05000E2D,DX_MAC_MertaAssassinStockingsC,Merta Assassin Elegant Stockings,plugin,Light,Light,Light,0.0,150,3.0,Custom Slot (53),53,ArmorLight; ArmorMaterialDaedric; VendorItemArmor; MagicDisallowEnchanting,0x0006BBD3; 0x0006BBD4; 0x0008F959; 0x000C27BD,ArmorMaterialDaedric,,VendorItemArmor,,,DX\MiniArmorsCollection\Common\DX_MAC_MertaAssassin_gnd.nif,
DoD,D:\Wabbajack\modlists\DoD,Diaries of Dibella - Lord's Vision,DX Armors Collection All in One -3BA - CBBE (with Physics) - UNP,1860,DX Armors All-in-one.esp,D:\Wabbajack\modlists\DoD\mods\DX Armors Collection All in One -3BA - CBBE (with Physics) - UNP\DX Armors All-in-one.esp,0x05000E2E,DX_MAC_MertaAssassinBootsHDTB,Merta Assassin Elegant Boots,plugin,Light,Light,Light,0.0,150,3.0,Feet,37,ArmorLight; ArmorMaterialDaedric; ArmorBoots; VendorItemArmor,0x0006BBD3; 0x0006BBD4; 0x0006C0ED; 0x0008F959,ArmorMaterialDaedric,ArmorBoots,VendorItemArmor,,,DX\MiniArmorsCollection\Common\DX_MAC_MertaAssassin_gnd.nif,
DoD,D:\Wabbajack\modlists\DoD,Diaries of Dibella - Lord's Vision,DX Armors Collection All in One -3BA - CBBE (with Physics) - UNP,1860,DX Armors All-in-one.esp,D:\Wabbajack\modlists\DoD\mods\DX Armors Collection All in One -3BA - CBBE (with Physics) - UNP\DX Armors All-in-one.esp,0x05000EF2,DX_Necromancer_Purple_Boots,Necromancer Purple Boots,plugin,Clothing,Clothing,Clothing,0.0,62,6.0,Feet,37,ArmorMaterialDaedric; ArmorClothing; ArmorBoots; VendorItemArmor,0x0006BBD4; 0x0006BBE8; 0x0006C0ED; 0x0008F959,ArmorMaterialDaedric,ArmorBoots,VendorItemArmor,,,DX\Necromancer\DX_Necromancer_Skull_Purple.nif,
DoD,D:\Wabbajack\modlists\DoD,Diaries of Dibella - Lord's Vision,DX Armors Collection All in One -3BA - CBBE (with Physics) - UNP,1860,DX Armors All-in-one.esp,D:\Wabbajack\modlists\DoD\mods\DX Armors Collection All in One -3BA - CBBE (with Physics) - UNP\DX Armors All-in-one.esp,0x05000EF3,DX_Necromancer_Purple_Claws,Necromancer Purple Claws,plugin,Clothing,Clothing,Clothing,0.0,40,4.0,Hands,33,ArmorMaterialDaedric; ArmorClothing; ArmorGauntlets; VendorItemArmor,0x0006BBD4; 0x0006BBE8; 0x0006C0EF; 0x0008F959,ArmorMaterialDaedric,ArmorGauntlets,VendorItemArmor,,,DX\Necromancer\DX_Necromancer_Skull_Purple.nif,
DoD,D:\Wabbajack\modlists\DoD,Diaries of Dibella - Lord's Vision,DX Armors Collection All in One -3BA - CBBE (with Physics) - UNP,1860,DX Armors All-in-one.esp,D:\Wabbajack\modlists\DoD\mods\DX Armors Collection All in One -3BA - CBBE (with Physics) - UNP\DX Armors All-in-one.esp,0x05000EF4,DX_Necromancer_Purple_Robes,Necromancer Purple Robes,plugin,Clothing,Clothing,Clothing,0.0,348,10.0,Body,32,ArmorMaterialDaedric; ArmorClothing; ArmorCuirass; VendorItemArmor; MagicDisallowEnchanting,0x0006BBD4; 0x0006BBE8; 0x0006C0EC; 0x0008F959; 0x000C27BD,ArmorMaterialDaedric,ArmorCuirass,VendorItemArmor,0x05000EF0,,DX\Necromancer\DX_Necromancer_Skull_Purple.nif,
DoD,D:\Wabbajack\modlists\DoD,Diaries of Dibella - Lord's Vision,DX Armors Collection All in One -3BA - CBBE (with Physics) - UNP,1860,DX Armors All-in-one.esp,D:\Wabbajack\modlists\DoD\mods\DX Armors Collection All in One -3BA - CBBE (with Physics) - UNP\DX Armors All-in-one.esp,0x05000EF5,DX_Necromancer_Purple_Amulet,Necromancer Purple Amulet,plugin,Clothing,Clothing,Clothing,0.0,143,2.0,Amulet,35,ArmorMaterialDaedric; ArmorClothing; VendorItemArmor; ClothingNecklace,0x0006BBD4; 0x0006BBE8; 0x0008F959; 0x0010CD0A,ArmorMaterialDaedric,ClothingNecklace,VendorItemArmor,,,DX\Necromancer\DX_Necromancer_Skull_Purple.nif,
DoD,D:\Wabbajack\modlists\DoD,Diaries of Dibella - Lord's Vision,DX Armors Collection All in One -3BA - CBBE (with Physics) - UNP,1860,DX Armors All-in-one.esp,D:\Wabbajack\modlists\DoD\mods\DX Armors Collection All in One -3BA - CBBE (with Physics) - UNP\DX Armors All-in-one.esp,0x05000EF6,DX_Necromancer_Purple_Mask,Necromancer Purple Blindfold,plugin,Clothing,Clothing,Clothing,0.0,3,2.0,Circlet,42,ArmorMaterialDaedric; ArmorClothing; ArmorHelmet; VendorItemArmor,0x0006BBD4; 0x0006BBE8; 0x0006C0EE; 0x0008F959,ArmorMaterialDaedric,ArmorHelmet,VendorItemArmor,,,DX\Necromancer\DX_Necromancer_Skull_Purple.nif,
DoD,D:\Wabbajack\modlists\DoD,Diaries of Dibella - Lord's Vision,DX Armors Collection All in One -3BA - CBBE (with Physics) - UNP,1860,DX Armors All-in-one.esp,D:\Wabbajack\modlists\DoD\mods\DX Armors Collection All in One -3BA - CBBE (with Physics) - UNP\DX Armors All-in-one.esp,0x05000EF7,DX_Necromancer_Purple_Panty,Necromancer Purple Panty,plugin,Clothing,Clothing,Clothing,0.0,13,1.0,Custom Slot (48),48,ArmorMaterialDaedric; ArmorClothing; VendorItemArmor; MagicDisallowEnchanting,0x0006BBD4; 0x0006BBE8; 0x0008F959; 0x000C27BD,ArmorMaterialDaedric,,VendorItemArmor,,,DX\Necromancer\DX_Necromancer_Skull_Purple.nif,
DoD,D:\Wabbajack\modlists\DoD,Diaries of Dibella - Lord's Vision,DX Armors Collection All in One -3BA - CBBE (with Physics) - UNP,1860,DX Armors All-in-one.esp,D:\Wabbajack\modlists\DoD\mods\DX Armors Collection All in One -3BA - CBBE (with Physics) - UNP\DX Armors All-in-one.esp,0x05000EF8,DX_Necromancer_Purple_Staff,Necromancer Purple Staff,plugin,Clothing,Clothing,Clothing,0.0,316,8.0,Custom Slot (46),46,ArmorMaterialDaedric; ArmorClothing; VendorItemArmor; MagicDisallowEnchanting,0x0006BBD4; 0x0006BBE8; 0x0008F959; 0x000C27BD,ArmorMaterialDaedric,,VendorItemArmor,0x05000EF1,,DX\Necromancer\DX_Necromancer_Skull_Purple.nif,
DoD,D:\Wabbajack\modlists\DoD,Diaries of Dibella - Lord's Vision,DX Armors Collection All in One -3BA - CBBE (with Physics) - UNP,1860,DX Armors All-in-one.esp,D:\Wabbajack\modlists\DoD\mods\DX Armors Collection All in One -3BA - CBBE (with Physics) - UNP\DX Armors All-in-one.esp,0x05000EF9,DX_Necromancer_Purple_Robes_Trans,Necromancer Purple Robes Transparent,plugin,Clothing,Clothing,Clothing,0.0,348,10.0,Body,32,ArmorMaterialDaedric; ArmorClothing; ArmorCuirass; VendorItemArmor; MagicDisallowEnchanting,0x0006BBD4; 0x0006BBE8; 0x0006C0EC; 0x0008F959; 0x000C27BD,ArmorMaterialDaedric,ArmorCuirass,VendorItemArmor,0x05000EF0,,DX\Necromancer\DX_Necromancer_Skull_Purple.nif,
DoD,D:\Wabbajack\modlists\DoD,Diaries of Dibella - Lord's Vision,DX Armors Collection All in One -3BA - CBBE (with Physics) - UNP,1860,DX Armors All-in-one.esp,D:\Wabbajack\modlists\DoD\mods\DX Armors Collection All in One -3BA - CBBE (with Physics) - UNP\DX Armors All-in-one.esp,0x05000EFA,DX_Necromancer_Black_Amulet,Necromancer Black Amulet,plugin,Clothing,Clothing,Clothing,0.0,223,2.0,Amulet,35,ArmorMaterialDaedric; ArmorClothing; VendorItemArmor; ClothingNecklace,0x0006BBD4; 0x0006BBE8; 0x0008F959; 0x0010CD0A,ArmorMaterialDaedric,ClothingNecklace,VendorItemArmor,,,DX\Necromancer\DX_Necromancer_Skull_Black.nif,
DoD,D:\Wabbajack\modlists\DoD,Diaries of Dibella - Lord's Vision,DX Armors Collection All in One -3BA - CBBE (with Physics) - UNP,1860,DX Armors All-in-one.esp,D:\Wabbajack\modlists\DoD\mods\DX Armors Collection All in One -3BA - CBBE (with Physics) - UNP\DX Armors All-in-one.esp,0x05000EFB,DX_Necromancer_Black_Boots,Necromancer Black Boots,plugin,Clothing,Clothing,Clothing,0.0,62,6.0,Feet,37,ArmorMaterialDaedric; ArmorClothing; ArmorBoots; VendorItemArmor,0x0006BBD4; 0x0006BBE8; 0x0006C0ED; 0x0008F959,ArmorMaterialDaedric,ArmorBoots,VendorItemArmor,,,DX\Necromancer\DX_Necromancer_Skull_Black.nif,
DoD,D:\Wabbajack\modlists\DoD,Diaries of Dibella - Lord's Vision,DX Armors Collection All in One -3BA - CBBE (with Physics) - UNP,1860,DX Armors All-in-one.esp,D:\Wabbajack\modlists\DoD\mods\DX Armors Collection All in One -3BA - CBBE (with Physics) - UNP\DX Armors All-in-one.esp,0x05000EFC,DX_Necromancer_Black_Claws,Necromancer Black Claws,plugin,Clothing,Clothing,Clothing,0.0,40,4.0,Hands,33,ArmorMaterialDaedric; ArmorClothing; ArmorGauntlets; VendorItemArmor,0x0006BBD4; 0x0006BBE8; 0x0006C0EF; 0x0008F959,ArmorMaterialDaedric,ArmorGauntlets,VendorItemArmor,,,DX\Necromancer\DX_Necromancer_Skull_Black.nif,
DoD,D:\Wabbajack\modlists\DoD,Diaries of Dibella - Lord's Vision,DX Armors Collection All in One -3BA - CBBE (with Physics) - UNP,1860,DX Armors All-in-one.esp,D:\Wabbajack\modlists\DoD\mods\DX Armors Collection All in One -3BA - CBBE (with Physics) - UNP\DX Armors All-in-one.esp,0x05000EFD,DX_Necromancer_Black_Mask,Necromancer Black Blindfold,plugin,Clothing,Clothing,Clothing,0.0,3,2.0,Circlet,42,ArmorMaterialDaedric; ArmorClothing; ArmorHelmet; VendorItemArmor,0x0006BBD4; 0x0006BBE8; 0x0006C0EE; 0x0008F959,ArmorMaterialDaedric,ArmorHelmet,VendorItemArmor,,,DX\Necromancer\DX_Necromancer_Skull_Black.nif,
DoD,D:\Wabbajack\modlists\DoD,Diaries of Dibella - Lord's Vision,DX Armors Collection All in One -3BA - CBBE (with Physics) - UNP,1860,DX Armors All-in-one.esp,D:\Wabbajack\modlists\DoD\mods\DX Armors Collection All in One -3BA - CBBE (with Physics) - UNP\DX Armors All-in-one.esp,0x05000EFE,DX_Necromancer_Black_Panty,Necromancer Black Panty,plugin,Clothing,Clothing,Clothing,0.0,13,1.0,Custom Slot (48),48,ArmorMaterialDaedric; ArmorClothing; VendorItemArmor; MagicDisallowEnchanting,0x0006BBD4; 0x0006BBE8; 0x0008F959; 0x000C27BD,ArmorMaterialDaedric,,VendorItemArmor,,,DX\Necromancer\DX_Necromancer_Skull_Black.nif,
DoD,D:\Wabbajack\modlists\DoD,Diaries of Dibella - Lord's Vision,DX Armors Collection All in One -3BA - CBBE (with Physics) - UNP,1860,DX Armors All-in-one.esp,D:\Wabbajack\modlists\DoD\mods\DX Armors Collection All in One -3BA - CBBE (with Physics) - UNP\DX Armors All-in-one.esp,0x05000EFF,DX_Necromancer_Black_Robes,Necromancer Black Robes,plugin,Clothing,Clothing,Clothing,0.0,348,10.0,Body,32,ArmorMaterialDaedric; ArmorClothing; ArmorCuirass; VendorItemArmor; MagicDisallowEnchanting,0x0006BBD4; 0x0006BBE8; 0x0006C0EC; 0x0008F959; 0x000C27BD,ArmorMaterialDaedric,ArmorCuirass,VendorItemArmor,0x05000EF0,,DX\Necromancer\DX_Necromancer_Skull_Black.nif,
DoD,D:\Wabbajack\modlists\DoD,Diaries of Dibella - Lord's Vision,DX Armors Collection All in One -3BA - CBBE (with Physics) - UNP,1860,DX Armors All-in-one.esp,D:\Wabbajack\modlists\DoD\mods\DX Armors Collection All in One -3BA - CBBE (with Physics) - UNP\DX Armors All-in-one.esp,0x05000F00,DX_Necromancer_Black_Robes_Trans,Necromancer Black Robes Transparent,plugin,Clothing,Clothing,Clothing,0.0,348,10.0,Body,32,ArmorMaterialDaedric; ArmorClothing; ArmorCuirass; VendorItemArmor; MagicDisallowEnchanting,0x0006BBD4; 0x0006BBE8; 0x0006C0EC; 0x0008F959; 0x000C27BD,ArmorMaterialDaedric,ArmorCuirass,VendorItemArmor,0x05000EF0,,DX\Necromancer\DX_Necromancer_Skull_Black.nif,
DoD,D:\Wabbajack\modlists\DoD,Diaries of Dibella - Lord's Vision,DX Armors Collection All in One -3BA - CBBE (with Physics) - UNP,1860,DX Armors All-in-one.esp,D:\Wabbajack\modlists\DoD\mods\DX Armors Collection All in One -3BA - CBBE (with Physics) - UNP\DX Armors All-in-one.esp,0x05000F01,DX_Necromancer_Black_Staff,Necromancer Black Staff,plugin,Clothing,Clothing,Clothing,0.0,316,8.0,Custom Slot (46),46,ArmorMaterialDaedric; ArmorClothing; VendorItemArmor; MagicDisallowEnchanting,0x0006BBD4; 0x0006BBE8; 0x0008F959; 0x000C27BD,ArmorMaterialDaedric,,VendorItemArmor,0x05000EF1,,DX\Necromancer\DX_Necromancer_Skull_Black.nif,
DoD,D:\Wabbajack\modlists\DoD,Diaries of Dibella - Lord's Vision,DX Armors Collection All in One -3BA - CBBE (with Physics) - UNP,1860,DX Armors All-in-one.esp,D:\Wabbajack\modlists\DoD\mods\DX Armors Collection All in One -3BA - CBBE (with Physics) - UNP\DX Armors All-in-one.esp,0x05000F02,DX_Necromancer_Green_Amulet,Necromancer Green Amulet,plugin,Clothing,Clothing,Clothing,0.0,623,2.0,Amulet,35,ArmorMaterialDaedric; ArmorClothing; VendorItemArmor; ClothingNecklace,0x0006BBD4; 0x0006BBE8; 0x0008F959; 0x0010CD0A,ArmorMaterialDaedric,ClothingNecklace,VendorItemArmor,,,DX\Necromancer\DX_Necromancer_Skull_Green.nif,
DoD,D:\Wabbajack\modlists\DoD,Diaries of Dibella - Lord's Vision,DX Armors Collection All in One -3BA - CBBE (with Physics) - UNP,1860,DX Armors All-in-one.esp,D:\Wabbajack\modlists\DoD\mods\DX Armors Collection All in One -3BA - CBBE (with Physics) - UNP\DX Armors All-in-one.esp,0x05000F03,DX_Necromancer_Green_Boots,Necromancer Green Boots,plugin,Clothing,Clothing,Clothing,0.0,62,6.0,Feet,37,ArmorMaterialDaedric; ArmorClothing; ArmorBoots; VendorItemArmor,0x0006BBD4; 0x0006BBE8; 0x0006C0ED; 0x0008F959,ArmorMaterialDaedric,ArmorBoots,VendorItemArmor,,,DX\Necromancer\DX_Necromancer_Skull_Green.nif,
DoD,D:\Wabbajack\modlists\DoD,Diaries of Dibella - Lord's Vision,DX Armors Collection All in One -3BA - CBBE (with Physics) - UNP,1860,DX Armors All-in-one.esp,D:\Wabbajack\modlists\DoD\mods\DX Armors Collection All in One -3BA - CBBE (with Physics) - UNP\DX Armors All-in-one.esp,0x05000F04,DX_Necromancer_Green_Claws,Necromancer Green Claws,plugin,Clothing,Clothing,Clothing,0.0,40,4.0,Hands,33,ArmorMaterialDaedric; ArmorClothing; ArmorGauntlets; VendorItemArmor,0x0006BBD4; 0x0006BBE8; 0x0006C0EF; 0x0008F959,ArmorMaterialDaedric,ArmorGauntlets,VendorItemArmor,,,DX\Necromancer\DX_Necromancer_Skull_Green.nif,
DoD,D:\Wabbajack\modlists\DoD,Diaries of Dibella - Lord's Vision,DX Armors Collection All in One -3BA - CBBE (with Physics) - UNP,1860,DX Armors All-in-one.esp,D:\Wabbajack\modlists\DoD\mods\DX Armors Collection All in One -3BA - CBBE (with Physics) - UNP\DX Armors All-in-one.esp,0x05000F05,DX_Necromancer_Green_Mask,Necromancer Green Blindfold,plugin,Clothing,Clothing,Clothing,0.0,3,2.0,Circlet,42,ArmorMaterialDaedric; ArmorClothing; ArmorHelmet; VendorItemArmor,0x0006BBD4; 0x0006BBE8; 0x0006C0EE; 0x0008F959,ArmorMaterialDaedric,ArmorHelmet,VendorItemArmor,,,DX\Necromancer\DX_Necromancer_Skull_Green.nif,
DoD,D:\Wabbajack\modlists\DoD,Diaries of Dibella - Lord's Vision,DX Armors Collection All in One -3BA - CBBE (with Physics) - UNP,1860,DX Armors All-in-one.esp,D:\Wabbajack\modlists\DoD\mods\DX Armors Collection All in One -3BA - CBBE (with Physics) - UNP\DX Armors All-in-one.esp,0x05000F06,DX_Necromancer_Green_Panty,Necromancer Green Panty,plugin,Clothing,Clothing,Clothing,0.0,13,1.0,Custom Slot (48),48,ArmorMaterialDaedric; ArmorClothing; VendorItemArmor; MagicDisallowEnchanting,0x0006BBD4; 0x0006BBE8; 0x0008F959; 0x000C27BD,ArmorMaterialDaedric,,VendorItemArmor,,,DX\Necromancer\DX_Necromancer_Skull_Green.nif,
DoD,D:\Wabbajack\modlists\DoD,Diaries of Dibella - Lord's Vision,DX Armors Collection All in One -3BA - CBBE (with Physics) - UNP,1860,DX Armors All-in-one.esp,D:\Wabbajack\modlists\DoD\mods\DX Armors Collection All in One -3BA - CBBE (with Physics) - UNP\DX Armors All-in-one.esp,0x05000F07,DX_Necromancer_Green_Robes,Necromancer Green Robes,plugin,Clothing,Clothing,Clothing,0.0,348,10.0,Body,32,ArmorMaterialDaedric; ArmorClothing; ArmorCuirass; VendorItemArmor; MagicDisallowEnchanting,0x0006BBD4; 0x0006BBE8; 0x0006C0EC; 0x0008F959; 0x000C27BD,ArmorMaterialDaedric,ArmorCuirass,VendorItemArmor,0x05000EF0,,DX\Necromancer\DX_Necromancer_Skull_Green.nif,
DoD,D:\Wabbajack\modlists\DoD,Diaries of Dibella - Lord's Vision,DX Armors Collection All in One -3BA - CBBE (with Physics) - UNP,1860,DX Armors All-in-one.esp,D:\Wabbajack\modlists\DoD\mods\DX Armors Collection All in One -3BA - CBBE (with Physics) - UNP\DX Armors All-in-one.esp,0x05000F08,DX_Necromancer_Green_Robes_Trans,Necromancer Green Robes Transparent,plugin,Clothing,Clothing,Clothing,0.0,348,10.0,Body,32,ArmorMaterialDaedric; ArmorClothing; ArmorCuirass; VendorItemArmor; MagicDisallowEnchanting,0x0006BBD4; 0x0006BBE8; 0x0006C0EC; 0x0008F959; 0x000C27BD,ArmorMaterialDaedric,ArmorCuirass,VendorItemArmor,0x05000EF0,,DX\Necromancer\DX_Necromancer_Skull_Green.nif,
DoD,D:\Wabbajack\modlists\DoD,Diaries of Dibella - Lord's Vision,DX Armors Collection All in One -3BA - CBBE (with Physics) - UNP,1860,DX Armors All-in-one.esp,D:\Wabbajack\modlists\DoD\mods\DX Armors Collection All in One -3BA - CBBE (with Physics) - UNP\DX Armors All-in-one.esp,0x05000F09,DX_Necromancer_Green_Staff,Necromancer Green Staff,plugin,Clothing,Clothing,Clothing,0.0,316,8.0,Custom Slot (46),46,ArmorMaterialDaedric; ArmorClothing; VendorItemArmor; MagicDisallowEnchanting,0x0006BBD4; 0x0006BBE8; 0x0008F959; 0x000C27BD,ArmorMaterialDaedric,,VendorItemArmor,0x05000EF1,,DX\Necromancer\DX_Necromancer_Skull_Green.nif,
DoD,D:\Wabbajack\modlists\DoD,Diaries of Dibella - Lord's Vision,DX Armors Collection All in One -3BA - CBBE (with Physics) - UNP,1860,DX Armors All-in-one.esp,D:\Wabbajack\modlists\DoD\mods\DX Armors Collection All in One -3BA - CBBE (with Physics) - UNP\DX Armors All-in-one.esp,0x05000F0A,DX_Necromancer_Red_Amulet,Necromancer Red Amulet,plugin,Clothing,Clothing,Clothing,0.0,223,2.0,Amulet,35,ArmorMaterialDaedric; ArmorClothing; VendorItemArmor; ClothingNecklace,0x0006BBD4; 0x0006BBE8; 0x0008F959; 0x0010CD0A,ArmorMaterialDaedric,ClothingNecklace,VendorItemArmor,,,DX\Necromancer\DX_Necromancer_Skull_Red.nif,
DoD,D:\Wabbajack\modlists\DoD,Diaries of Dibella - Lord's Vision,DX Armors Collection All in One -3BA - CBBE (with Physics) - UNP,1860,DX Armors All-in-one.esp,D:\Wabbajack\modlists\DoD\mods\DX Armors Collection All in One -3BA - CBBE (with Physics) - UNP\DX Armors All-in-one.esp,0x05000F0B,DX_Necromancer_Red_Boots,Necromancer Red Boots,plugin,Clothing,Clothing,Clothing,0.0,62,6.0,Feet,37,ArmorMaterialDaedric; ArmorClothing; ArmorBoots; VendorItemArmor,0x0006BBD4; 0x0006BBE8; 0x0006C0ED; 0x0008F959,ArmorMaterialDaedric,ArmorBoots,VendorItemArmor,,,DX\Necromancer\DX_Necromancer_Skull_Red.nif,
DoD,D:\Wabbajack\modlists\DoD,Diaries of Dibella - Lord's Vision,DX Armors Collection All in One -3BA - CBBE (with Physics) - UNP,1860,DX Armors All-in-one.esp,D:\Wabbajack\modlists\DoD\mods\DX Armors Collection All in One -3BA - CBBE (with Physics) - UNP\DX Armors All-in-one.esp,0x05000F0C,DX_Necromancer_Red_Claws,Necromancer Red Claws,plugin,Clothing,Clothing,Clothing,0.0,40,4.0,Hands,33,ArmorMaterialDaedric; ArmorClothing; ArmorGauntlets; VendorItemArmor,0x0006BBD4; 0x0006BBE8; 0x0006C0EF; 0x0008F959,ArmorMaterialDaedric,ArmorGauntlets,VendorItemArmor,,,DX\Necromancer\DX_Necromancer_Skull_Red.nif,
DoD,D:\Wabbajack\modlists\DoD,Diaries of Dibella - Lord's Vision,DX Armors Collection All in One -3BA - CBBE (with Physics) - UNP,1860,DX Armors All-in-one.esp,D:\Wabbajack\modlists\DoD\mods\DX Armors Collection All in One -3BA - CBBE (with Physics) - UNP\DX Armors All-in-one.esp,0x05000F0D,DX_Necromancer_Red_Mask,Necromancer Red Blindfold,plugin,Clothing,Clothing,Clothing,0.0,3,2.0,Circlet,42,ArmorMaterialDaedric; ArmorClothing; ArmorHelmet; VendorItemArmor,0x0006BBD4; 0x0006BBE8; 0x0006C0EE; 0x0008F959,ArmorMaterialDaedric,ArmorHelmet,VendorItemArmor,,,DX\Necromancer\DX_Necromancer_Skull_Red.nif,
DoD,D:\Wabbajack\modlists\DoD,Diaries of Dibella - Lord's Vision,DX Armors Collection All in One -3BA - CBBE (with Physics) - UNP,1860,DX Armors All-in-one.esp,D:\Wabbajack\modlists\DoD\mods\DX Armors Collection All in One -3BA - CBBE (with Physics) - UNP\DX Armors All-in-one.esp,0x05000F0E,DX_Necromancer_Red_Panty,Necromancer Red Panty,plugin,Clothing,Clothing,Clothing,0.0,13,1.0,Custom Slot (48),48,ArmorMaterialDaedric; ArmorClothing; VendorItemArmor; MagicDisallowEnchanting,0x0006BBD4; 0x0006BBE8; 0x0008F959; 0x000C27BD,ArmorMaterialDaedric,,VendorItemArmor,,,DX\Necromancer\DX_Necromancer_Skull_Red.nif,
DoD,D:\Wabbajack\modlists\DoD,Diaries of Dibella - Lord's Vision,DX Armors Collection All in One -3BA - CBBE (with Physics) - UNP,1860,DX Armors All-in-one.esp,D:\Wabbajack\modlists\DoD\mods\DX Armors Collection All in One -3BA - CBBE (with Physics) - UNP\DX Armors All-in-one.esp,0x05000F0F,DX_Necromancer_Red_Robes,Necromancer Red Robes,plugin,Clothing,Clothing,Clothing,0.0,348,10.0,Body,32,ArmorMaterialDaedric; ArmorClothing; ArmorCuirass; VendorItemArmor; MagicDisallowEnchanting,0x0006BBD4; 0x0006BBE8; 0x0006C0EC; 0x0008F959; 0x000C27BD,ArmorMaterialDaedric,ArmorCuirass,VendorItemArmor,0x05000EF0,,DX\Necromancer\DX_Necromancer_Skull_Red.nif,
DoD,D:\Wabbajack\modlists\DoD,Diaries of Dibella - Lord's Vision,DX Armors Collection All in One -3BA - CBBE (with Physics) - UNP,1860,DX Armors All-in-one.esp,D:\Wabbajack\modlists\DoD\mods\DX Armors Collection All in One -3BA - CBBE (with Physics) - UNP\DX Armors All-in-one.esp,0x05000F10,DX_Necromancer_Red_Robes_Trans,Necromancer Red Robes Transparent,plugin,Clothing,Clothing,Clothing,0.0,348,10.0,Body,32,ArmorMaterialDaedric; ArmorClothing; ArmorCuirass; VendorItemArmor; MagicDisallowEnchanting,0x0006BBD4; 0x0006BBE8; 0x0006C0EC; 0x0008F959; 0x000C27BD,ArmorMaterialDaedric,ArmorCuirass,VendorItemArmor,0x05000EF0,,DX\Necromancer\DX_Necromancer_Skull_Red.nif,
DoD,D:\Wabbajack\modlists\DoD,Diaries of Dibella - Lord's Vision,DX Armors Collection All in One -3BA - CBBE (with Physics) - UNP,1860,DX Armors All-in-one.esp,D:\Wabbajack\modlists\DoD\mods\DX Armors Collection All in One -3BA - CBBE (with Physics) - UNP\DX Armors All-in-one.esp,0x05000F11,DX_Necromancer_Red_Staff,Necromancer Red Staff,plugin,Clothing,Clothing,Clothing,0.0,316,8.0,Custom Slot (46),46,ArmorMaterialDaedric; ArmorClothing; VendorItemArmor; MagicDisallowEnchanting,0x0006BBD4; 0x0006BBE8; 0x0008F959; 0x000C27BD,ArmorMaterialDaedric,,VendorItemArmor,0x05000EF1,,DX\Necromancer\DX_Necromancer_Skull_Red.nif,
DoD,D:\Wabbajack\modlists\DoD,Diaries of Dibella - Lord's Vision,DX Armors Collection All in One -3BA - CBBE (with Physics) - UNP,1860,DX Armors All-in-one.esp,D:\Wabbajack\modlists\DoD\mods\DX Armors Collection All in One -3BA - CBBE (with Physics) - UNP\DX Armors All-in-one.esp,0x05000F12,DX_Necromancer_White_Amulet,Necromancer White Amulet,plugin,Clothing,Clothing,Clothing,0.0,423,2.0,Amulet,35,ArmorMaterialDaedric; ArmorClothing; VendorItemArmor; ClothingNecklace,0x0006BBD4; 0x0006BBE8; 0x0008F959; 0x0010CD0A,ArmorMaterialDaedric,ClothingNecklace,VendorItemArmor,,,DX\Necromancer\DX_Necromancer_Skull_White.nif,
DoD,D:\Wabbajack\modlists\DoD,Diaries of Dibella - Lord's Vision,DX Armors Collection All in One -3BA - CBBE (with Physics) - UNP,1860,DX Armors All-in-one.esp,D:\Wabbajack\modlists\DoD\mods\DX Armors Collection All in One -3BA - CBBE (with Physics) - UNP\DX Armors All-in-one.esp,0x05000F13,DX_Necromancer_White_Boots,Necromancer White Boots,plugin,Clothing,Clothing,Clothing,0.0,62,6.0,Feet,37,ArmorMaterialDaedric; ArmorClothing; ArmorBoots; VendorItemArmor,0x0006BBD4; 0x0006BBE8; 0x0006C0ED; 0x0008F959,ArmorMaterialDaedric,ArmorBoots,VendorItemArmor,,,DX\Necromancer\DX_Necromancer_Skull_White.nif,
DoD,D:\Wabbajack\modlists\DoD,Diaries of Dibella - Lord's Vision,DX Armors Collection All in One -3BA - CBBE (with Physics) - UNP,1860,DX Armors All-in-one.esp,D:\Wabbajack\modlists\DoD\mods\DX Armors Collection All in One -3BA - CBBE (with Physics) - UNP\DX Armors All-in-one.esp,0x05000F14,DX_Necromancer_White_Claws,Necromancer White Claws,plugin,Clothing,Clothing,Clothing,0.0,40,4.0,Hands,33,ArmorMaterialDaedric; ArmorClothing; ArmorGauntlets; VendorItemArmor,0x0006BBD4; 0x0006BBE8; 0x0006C0EF; 0x0008F959,ArmorMaterialDaedric,ArmorGauntlets,VendorItemArmor,,,DX\Necromancer\DX_Necromancer_Skull_White.nif,
DoD,D:\Wabbajack\modlists\DoD,Diaries of Dibella - Lord's Vision,DX Armors Collection All in One -3BA - CBBE (with Physics) - UNP,1860,DX Armors All-in-one.esp,D:\Wabbajack\modlists\DoD\mods\DX Armors Collection All in One -3BA - CBBE (with Physics) - UNP\DX Armors All-in-one.esp,0x05000F15,DX_Necromancer_White_Mask,Necromancer White Blindfold,plugin,Clothing,Clothing,Clothing,0.0,3,2.0,Circlet,42,ArmorMaterialDaedric; ArmorClothing; ArmorHelmet; VendorItemArmor,0x0006BBD4; 0x0006BBE8; 0x0006C0EE; 0x0008F959,ArmorMaterialDaedric,ArmorHelmet,VendorItemArmor,,,DX\Necromancer\DX_Necromancer_Skull_White.nif,
DoD,D:\Wabbajack\modlists\DoD,Diaries of Dibella - Lord's Vision,DX Armors Collection All in One -3BA - CBBE (with Physics) - UNP,1860,DX Armors All-in-one.esp,D:\Wabbajack\modlists\DoD\mods\DX Armors Collection All in One -3BA - CBBE (with Physics) - UNP\DX Armors All-in-one.esp,0x05000F16,DX_Necromancer_White_Panty,Necromancer White Panty,plugin,Clothing,Clothing,Clothing,0.0,13,1.0,Custom Slot (48),48,ArmorMaterialDaedric; ArmorClothing; VendorItemArmor; MagicDisallowEnchanting,0x0006BBD4; 0x0006BBE8; 0x0008F959; 0x000C27BD,ArmorMaterialDaedric,,VendorItemArmor,,,DX\Necromancer\DX_Necromancer_Skull_White.nif,
DoD,D:\Wabbajack\modlists\DoD,Diaries of Dibella - Lord's Vision,DX Armors Collection All in One -3BA - CBBE (with Physics) - UNP,1860,DX Armors All-in-one.esp,D:\Wabbajack\modlists\DoD\mods\DX Armors Collection All in One -3BA - CBBE (with Physics) - UNP\DX Armors All-in-one.esp,0x05000F17,DX_Necromancer_White_Robes,Necromancer White Robes,plugin,Clothing,Clothing,Clothing,0.0,348,10.0,Body,32,ArmorMaterialDaedric; ArmorClothing; ArmorCuirass; VendorItemArmor; MagicDisallowEnchanting,0x0006BBD4; 0x0006BBE8; 0x0006C0EC; 0x0008F959; 0x000C27BD,ArmorMaterialDaedric,ArmorCuirass,VendorItemArmor,0x05000EF0,,DX\Necromancer\DX_Necromancer_Skull_White.nif,
DoD,D:\Wabbajack\modlists\DoD,Diaries of Dibella - Lord's Vision,DX Armors Collection All in One -3BA - CBBE (with Physics) - UNP,1860,DX Armors All-in-one.esp,D:\Wabbajack\modlists\DoD\mods\DX Armors Collection All in One -3BA - CBBE (with Physics) - UNP\DX Armors All-in-one.esp,0x05000F18,DX_Necromancer_White_Robes_Trans,Necromancer White Robes Transparent,plugin,Clothing,Clothing,Clothing,0.0,348,10.0,Body,32,ArmorMaterialDaedric; ArmorClothing; ArmorCuirass; VendorItemArmor; MagicDisallowEnchanting,0x0006BBD4; 0x0006BBE8; 0x0006C0EC; 0x0008F959; 0x000C27BD,ArmorMaterialDaedric,ArmorCuirass,VendorItemArmor,0x05000EF0,,DX\Necromancer\DX_Necromancer_Skull_White.nif,
DoD,D:\Wabbajack\modlists\DoD,Diaries of Dibella - Lord's Vision,DX Armors Collection All in One -3BA - CBBE (with Physics) - UNP,1860,DX Armors All-in-one.esp,D:\Wabbajack\modlists\DoD\mods\DX Armors Collection All in One -3BA - CBBE (with Physics) - UNP\DX Armors All-in-one.esp,0x05000F19,DX_Necromancer_White_Staff,Necromancer White Staff,plugin,Clothing,Clothing,Clothing,0.0,316,8.0,Custom Slot (46),46,ArmorMaterialDaedric; ArmorClothing; VendorItemArmor; MagicDisallowEnchanting,0x0006BBD4; 0x0006BBE8; 0x0008F959; 0x000C27BD,ArmorMaterialDaedric,,VendorItemArmor,0x05000EF1,,DX\Necromancer\DX_Necromancer_Skull_White.nif,
DoD,D:\Wabbajack\modlists\DoD,Diaries of Dibella - Lord's Vision,DX Armors Collection All in One -3BA - CBBE (with Physics) - UNP,1860,DX Armors All-in-one.esp,D:\Wabbajack\modlists\DoD\mods\DX Armors Collection All in One -3BA - CBBE (with Physics) - UNP\DX Armors All-in-one.esp,0x05000063,DX_Succubus_Tail,Succubus Tail,plugin,Heavy,Heavy,Heavy,0.0,610,0.0,Custom Slot (44),44,ArmorHeavy; ArmorMaterialDaedric; VendorItemArmor; MagicDisallowEnchanting,0x0006BBD2; 0x0006BBD4; 0x0008F959; 0x000C27BD,ArmorMaterialDaedric,,VendorItemArmor,0x0500004A,,DX\Succubus\Box.nif,
DoD,D:\Wabbajack\modlists\DoD,Diaries of Dibella - Lord's Vision,DX Armors Collection All in One -3BA - CBBE (with Physics) - UNP,1860,DX Armors All-in-one.esp,D:\Wabbajack\modlists\DoD\mods\DX Armors Collection All in One -3BA - CBBE (with Physics) - UNP\DX Armors All-in-one.esp,0x05000064,DX_Succubus_Gloves,Succubus Gloves,plugin,Heavy,Heavy,Heavy,0.0,1032,3.0,Hands,33,PerkFistsDaedric; ArmorHeavy; ArmorMaterialDaedric; ArmorGauntlets; VendorItemArmor,0x0002C17B; 0x0006BBD2; 0x0006BBD4; 0x0006C0EF; 0x0008F959,ArmorMaterialDaedric,ArmorGauntlets,VendorItemArmor,,,DX\Succubus\Box.nif,
DoD,D:\Wabbajack\modlists\DoD,Diaries of Dibella - Lord's Vision,DX Armors Collection All in One -3BA - CBBE (with Physics) - UNP,1860,DX Armors All-in-one.esp,D:\Wabbajack\modlists\DoD\mods\DX Armors Collection All in One -3BA - CBBE (with Physics) - UNP\DX Armors All-in-one.esp,0x05000065,DX_Succubus_Amulet,Succubus Amulet,plugin,Heavy,Heavy,Heavy,0.0,224,2.0,Amulet,35,ArmorHeavy; ArmorMaterialDaedric; VendorItemArmor; ClothingNecklace,0x0006BBD2; 0x0006BBD4; 0x0008F959; 0x0010CD0A,ArmorMaterialDaedric,ClothingNecklace,VendorItemArmor,,,DX\Succubus\Box.nif,
DoD,D:\Wabbajack\modlists\DoD,Diaries of Dibella - Lord's Vision,DX Armors Collection All in One -3BA - CBBE (with Physics) - UNP,1860,DX Armors All-in-one.esp,D:\Wabbajack\modlists\DoD\mods\DX Armors Collection All in One -3BA - CBBE (with Physics) - UNP\DX Armors All-in-one.esp,0x05000066,DX_Succubus_Wings,Succubus Wings,plugin,Heavy,Heavy,Heavy,0.0,682,0.0,Custom Slot (45),45,ArmorHeavy; ArmorMaterialDaedric; VendorItemArmor; MagicDisallowEnchanting,0x0006BBD2; 0x0006BBD4; 0x0008F959; 0x000C27BD,ArmorMaterialDaedric,,VendorItemArmor,0x05000049,,DX\Succubus\Box.nif,
DoD,D:\Wabbajack\modlists\DoD,Diaries of Dibella - Lord's Vision,DX Armors Collection All in One -3BA - CBBE (with Physics) - UNP,1860,DX Armors All-in-one.esp,D:\Wabbajack\modlists\DoD\mods\DX Armors Collection All in One -3BA - CBBE (with Physics) - UNP\DX Armors All-in-one.esp,0x05000067,DX_Succubus_Horns,Succubus Horns,plugin,Heavy,Heavy,Heavy,0.0,360,4.0,Circlet,42,ArmorHeavy; ArmorMaterialDaedric; ArmorHelmet; VendorItemArmor,0x0006BBD2; 0x0006BBD4; 0x0006C0EE; 0x0008F959,ArmorMaterialDaedric,ArmorHelmet,VendorItemArmor,,,DX\Succubus\Box.nif,
DoD,D:\Wabbajack\modlists\DoD,Diaries of Dibella - Lord's Vision,DX Armors Collection All in One -3BA - CBBE (with Physics) - UNP,1860,DX Armors All-in-one.esp,D:\Wabbajack\modlists\DoD\mods\DX Armors Collection All in One -3BA - CBBE (with Physics) - UNP\DX Armors All-in-one.esp,0x05000068,DX_Succubus_Skirt,Succubus Skirt,plugin,Heavy,Heavy,Heavy,0.0,4,0.0,Custom Slot (47),47,ArmorHeavy; ArmorMaterialDaedric; VendorItemArmor; MagicDisallowEnchanting,0x0006BBD2; 0x0006BBD4; 0x0008F959; 0x000C27BD,ArmorMaterialDaedric,,VendorItemArmor,,,DX\Succubus\Box.nif,
DoD,D:\Wabbajack\modlists\DoD,Diaries of Dibella - Lord's Vision,DX Armors Collection All in One -3BA - CBBE (with Physics) - UNP,1860,DX Armors All-in-one.esp,D:\Wabbajack\modlists\DoD\mods\DX Armors Collection All in One -3BA - CBBE (with Physics) - UNP\DX Armors All-in-one.esp,0x05000069,DX_Succubus_Shoulder,Succubus Shoulder,plugin,Heavy,Heavy,Heavy,0.0,2,0.0,Custom Slot (48),48,ArmorHeavy; ArmorMaterialDaedric; VendorItemArmor; MagicDisallowEnchanting,0x0006BBD2; 0x0006BBD4; 0x0008F959; 0x000C27BD,ArmorMaterialDaedric,,VendorItemArmor,,,DX\Succubus\Box.nif,
DoD,D:\Wabbajack\modlists\DoD,Diaries of Dibella - Lord's Vision,DX Armors Collection All in One -3BA - CBBE (with Physics) - UNP,1860,DX Armors All-in-one.esp,D:\Wabbajack\modlists\DoD\mods\DX Armors Collection All in One -3BA - CBBE (with Physics) - UNP\DX Armors All-in-one.esp,0x0500006A,DX_Succubus_Armor,Succubus Armor,plugin,Heavy,Heavy,Heavy,0.0,1372,10.0,Body,32,ArmorHeavy; ArmorMaterialDaedric; ArmorCuirass; VendorItemArmor,0x0006BBD2; 0x0006BBD4; 0x0006C0EC; 0x0008F959,ArmorMaterialDaedric,ArmorCuirass,VendorItemArmor,,,DX\Succubus\Box.nif,
DoD,D:\Wabbajack\modlists\DoD,Diaries of Dibella - Lord's Vision,DX Armors Collection All in One -3BA - CBBE (with Physics) - UNP,1860,DX Armors All-in-one.esp,D:\Wabbajack\modlists\DoD\mods\DX Armors Collection All in One -3BA - CBBE (with Physics) - UNP\DX Armors All-in-one.esp,0x0500006B,DX_Succubus_Earrings,Succubus Earrings,plugin,Heavy,Heavy,Heavy,0.0,460,0.0,Custom Slot (46),46,ArmorHeavy; ArmorMaterialDaedric; VendorItemArmor; MagicDisallowEnchanting,0x0006BBD2; 0x0006BBD4; 0x0008F959; 0x000C27BD,ArmorMaterialDaedric,,VendorItemArmor,,,DX\Succubus\Box.nif,
DoD,D:\Wabbajack\modlists\DoD,Diaries of Dibella - Lord's Vision,DX Armors Collection All in One -3BA - CBBE (with Physics) - UNP,1860,DX Armors All-in-one.esp,D:\Wabbajack\modlists\DoD\mods\DX Armors Collection All in One -3BA - CBBE (with Physics) - UNP\DX Armors All-in-one.esp,0x0500006C,DX_Succubus_Heels,Succubus Heels,plugin,Heavy,Heavy,Heavy,0.0,386,3.0,Feet,37,ArmorHeavy; ArmorMaterialDaedric; ArmorBoots; VendorItemArmor,0x0006BBD2; 0x0006BBD4; 0x0006C0ED; 0x0008F959,ArmorMaterialDaedric,ArmorBoots,VendorItemArmor,,,DX\Succubus\Box.nif,
DoD,D:\Wabbajack\modlists\DoD,Diaries of Dibella - Lord's Vision,Aradia Living Armor (CBBE),1933,Aradia Living Armor JE.esp,D:\Wabbajack\modlists\DoD\mods\Aradia Living Armor (CBBE)\Aradia Living Armor JE.esp,0x01000801,_AradiaLivingArmourMJE,Aradia Living Armour Mucus ( Jellyfish ),plugin,Clothing,Light,Clothing,0.0,2500,15.0,Body,32,ArmorClothing; VendorItemClothing; ClothingBody; ArmorMaterialDaedric,0x0006BBE8; 0x0008F95B; 0x000A8657; 0x0006BBD4; 0x01000806,ArmorMaterialDaedric,ClothingBody,VendorItemClothing,,,Aradia Living Armor JE\BodyWorld.nif,Aradia Living Armor JE\BodyWorld.nif
DoD,D:\Wabbajack\modlists\DoD,Diaries of Dibella - Lord's Vision,Aradia Living Armor (CBBE),1933,Aradia Living Armor JE.esp,D:\Wabbajack\modlists\DoD\mods\Aradia Living Armor (CBBE)\Aradia Living Armor JE.esp,0x01000D63,_AradiaLivingArmourJE,Aradia Living Armour ( Jellyfish ),plugin,Clothing,Light,Clothing,0.0,2500,15.0,Body,32,ArmorClothing; VendorItemClothing; ClothingBody; ArmorMaterialDaedric,0x0006BBE8; 0x0008F95B; 0x000A8657; 0x0006BBD4; 0x01000806,ArmorMaterialDaedric,ClothingBody,VendorItemClothing,,,Aradia Living Armor JE\BodyWorld.nif,Aradia Living Armor JE\BodyWorld.nif
DoD,D:\Wabbajack\modlists\DoD,Diaries of Dibella - Lord's Vision,VickusDickus' Khajiiti Apex Armory Reforged,2160,Apex_Khajiit.esp,D:\Wabbajack\modlists\DoD\mods\VickusDickus' Khajiiti Apex Armory Reforged\Apex_Khajiit.esp,0x0500083A,KhajiitiApexCuirassDroZira,Khajiiti Cuirass - Dro'Zira,plugin,Light,Light,Light,0.0,3200,26.0,Body,32,ArmorCuirass; VendorItemArmor; Survival_ArmorWarm; ArmorLight; ArmorMaterialDaedric,0x0006C0EC; 0x0008F959; 0x01002ED9; 0x0006BBD3; 0x0006BBD4,ArmorMaterialDaedric,ArmorCuirass,VendorItemArmor,,,Armor\apex_khajiit_armor\GO\Khajiit_cuirass_GO.nif,Armor\apex_khajiit_armor\GO\Khajiit_cuirass_GO.nif
DoD,D:\Wabbajack\modlists\DoD,Diaries of Dibella - Lord's Vision,VickusDickus' Khajiiti Apex Armory Reforged,2160,Apex_Khajiit.esp,D:\Wabbajack\modlists\DoD\mods\VickusDickus' Khajiiti Apex Armory Reforged\Apex_Khajiit.esp,0x0500086D,KhajiitiApexGauntletsDrozira,Khajiiti Gauntlets - Dro'Zira,plugin,Light,Light,Light,0.0,600,4.0,Hands,33,ArmorGauntlets; VendorItemArmor; ArmorLight; ArmorMaterialDaedric,0x0006C0EF; 0x0008F959; 0x0006BBD3; 0x0006BBD4,ArmorMaterialDaedric,ArmorGauntlets,VendorItemArmor,,,Armor\apex_khajiit_armor\GO\Khajiit_gauntlets_GO.nif,Armor\apex_khajiit_armor\GO\Khajiit_gauntlets_GO.nif
DoD,D:\Wabbajack\modlists\DoD,Diaries of Dibella - Lord's Vision,VickusDickus' Khajiiti Apex Armory Reforged,2160,Apex_Khajiit.esp,D:\Wabbajack\modlists\DoD\mods\VickusDickus' Khajiiti Apex Armory Reforged\Apex_Khajiit.esp,0x05000871,KhajiitiApexHelmetDrozira,Khajiiti Helmet - Dro'Zira,plugin,Light,Light,Light,0.0,1500,4.0,Head,30,ArmorLight; ArmorHelmet; VendorItemArmor; Survival_ArmorWarm; ArmorMaterialDaedric,0x0006BBD3; 0x0006C0EE; 0x0008F959; 0x01002ED9; 0x0006BBD4,ArmorMaterialDaedric,ArmorHelmet,VendorItemArmor,,,Armor\apex_khajiit_armor\GO\Khajiit_helmet_GO.nif,Armor\apex_khajiit_armor\GO\Khajiit_helmet_GO.nif
DoD,D:\Wabbajack\modlists\DoD,Diaries of Dibella - Lord's Vision,VickusDickus' Khajiiti Apex Armory Reforged,2160,Apex_Khajiit.esp,D:\Wabbajack\modlists\DoD\mods\VickusDickus' Khajiiti Apex Armory Reforged\Apex_Khajiit.esp,0x05000869,KhajiitiApexBootsDrozira,Khajiiti Boots - Dro'Zira,plugin,Light,Light,Light,0.0,600,4.0,Feet,37,ArmorBoots; VendorItemArmor; Survival_ArmorWarm; ArmorLight; ArmorMaterialDaedric,0x0006C0ED; 0x0008F959; 0x01002ED9; 0x0006BBD3; 0x0006BBD4,ArmorMaterialDaedric,ArmorBoots,VendorItemArmor,,,Armor\apex_khajiit_armor\GO\Khajiit_boots_GO.nif,Armor\apex_khajiit_armor\GO\Khajiit_boots_GO.nif
DoD,D:\Wabbajack\modlists\DoD,Diaries of Dibella - Lord's Vision,VickusDickus' Khajiiti Apex Armory Reforged,2160,Apex_Khajiit.esp,D:\Wabbajack\modlists\DoD\mods\VickusDickus' Khajiiti Apex Armory Reforged\Apex_Khajiit.esp,0x050008CB,KhajiitiApexHelmetDroziraHeavy,Khajiiti Heavy Helmet - Dro'Zira,plugin,Heavy,Heavy,Heavy,0.0,1500,14.0,Head,30,ArmorMaterialDaedric; ArmorHelmet; VendorItemArmor; Survival_ArmorWarm; ArmorHeavy,0x0006BBD4; 0x0006C0EE; 0x0008F959; 0x01002ED9; 0x0006BBD2,ArmorMaterialDaedric,ArmorHelmet,VendorItemArmor,,,Armor\apex_khajiit_armor\GO\Khajiit_helmet_GO.nif,Armor\apex_khajiit_armor\GO\Khajiit_helmet_GO.nif
DoD,D:\Wabbajack\modlists\DoD,Diaries of Dibella - Lord's Vision,VickusDickus' Khajiiti Apex Armory Reforged,2160,Apex_Khajiit.esp,D:\Wabbajack\modlists\DoD\mods\VickusDickus' Khajiiti Apex Armory Reforged\Apex_Khajiit.esp,0x050008CC,KhajiitiApexGauntletsDroziraHeavy,Khajiiti Heavy Gauntlets - Dro'Zira,plugin,Heavy,Heavy,Heavy,0.0,615,5.0,Hands,33,ArmorGauntlets; VendorItemArmor; ArmorMaterialDaedric; ArmorHeavy,0x0006C0EF; 0x0008F959; 0x0006BBD4; 0x0006BBD2,ArmorMaterialDaedric,ArmorGauntlets,VendorItemArmor,,,Armor\apex_khajiit_armor\GO\Khajiit_gauntlets_GO.nif,Armor\apex_khajiit_armor\GO\Khajiit_gauntlets_GO.nif
DoD,D:\Wabbajack\modlists\DoD,Diaries of Dibella - Lord's Vision,VickusDickus' Khajiiti Apex Armory Reforged,2160,Apex_Khajiit.esp,D:\Wabbajack\modlists\DoD\mods\VickusDickus' Khajiiti Apex Armory Reforged\Apex_Khajiit.esp,0x050008CD,KhajiitiApexCuirassDroZiraHeavy,Khajiiti Heavy Cuirass - Dro'Zira,plugin,Heavy,Heavy,Heavy,0.0,3200,47.0,Body,32,ArmorCuirass; VendorItemArmor; Survival_ArmorWarm; ArmorMaterialDaedric; ArmorHeavy,0x0006C0EC; 0x0008F959; 0x01002ED9; 0x0006BBD4; 0x0006BBD2,ArmorMaterialDaedric,ArmorCuirass,VendorItemArmor,,,Armor\apex_khajiit_armor\GO\Khajiit_cuirass_GO.nif,Armor\apex_khajiit_armor\GO\Khajiit_cuirass_GO.nif
DoD,D:\Wabbajack\modlists\DoD,Diaries of Dibella - Lord's Vision,VickusDickus' Khajiiti Apex Armory Reforged,2160,Apex_Khajiit.esp,D:\Wabbajack\modlists\DoD\mods\VickusDickus' Khajiiti Apex Armory Reforged\Apex_Khajiit.esp,0x050008CE,KhajiitiApexBootsDroziraHeavy,Khajiiti Heavy Boots - Dro'Zira,plugin,Heavy,Heavy,Heavy,0.0,620,9.0,Feet,37,ArmorBoots; VendorItemArmor; Survival_ArmorWarm; ArmorMaterialDaedric; ArmorHeavy,0x0006C0ED; 0x0008F959; 0x01002ED9; 0x0006BBD4; 0x0006BBD2,ArmorMaterialDaedric,ArmorBoots,VendorItemArmor,,,Armor\apex_khajiit_armor\GO\Khajiit_boots_GO.nif,Armor\apex_khajiit_armor\GO\Khajiit_boots_GO.nif
DoD,D:\Wabbajack\modlists\DoD,Diaries of Dibella - Lord's Vision,Weapon Armor Attribute Tweaks,2182,Weapon Armor Attribute Tweaks.esp,D:\Wabbajack\modlists\DoD\mods\Weapon Armor Attribute Tweaks\Weapon Armor Attribute Tweaks.esp,0x0001396A,ArmorDaedricBoots,Daedric Boots,plugin,Heavy,Heavy,Heavy,0.0,425,8.0,Feet,37,ArmorHeavy; ArmorMaterialDaedric; ArmorBoots; VendorItemArmor; Survival_ArmorWarm,0x0006BBD2; 0x0006BBD4; 0x0006C0ED; 0x0008F959; 0x01002ED9,ArmorMaterialDaedric,ArmorBoots,VendorItemArmor,,,Armor\Daedric\DaedricBootsGO.nif,
DoD,D:\Wabbajack\modlists\DoD,Diaries of Dibella - Lord's Vision,Weapon Armor Attribute Tweaks,2182,Weapon Armor Attribute Tweaks.esp,D:\Wabbajack\modlists\DoD\mods\Weapon Armor Attribute Tweaks\Weapon Armor Attribute Tweaks.esp,0x0001396B,ArmorDaedricCuirass,Daedric Armor,plugin,Heavy,Heavy,Heavy,0.0,2125,40.0,Body,32,ArmorHeavy; ArmorMaterialDaedric; ArmorCuirass; VendorItemArmor; Survival_ArmorWarm,0x0006BBD2; 0x0006BBD4; 0x0006C0EC; 0x0008F959; 0x01002ED9,ArmorMaterialDaedric,ArmorCuirass,VendorItemArmor,,,Armor\Daedric\DaedricCuirassGO.nif,
DoD,D:\Wabbajack\modlists\DoD,Diaries of Dibella - Lord's Vision,Weapon Armor Attribute Tweaks,2182,Weapon Armor Attribute Tweaks.esp,D:\Wabbajack\modlists\DoD\mods\Weapon Armor Attribute Tweaks\Weapon Armor Attribute Tweaks.esp,0x0001396C,ArmorDaedricGauntlets,Daedric Gauntlets,plugin,Heavy,Heavy,Heavy,0.0,425,8.0,Hands,33,ArmorHeavy; ArmorMaterialDaedric; ArmorGauntlets; VendorItemArmor; PerkFistsDaedric; Survival_ArmorWarm,0x0006BBD2; 0x0006BBD4; 0x0006C0EF; 0x0008F959; 0x0002C17B; 0x01002ED9,ArmorMaterialDaedric,ArmorGauntlets,VendorItemArmor,,,Armor\Daedric\DaedricGauntletsGO.nif,
DoD,D:\Wabbajack\modlists\DoD,Diaries of Dibella - Lord's Vision,Weapon Armor Attribute Tweaks,2182,Weapon Armor Attribute Tweaks.esp,D:\Wabbajack\modlists\DoD\mods\Weapon Armor Attribute Tweaks\Weapon Armor Attribute Tweaks.esp,0x0001396D,ArmorDaedricHelmet,Daedric Helmet,plugin,Heavy,Heavy,Heavy,0.0,1050,8.0,Head; Hair; Circlet; Ears,30; 31; 42; 43,ArmorHeavy; ArmorMaterialDaedric; ArmorHelmet; VendorItemArmor; Survival_ArmorWarm,0x0006BBD2; 0x0006BBD4; 0x0006C0EE; 0x0008F959; 0x01002ED9,ArmorMaterialDaedric,ArmorHelmet,VendorItemArmor,,,Armor\Daedric\DaedricHelmetGO.nif,
DoD,D:\Wabbajack\modlists\DoD,Diaries of Dibella - Lord's Vision,Weapon Armor Attribute Tweaks,2182,Weapon Armor Attribute Tweaks.esp,D:\Wabbajack\modlists\DoD\mods\Weapon Armor Attribute Tweaks\Weapon Armor Attribute Tweaks.esp,0x0001396E,ArmorDaedricShield,Daedric Shield,plugin,Heavy,Heavy,,0.0,1050,15.0,Shield,39,ArmorMaterialDaedric; VendorItemArmor; ArmorShield,0x0006BBD4; 0x0008F959; 0x000965B2,ArmorMaterialDaedric,ArmorShield,VendorItemArmor,,,Armor\Daedric\DaedricShield.nif,
DoD,D:\Wabbajack\modlists\DoD,Diaries of Dibella - Lord's Vision,Weapon Armor Attribute Tweaks,2182,Weapon Armor Attribute Tweaks.esp,D:\Wabbajack\modlists\DoD\mods\Weapon Armor Attribute Tweaks\Weapon Armor Attribute Tweaks.esp,0x0200284D,DLC1ArmorAurielsShield,Auriel's Shield,plugin,Light,Light,,0.0,750,14.0,Shield,39,ArmorMaterialMoonstone; VendorItemDaedricArtifact; ArmorShield; MagicDisallowEnchanting,0x0006BBD9; 0x000917E8; 0x000965B2; 0x000C27BD,ArmorMaterialMoonstone,ArmorShield,VendorItemDaedricArtifact,0x0200488B,,DLC01\Armor\Auriel\aurielsshield.nif,
DoD,D:\Wabbajack\modlists\DoD,Diaries of Dibella - Lord's Vision,Weapon Armor Attribute Tweaks,2182,Weapon Armor Attribute Tweaks.esp,D:\Wabbajack\modlists\DoD\mods\Weapon Armor Attribute Tweaks\Weapon Armor Attribute Tweaks.esp,0x020050C7,DLC1ArmorHunterGauntlets,Dawnguard Gauntlets,plugin,Heavy,Heavy,Heavy,0.0,25,4.0,Hands,33,ArmorHeavy; PerkFistsDaedric; ArmorGauntlets; VendorItemArmor; DLC1ArmorMaterialHunter,0x0006BBD2; 0x0002C17B; 0x0006C0EF; 0x0008F959; 0x020050C4,DLC1ArmorMaterialHunter,ArmorGauntlets,VendorItemArmor,,,Armor\Draugr\DraugrGauntletsMale_GO.nif,
DoD,D:\Wabbajack\modlists\DoD,Diaries of Dibella - Lord's Vision,Summermyst - Enchantments of Skyrim,2189,Summermyst - Enchantments of Skyrim.esp,D:\Wabbajack\modlists\DoD\mods\Summermyst - Enchantments of Skyrim\Summermyst - Enchantments of Skyrim.esp,0x0435B8A2,SUM_DaedricArmorAreaRestoreHealth04,Daedric Armor of Blessings,plugin,Heavy,Heavy,Heavy,0.0,3200,50.0,Body,32,ArmorHeavy; ArmorMaterialDaedric; ArmorCuirass; VendorItemArmor; Survival_ArmorWarm,0x0006BBD2; 0x0006BBD4; 0x0006C0EC; 0x0008F959; 0x01002ED9,ArmorMaterialDaedric,ArmorCuirass,VendorItemArmor,0x0405128D,0x0001396B,Armor\Daedric\DaedricCuirassGO.nif,
DoD,D:\Wabbajack\modlists\DoD,Diaries of Dibella - Lord's Vision,Summermyst - Enchantments of Skyrim,2189,Summermyst - Enchantments of Skyrim.esp,D:\Wabbajack\modlists\DoD\mods\Summermyst - Enchantments of Skyrim\Summermyst - Enchantments of Skyrim.esp,0x0435B8A3,SUM_DaedricArmorAreaRestoreHealth05,Daedric Armor of Glory,plugin,Heavy,Heavy,Heavy,0.0,3200,50.0,Body,32,ArmorHeavy; ArmorMaterialDaedric; ArmorCuirass; VendorItemArmor; Survival_ArmorWarm,0x0006BBD2; 0x0006BBD4; 0x0006C0EC; 0x0008F959; 0x01002ED9,ArmorMaterialDaedric,ArmorCuirass,VendorItemArmor,0x0405128E,0x0001396B,Armor\Daedric\DaedricCuirassGO.nif,
DoD,D:\Wabbajack\modlists\DoD,Diaries of Dibella - Lord's Vision,Summermyst - Enchantments of Skyrim,2189,Summermyst - Enchantments of Skyrim.esp,D:\Wabbajack\modlists\DoD\mods\Summermyst - Enchantments of Skyrim\Summermyst - Enchantments of Skyrim.esp,0x0435B8A4,SUM_DaedricArmorAreaRestoreHealth06,Daedric Armor of Splendor,plugin,Heavy,Heavy,Heavy,0.0,3200,50.0,Body,32,ArmorHeavy; ArmorMaterialDaedric; ArmorCuirass; VendorItemArmor; Survival_ArmorWarm,0x0006BBD2; 0x0006BBD4; 0x0006C0EC; 0x0008F959; 0x01002ED9,ArmorMaterialDaedric,ArmorCuirass,VendorItemArmor,0x0405128F,0x0001396B,Armor\Daedric\DaedricCuirassGO.nif,
DoD,D:\Wabbajack\modlists\DoD,Diaries of Dibella - Lord's Vision,Summermyst - Enchantments of Skyrim,2189,Summermyst - Enchantments of Skyrim.esp,D:\Wabbajack\modlists\DoD\mods\Summermyst - Enchantments of Skyrim\Summermyst - Enchantments of Skyrim.esp,0x0435B8A5,SUM_DaedricArmorCheatDeath04,Daedric Armor of Immortality,plugin,Heavy,Heavy,Heavy,0.0,3200,50.0,Body,32,ArmorHeavy; ArmorMaterialDaedric; ArmorCuirass; VendorItemArmor; Survival_ArmorWarm,0x0006BBD2; 0x0006BBD4; 0x0006C0EC; 0x0008F959; 0x01002ED9,ArmorMaterialDaedric,ArmorCuirass,VendorItemArmor,0x04051499,0x0001396B,Armor\Daedric\DaedricCuirassGO.nif,
DoD,D:\Wabbajack\modlists\DoD,Diaries of Dibella - Lord's Vision,Summermyst - Enchantments of Skyrim,2189,Summermyst - Enchantments of Skyrim.esp,D:\Wabbajack\modlists\DoD\mods\Summermyst - Enchantments of Skyrim\Summermyst - Enchantments of Skyrim.esp,0x0435B8A6,SUM_DaedricArmorCheatDeath05,Daedric Armor of the Divines,plugin,Heavy,Heavy,Heavy,0.0,3200,50.0,Body,32,ArmorHeavy; ArmorMaterialDaedric; ArmorCuirass; VendorItemArmor; Survival_ArmorWarm,0x0006BBD2; 0x0006BBD4; 0x0006C0EC; 0x0008F959; 0x01002ED9,ArmorMaterialDaedric,ArmorCuirass,VendorItemArmor,0x04051498,0x0001396B,Armor\Daedric\DaedricCuirassGO.nif,
DoD,D:\Wabbajack\modlists\DoD,Diaries of Dibella - Lord's Vision,Summermyst - Enchantments of Skyrim,2189,Summermyst - Enchantments of Skyrim.esp,D:\Wabbajack\modlists\DoD\mods\Summermyst - Enchantments of Skyrim\Summermyst - Enchantments of Skyrim.esp,0x0435B8A7,SUM_DaedricArmorCheatDeath06,Daedric Armor of Athanasia,plugin,Heavy,Heavy,Heavy,0.0,3200,50.0,Body,32,ArmorHeavy; ArmorMaterialDaedric; ArmorCuirass; VendorItemArmor; Survival_ArmorWarm,0x0006BBD2; 0x0006BBD4; 0x0006C0EC; 0x0008F959; 0x01002ED9,ArmorMaterialDaedric,ArmorCuirass,VendorItemArmor,0x04051497,0x0001396B,Armor\Daedric\DaedricCuirassGO.nif,
DoD,D:\Wabbajack\modlists\DoD,Diaries of Dibella - Lord's Vision,Summermyst - Enchantments of Skyrim,2189,Summermyst - Enchantments of Skyrim.esp,D:\Wabbajack\modlists\DoD\mods\Summermyst - Enchantments of Skyrim\Summermyst - Enchantments of Skyrim.esp,0x0435B8A8,SUM_DaedricArmorDeepBreath04,Daedric Armor of the Tongue,plugin,Heavy,Heavy,Heavy,0.0,3200,50.0,Body,32,ArmorHeavy; ArmorMaterialDaedric; ArmorCuirass; VendorItemArmor; Survival_ArmorWarm,0x0006BBD2; 0x0006BBD4; 0x0006C0EC; 0x0008F959; 0x01002ED9,ArmorMaterialDaedric,ArmorCuirass,VendorItemArmor,0x04051463,0x0001396B,Armor\Daedric\DaedricCuirassGO.nif,
DoD,D:\Wabbajack\modlists\DoD,Diaries of Dibella - Lord's Vision,Summermyst - Enchantments of Skyrim,2189,Summermyst - Enchantments of Skyrim.esp,D:\Wabbajack\modlists\DoD\mods\Summermyst - Enchantments of Skyrim\Summermyst - Enchantments of Skyrim.esp,0x0435B8A9,SUM_DaedricArmorDeepBreath05,Daedric Armor of Shor,plugin,Heavy,Heavy,Heavy,0.0,3200,50.0,Body,32,ArmorHeavy; ArmorMaterialDaedric; ArmorCuirass; VendorItemArmor; Survival_ArmorWarm,0x0006BBD2; 0x0006BBD4; 0x0006C0EC; 0x0008F959; 0x01002ED9,ArmorMaterialDaedric,ArmorCuirass,VendorItemArmor,0x04051464,0x0001396B,Armor\Daedric\DaedricCuirassGO.nif,
DoD,D:\Wabbajack\modlists\DoD,Diaries of Dibella - Lord's Vision,Summermyst - Enchantments of Skyrim,2189,Summermyst - Enchantments of Skyrim.esp,D:\Wabbajack\modlists\DoD\mods\Summermyst - Enchantments of Skyrim\Summermyst - Enchantments of Skyrim.esp,0x0435B8AA,SUM_DaedricArmorDeepBreath06,Daedric Armor of Kyne,plugin,Heavy,Heavy,Heavy,0.0,3200,50.0,Body,32,ArmorHeavy; ArmorMaterialDaedric; ArmorCuirass; VendorItemArmor; Survival_ArmorWarm,0x0006BBD2; 0x0006BBD4; 0x0006C0EC; 0x0008F959; 0x01002ED9,ArmorMaterialDaedric,ArmorCuirass,VendorItemArmor,0x04051464,0x0001396B,Armor\Daedric\DaedricCuirassGO.nif,
DoD,D:\Wabbajack\modlists\DoD,Diaries of Dibella - Lord's Vision,Summermyst - Enchantments of Skyrim,2189,Summermyst - Enchantments of Skyrim.esp,D:\Wabbajack\modlists\DoD\mods\Summermyst - Enchantments of Skyrim\Summermyst - Enchantments of Skyrim.esp,0x0435B8AB,SUM_DaedricArmorImminentVictory04,Daedric Armor of Laurels,plugin,Heavy,Heavy,Heavy,0.0,3200,50.0,Body,32,ArmorHeavy; ArmorMaterialDaedric; ArmorCuirass; VendorItemArmor; Survival_ArmorWarm,0x0006BBD2; 0x0006BBD4; 0x0006C0EC; 0x0008F959; 0x01002ED9,ArmorMaterialDaedric,ArmorCuirass,VendorItemArmor,0x0405134B,0x0001396B,Armor\Daedric\DaedricCuirassGO.nif,
DoD,D:\Wabbajack\modlists\DoD,Diaries of Dibella - Lord's Vision,Summermyst - Enchantments of Skyrim,2189,Summermyst - Enchantments of Skyrim.esp,D:\Wabbajack\modlists\DoD\mods\Summermyst - Enchantments of Skyrim\Summermyst - Enchantments of Skyrim.esp,0x0435B8AC,SUM_DaedricArmorImminentVictory05,Daedric Armor of Kings,plugin,Heavy,Heavy,Heavy,0.0,3200,50.0,Body,32,ArmorHeavy; ArmorMaterialDaedric; ArmorCuirass; VendorItemArmor; Survival_ArmorWarm,0x0006BBD2; 0x0006BBD4; 0x0006C0EC; 0x0008F959; 0x01002ED9,ArmorMaterialDaedric,ArmorCuirass,VendorItemArmor,0x0405134C,0x0001396B,Armor\Daedric\DaedricCuirassGO.nif,
DoD,D:\Wabbajack\modlists\DoD,Diaries of Dibella - Lord's Vision,Summermyst - Enchantments of Skyrim,2189,Summermyst - Enchantments of Skyrim.esp,D:\Wabbajack\modlists\DoD\mods\Summermyst - Enchantments of Skyrim\Summermyst - Enchantments of Skyrim.esp,0x0435B8AD,SUM_DaedricArmorImminentVictory06,Daedric Armor of Emperors,plugin,Heavy,Heavy,Heavy,0.0,3200,50.0,Body,32,ArmorHeavy; ArmorMaterialDaedric; ArmorCuirass; VendorItemArmor; Survival_ArmorWarm,0x0006BBD2; 0x0006BBD4; 0x0006C0EC; 0x0008F959; 0x01002ED9,ArmorMaterialDaedric,ArmorCuirass,VendorItemArmor,0x0405134D,0x0001396B,Armor\Daedric\DaedricCuirassGO.nif,
DoD,D:\Wabbajack\modlists\DoD,Diaries of Dibella - Lord's Vision,Summermyst - Enchantments of Skyrim,2189,Summermyst - Enchantments of Skyrim.esp,D:\Wabbajack\modlists\DoD\mods\Summermyst - Enchantments of Skyrim\Summermyst - Enchantments of Skyrim.esp,0x0435B8AE,SUM_DaedricArmorMagicFind04,Daedric Armor of Pillaging,plugin,Heavy,Heavy,Heavy,0.0,3200,50.0,Body,32,ArmorHeavy; ArmorMaterialDaedric; ArmorCuirass; VendorItemArmor; Survival_ArmorWarm,0x0006BBD2; 0x0006BBD4; 0x0006C0EC; 0x0008F959; 0x01002ED9,ArmorMaterialDaedric,ArmorCuirass,VendorItemArmor,0x040513A3,0x0001396B,Armor\Daedric\DaedricCuirassGO.nif,
DoD,D:\Wabbajack\modlists\DoD,Diaries of Dibella - Lord's Vision,Summermyst - Enchantments of Skyrim,2189,Summermyst - Enchantments of Skyrim.esp,D:\Wabbajack\modlists\DoD\mods\Summermyst - Enchantments of Skyrim\Summermyst - Enchantments of Skyrim.esp,0x0435B8AF,SUM_DaedricArmorMagicFind05,Daedric Armor of Abundance,plugin,Heavy,Heavy,Heavy,0.0,3200,50.0,Body,32,ArmorHeavy; ArmorMaterialDaedric; ArmorCuirass; VendorItemArmor; Survival_ArmorWarm,0x0006BBD2; 0x0006BBD4; 0x0006C0EC; 0x0008F959; 0x01002ED9,ArmorMaterialDaedric,ArmorCuirass,VendorItemArmor,0x040513A4,0x0001396B,Armor\Daedric\DaedricCuirassGO.nif,
DoD,D:\Wabbajack\modlists\DoD,Diaries of Dibella - Lord's Vision,Summermyst - Enchantments of Skyrim,2189,Summermyst - Enchantments of Skyrim.esp,D:\Wabbajack\modlists\DoD\mods\Summermyst - Enchantments of Skyrim\Summermyst - Enchantments of Skyrim.esp,0x0435B8B0,SUM_DaedricArmorMagicFind06,Daedric Armor of Miracles,plugin,Heavy,Heavy,Heavy,0.0,3200,50.0,Body,32,ArmorHeavy; ArmorMaterialDaedric; ArmorCuirass; VendorItemArmor; Survival_ArmorWarm,0x0006BBD2; 0x0006BBD4; 0x0006C0EC; 0x0008F959; 0x01002ED9,ArmorMaterialDaedric,ArmorCuirass,VendorItemArmor,0x040513A5,0x0001396B,Armor\Daedric\DaedricCuirassGO.nif,
DoD,D:\Wabbajack\modlists\DoD,Diaries of Dibella - Lord's Vision,Summermyst - Enchantments of Skyrim,2189,Summermyst - Enchantments of Skyrim.esp,D:\Wabbajack\modlists\DoD\mods\Summermyst - Enchantments of Skyrim\Summermyst - Enchantments of Skyrim.esp,0x0435B8B1,SUM_DaedricArmorMagnet06,Daedric Armor of Magnetism,plugin,Heavy,Heavy,Heavy,0.0,3200,50.0,Body,32,ArmorHeavy; ArmorMaterialDaedric; ArmorCuirass; VendorItemArmor; Survival_ArmorWarm,0x0006BBD2; 0x0006BBD4; 0x0006C0EC; 0x0008F959; 0x01002ED9,ArmorMaterialDaedric,ArmorCuirass,VendorItemArmor,0x04051504,0x0001396B,Armor\Daedric\DaedricCuirassGO.nif,
DoD,D:\Wabbajack\modlists\DoD,Diaries of Dibella - Lord's Vision,Summermyst - Enchantments of Skyrim,2189,Summermyst - Enchantments of Skyrim.esp,D:\Wabbajack\modlists\DoD\mods\Summermyst - Enchantments of Skyrim\Summermyst - Enchantments of Skyrim.esp,0x0435B8B2,SUM_DaedricArmorSiphonHealth04,Daedric Armor of Voracity,plugin,Heavy,Heavy,Heavy,0.0,3200,50.0,Body,32,ArmorHeavy; ArmorMaterialDaedric; ArmorCuirass; VendorItemArmor; Survival_ArmorWarm,0x0006BBD2; 0x0006BBD4; 0x0006C0EC; 0x0008F959; 0x01002ED9,ArmorMaterialDaedric,ArmorCuirass,VendorItemArmor,0x0405131D,0x0001396B,Armor\Daedric\DaedricCuirassGO.nif,
DoD,D:\Wabbajack\modlists\DoD,Diaries of Dibella - Lord's Vision,Summermyst - Enchantments of Skyrim,2189,Summermyst - Enchantments of Skyrim.esp,D:\Wabbajack\modlists\DoD\mods\Summermyst - Enchantments of Skyrim\Summermyst - Enchantments of Skyrim.esp,0x0435B8B3,SUM_DaedricArmorSiphonHealth05,Daedric Armor of Starvation,plugin,Heavy,Heavy,Heavy,0.0,3200,50.0,Body,32,ArmorHeavy; ArmorMaterialDaedric; ArmorCuirass; VendorItemArmor; Survival_ArmorWarm,0x0006BBD2; 0x0006BBD4; 0x0006C0EC; 0x0008F959; 0x01002ED9,ArmorMaterialDaedric,ArmorCuirass,VendorItemArmor,0x0405131E,0x0001396B,Armor\Daedric\DaedricCuirassGO.nif,
DoD,D:\Wabbajack\modlists\DoD,Diaries of Dibella - Lord's Vision,Summermyst - Enchantments of Skyrim,2189,Summermyst - Enchantments of Skyrim.esp,D:\Wabbajack\modlists\DoD\mods\Summermyst - Enchantments of Skyrim\Summermyst - Enchantments of Skyrim.esp,0x0435B8B4,SUM_DaedricArmorSiphonHealth06,Daedric Armor of Gluttony,plugin,Heavy,Heavy,Heavy,0.0,3200,50.0,Body,32,ArmorHeavy; ArmorMaterialDaedric; ArmorCuirass; VendorItemArmor; Survival_ArmorWarm,0x0006BBD2; 0x0006BBD4; 0x0006C0EC; 0x0008F959; 0x01002ED9,ArmorMaterialDaedric,ArmorCuirass,VendorItemArmor,0x0405131F,0x0001396B,Armor\Daedric\DaedricCuirassGO.nif,
DoD,D:\Wabbajack\modlists\DoD,Diaries of Dibella - Lord's Vision,Summermyst - Enchantments of Skyrim,2189,Summermyst - Enchantments of Skyrim.esp,D:\Wabbajack\modlists\DoD\mods\Summermyst - Enchantments of Skyrim\Summermyst - Enchantments of Skyrim.esp,0x0435B8B5,SUM_DaedricArmorSiphonStamina04,Daedric Armor of Blood Sport,plugin,Heavy,Heavy,Heavy,0.0,3200,50.0,Body,32,ArmorHeavy; ArmorMaterialDaedric; ArmorCuirass; VendorItemArmor; Survival_ArmorWarm,0x0006BBD2; 0x0006BBD4; 0x0006C0EC; 0x0008F959; 0x01002ED9,ArmorMaterialDaedric,ArmorCuirass,VendorItemArmor,0x04051274,0x0001396B,Armor\Daedric\DaedricCuirassGO.nif,
DoD,D:\Wabbajack\modlists\DoD,Diaries of Dibella - Lord's Vision,Summermyst - Enchantments of Skyrim,2189,Summermyst - Enchantments of Skyrim.esp,D:\Wabbajack\modlists\DoD\mods\Summermyst - Enchantments of Skyrim\Summermyst - Enchantments of Skyrim.esp,0x0435B8B6,SUM_DaedricArmorSiphonStamina05,Daedric Armor of the Arena,plugin,Heavy,Heavy,Heavy,0.0,3200,50.0,Body,32,ArmorHeavy; ArmorMaterialDaedric; ArmorCuirass; VendorItemArmor; Survival_ArmorWarm,0x0006BBD2; 0x0006BBD4; 0x0006C0EC; 0x0008F959; 0x01002ED9,ArmorMaterialDaedric,ArmorCuirass,VendorItemArmor,0x04051275,0x0001396B,Armor\Daedric\DaedricCuirassGO.nif,
DoD,D:\Wabbajack\modlists\DoD,Diaries of Dibella - Lord's Vision,Summermyst - Enchantments of Skyrim,2189,Summermyst - Enchantments of Skyrim.esp,D:\Wabbajack\modlists\DoD\mods\Summermyst - Enchantments of Skyrim\Summermyst - Enchantments of Skyrim.esp,0x0435B8B7,SUM_DaedricArmorSiphonStamina06,Daedric Armor of Champions,plugin,Heavy,Heavy,Heavy,0.0,3200,50.0,Body,32,ArmorHeavy; ArmorMaterialDaedric; ArmorCuirass; VendorItemArmor; Survival_ArmorWarm,0x0006BBD2; 0x0006BBD4; 0x0006C0EC; 0x0008F959; 0x01002ED9,ArmorMaterialDaedric,ArmorCuirass,VendorItemArmor,0x04051276,0x0001396B,Armor\Daedric\DaedricCuirassGO.nif,
DoD,D:\Wabbajack\modlists\DoD,Diaries of Dibella - Lord's Vision,Summermyst - Enchantments of Skyrim,2189,Summermyst - Enchantments of Skyrim.esp,D:\Wabbajack\modlists\DoD\mods\Summermyst - Enchantments of Skyrim\Summermyst - Enchantments of Skyrim.esp,0x0435B8B8,SUM_DaedricArmorSoulHarvest04,Daedric Armor of the Grave,plugin,Heavy,Heavy,Heavy,0.0,3200,50.0,Body,32,ArmorHeavy; ArmorMaterialDaedric; ArmorCuirass; VendorItemArmor; Survival_ArmorWarm,0x0006BBD2; 0x0006BBD4; 0x0006C0EC; 0x0008F959; 0x01002ED9,ArmorMaterialDaedric,ArmorCuirass,VendorItemArmor,0x040514AC,0x0001396B,Armor\Daedric\DaedricCuirassGO.nif,
DoD,D:\Wabbajack\modlists\DoD,Diaries of Dibella - Lord's Vision,Summermyst - Enchantments of Skyrim,2189,Summermyst - Enchantments of Skyrim.esp,D:\Wabbajack\modlists\DoD\mods\Summermyst - Enchantments of Skyrim\Summermyst - Enchantments of Skyrim.esp,0x0435B8B9,SUM_DaedricArmorSoulHarvest05,Daedric Armor of the Veil,plugin,Heavy,Heavy,Heavy,0.0,3200,50.0,Body,32,ArmorHeavy; ArmorMaterialDaedric; ArmorCuirass; VendorItemArmor; Survival_ArmorWarm,0x0006BBD2; 0x0006BBD4; 0x0006C0EC; 0x0008F959; 0x01002ED9,ArmorMaterialDaedric,ArmorCuirass,VendorItemArmor,0x040514AD,0x0001396B,Armor\Daedric\DaedricCuirassGO.nif,
DoD,D:\Wabbajack\modlists\DoD,Diaries of Dibella - Lord's Vision,Summermyst - Enchantments of Skyrim,2189,Summermyst - Enchantments of Skyrim.esp,D:\Wabbajack\modlists\DoD\mods\Summermyst - Enchantments of Skyrim\Summermyst - Enchantments of Skyrim.esp,0x0435B8BA,SUM_DaedricArmorSoulHarvest06,Daedric Armor of the Furnace,plugin,Heavy,Heavy,Heavy,0.0,3200,50.0,Body,32,ArmorHeavy; ArmorMaterialDaedric; ArmorCuirass; VendorItemArmor; Survival_ArmorWarm,0x0006BBD2; 0x0006BBD4; 0x0006C0EC; 0x0008F959; 0x01002ED9,ArmorMaterialDaedric,ArmorCuirass,VendorItemArmor,0x040514AE,0x0001396B,Armor\Daedric\DaedricCuirassGO.nif,
DoD,D:\Wabbajack\modlists\DoD,Diaries of Dibella - Lord's Vision,Summermyst - Enchantments of Skyrim,2189,Summermyst - Enchantments of Skyrim.esp,D:\Wabbajack\modlists\DoD\mods\Summermyst - Enchantments of Skyrim\Summermyst - Enchantments of Skyrim.esp,0x0435B8BB,SUM_DaedricBootsCushioned06,Cushioned Daedric Boots,plugin,Heavy,Heavy,Heavy,0.0,625,10.0,Feet,37,ArmorHeavy; ArmorMaterialDaedric; ArmorBoots; VendorItemArmor; Survival_ArmorWarm,0x0006BBD2; 0x0006BBD4; 0x0006C0ED; 0x0008F959; 0x01002ED9,ArmorMaterialDaedric,ArmorBoots,VendorItemArmor,0x04356787,0x0001396A,Armor\Daedric\DaedricBootsGO.nif,
DoD,D:\Wabbajack\modlists\DoD,Diaries of Dibella - Lord's Vision,Summermyst - Enchantments of Skyrim,2189,Summermyst - Enchantments of Skyrim.esp,D:\Wabbajack\modlists\DoD\mods\Summermyst - Enchantments of Skyrim\Summermyst - Enchantments of Skyrim.esp,0x0435B8BC,SUM_DaedricBootsRollback04,Daedric Boots of Rollback,plugin,Heavy,Heavy,Heavy,0.0,625,10.0,Feet,37,ArmorHeavy; ArmorMaterialDaedric; ArmorBoots; VendorItemArmor; Survival_ArmorWarm,0x0006BBD2; 0x0006BBD4; 0x0006C0ED; 0x0008F959; 0x01002ED9,ArmorMaterialDaedric,ArmorBoots,VendorItemArmor,0x043422D3,0x0001396A,Armor\Daedric\DaedricBootsGO.nif,
DoD,D:\Wabbajack\modlists\DoD,Diaries of Dibella - Lord's Vision,Summermyst - Enchantments of Skyrim,2189,Summermyst - Enchantments of Skyrim.esp,D:\Wabbajack\modlists\DoD\mods\Summermyst - Enchantments of Skyrim\Summermyst - Enchantments of Skyrim.esp,0x0435B8BE,SUM_DaedricBootsFortifyCriticalStrikes04,Daedric Boots of Snakes,plugin,Heavy,Heavy,Heavy,0.0,625,10.0,Feet,37,ArmorHeavy; ArmorMaterialDaedric; ArmorBoots; VendorItemArmor; Survival_ArmorWarm,0x0006BBD2; 0x0006BBD4; 0x0006C0ED; 0x0008F959; 0x01002ED9,ArmorMaterialDaedric,ArmorBoots,VendorItemArmor,0x0405127C,0x0001396A,Armor\Daedric\DaedricBootsGO.nif,
DoD,D:\Wabbajack\modlists\DoD,Diaries of Dibella - Lord's Vision,Summermyst - Enchantments of Skyrim,2189,Summermyst - Enchantments of Skyrim.esp,D:\Wabbajack\modlists\DoD\mods\Summermyst - Enchantments of Skyrim\Summermyst - Enchantments of Skyrim.esp,0x0435B8BF,SUM_DaedricBootsFortifyCriticalStrikes05,Daedric Boots of the Traitor,plugin,Heavy,Heavy,Heavy,0.0,625,10.0,Feet,37,ArmorHeavy; ArmorMaterialDaedric; ArmorBoots; VendorItemArmor; Survival_ArmorWarm,0x0006BBD2; 0x0006BBD4; 0x0006C0ED; 0x0008F959; 0x01002ED9,ArmorMaterialDaedric,ArmorBoots,VendorItemArmor,0x0405127D,0x0001396A,Armor\Daedric\DaedricBootsGO.nif,
DoD,D:\Wabbajack\modlists\DoD,Diaries of Dibella - Lord's Vision,Summermyst - Enchantments of Skyrim,2189,Summermyst - Enchantments of Skyrim.esp,D:\Wabbajack\modlists\DoD\mods\Summermyst - Enchantments of Skyrim\Summermyst - Enchantments of Skyrim.esp,0x0435B8C0,SUM_DaedricBootsFortifyCriticalStrikes06,Daedric Boots of the Kingslayer,plugin,Heavy,Heavy,Heavy,0.0,625,10.0,Feet,37,ArmorHeavy; ArmorMaterialDaedric; ArmorBoots; VendorItemArmor; Survival_ArmorWarm,0x0006BBD2; 0x0006BBD4; 0x0006C0ED; 0x0008F959; 0x01002ED9,ArmorMaterialDaedric,ArmorBoots,VendorItemArmor,0x0405127E,0x0001396A,Armor\Daedric\DaedricBootsGO.nif,
DoD,D:\Wabbajack\modlists\DoD,Diaries of Dibella - Lord's Vision,Summermyst - Enchantments of Skyrim,2189,Summermyst - Enchantments of Skyrim.esp,D:\Wabbajack\modlists\DoD\mods\Summermyst - Enchantments of Skyrim\Summermyst - Enchantments of Skyrim.esp,0x0435B8C1,SUM_DaedricBootsFortifySpeed04,Daedric Boots of Elusion,plugin,Heavy,Heavy,Heavy,0.0,625,10.0,Feet,37,ArmorHeavy; ArmorMaterialDaedric; ArmorBoots; VendorItemArmor; Survival_ArmorWarm,0x0006BBD2; 0x0006BBD4; 0x0006C0ED; 0x0008F959; 0x01002ED9,ArmorMaterialDaedric,ArmorBoots,VendorItemArmor,0x040512F9,0x0001396A,Armor\Daedric\DaedricBootsGO.nif,
DoD,D:\Wabbajack\modlists\DoD,Diaries of Dibella - Lord's Vision,Summermyst - Enchantments of Skyrim,2189,Summermyst - Enchantments of Skyrim.esp,D:\Wabbajack\modlists\DoD\mods\Summermyst - Enchantments of Skyrim\Summermyst - Enchantments of Skyrim.esp,0x0435B8C2,SUM_DaedricBootsFortifySpeed05,Daedric Boots of Elvenkind,plugin,Heavy,Heavy,Heavy,0.0,625,10.0,Feet,37,ArmorHeavy; ArmorMaterialDaedric; ArmorBoots; VendorItemArmor; Survival_ArmorWarm,0x0006BBD2; 0x0006BBD4; 0x0006C0ED; 0x0008F959; 0x01002ED9,ArmorMaterialDaedric,ArmorBoots,VendorItemArmor,0x040512FA,0x0001396A,Armor\Daedric\DaedricBootsGO.nif,
DoD,D:\Wabbajack\modlists\DoD,Diaries of Dibella - Lord's Vision,Summermyst - Enchantments of Skyrim,2189,Summermyst - Enchantments of Skyrim.esp,D:\Wabbajack\modlists\DoD\mods\Summermyst - Enchantments of Skyrim\Summermyst - Enchantments of Skyrim.esp,0x0435B8C3,SUM_DaedricBootsFortifySpeed06,Daedric Boots of Dancing,plugin,Heavy,Heavy,Heavy,0.0,625,10.0,Feet,37,ArmorHeavy; ArmorMaterialDaedric; ArmorBoots; VendorItemArmor; Survival_ArmorWarm,0x0006BBD2; 0x0006BBD4; 0x0006C0ED; 0x0008F959; 0x01002ED9,ArmorMaterialDaedric,ArmorBoots,VendorItemArmor,0x040512FB,0x0001396A,Armor\Daedric\DaedricBootsGO.nif,
DoD,D:\Wabbajack\modlists\DoD,Diaries of Dibella - Lord's Vision,Summermyst - Enchantments of Skyrim,2189,Summermyst - Enchantments of Skyrim.esp,D:\Wabbajack\modlists\DoD\mods\Summermyst - Enchantments of Skyrim\Summermyst - Enchantments of Skyrim.esp,0x0435B8C4,SUM_DaedricBootsReactiveBarrier04,Spectral Daedric Boots,plugin,Heavy,Heavy,Heavy,0.0,625,10.0,Feet,37,ArmorHeavy; ArmorMaterialDaedric; ArmorBoots; VendorItemArmor; Survival_ArmorWarm,0x0006BBD2; 0x0006BBD4; 0x0006C0ED; 0x0008F959; 0x01002ED9,ArmorMaterialDaedric,ArmorBoots,VendorItemArmor,0x0405151E,0x0001396A,Armor\Daedric\DaedricBootsGO.nif,
DoD,D:\Wabbajack\modlists\DoD,Diaries of Dibella - Lord's Vision,Summermyst - Enchantments of Skyrim,2189,Summermyst - Enchantments of Skyrim.esp,D:\Wabbajack\modlists\DoD\mods\Summermyst - Enchantments of Skyrim\Summermyst - Enchantments of Skyrim.esp,0x0435B8C5,SUM_DaedricBootsReactiveBarrier05,Chromatic Daedric Boots,plugin,Heavy,Heavy,Heavy,0.0,625,10.0,Feet,37,ArmorHeavy; ArmorMaterialDaedric; ArmorBoots; VendorItemArmor; Survival_ArmorWarm,0x0006BBD2; 0x0006BBD4; 0x0006C0ED; 0x0008F959; 0x01002ED9,ArmorMaterialDaedric,ArmorBoots,VendorItemArmor,0x0405151F,0x0001396A,Armor\Daedric\DaedricBootsGO.nif,
DoD,D:\Wabbajack\modlists\DoD,Diaries of Dibella - Lord's Vision,Summermyst - Enchantments of Skyrim,2189,Summermyst - Enchantments of Skyrim.esp,D:\Wabbajack\modlists\DoD\mods\Summermyst - Enchantments of Skyrim\Summermyst - Enchantments of Skyrim.esp,0x0435B8C6,SUM_DaedricBootsReactiveBarrier06,Daedric Boots of the Triumvirate,plugin,Heavy,Heavy,Heavy,0.0,625,10.0,Feet,37,ArmorHeavy; ArmorMaterialDaedric; ArmorBoots; VendorItemArmor; Survival_ArmorWarm,0x0006BBD2; 0x0006BBD4; 0x0006C0ED; 0x0008F959; 0x01002ED9,ArmorMaterialDaedric,ArmorBoots,VendorItemArmor,0x04051520,0x0001396A,Armor\Daedric\DaedricBootsGO.nif,
DoD,D:\Wabbajack\modlists\DoD,Diaries of Dibella - Lord's Vision,Summermyst - Enchantments of Skyrim,2189,Summermyst - Enchantments of Skyrim.esp,D:\Wabbajack\modlists\DoD\mods\Summermyst - Enchantments of Skyrim\Summermyst - Enchantments of Skyrim.esp,0x0435B8C7,SUM_DaedricBootsStability04,Fortified Daedric Boots,plugin,Heavy,Heavy,Heavy,0.0,625,10.0,Feet,37,ArmorHeavy; ArmorMaterialDaedric; ArmorBoots; VendorItemArmor; Survival_ArmorWarm,0x0006BBD2; 0x0006BBD4; 0x0006C0ED; 0x0008F959; 0x01002ED9,ArmorMaterialDaedric,ArmorBoots,VendorItemArmor,0x0405153A,0x0001396A,Armor\Daedric\DaedricBootsGO.nif,
DoD,D:\Wabbajack\modlists\DoD,Diaries of Dibella - Lord's Vision,Summermyst - Enchantments of Skyrim,2189,Summermyst - Enchantments of Skyrim.esp,D:\Wabbajack\modlists\DoD\mods\Summermyst - Enchantments of Skyrim\Summermyst - Enchantments of Skyrim.esp,0x0435B8C8,SUM_DaedricBootsStability05,Obsidian Daedric Boots,plugin,Heavy,Heavy,Heavy,0.0,625,10.0,Feet,37,ArmorHeavy; ArmorMaterialDaedric; ArmorBoots; VendorItemArmor; Survival_ArmorWarm,0x0006BBD2; 0x0006BBD4; 0x0006C0ED; 0x0008F959; 0x01002ED9,ArmorMaterialDaedric,ArmorBoots,VendorItemArmor,0x0405153B,0x0001396A,Armor\Daedric\DaedricBootsGO.nif,
DoD,D:\Wabbajack\modlists\DoD,Diaries of Dibella - Lord's Vision,Summermyst - Enchantments of Skyrim,2189,Summermyst - Enchantments of Skyrim.esp,D:\Wabbajack\modlists\DoD\mods\Summermyst - Enchantments of Skyrim\Summermyst - Enchantments of Skyrim.esp,0x0435B8C9,SUM_DaedricBootsStability06,Diamond Daedric Boots,plugin,Heavy,Heavy,Heavy,0.0,625,10.0,Feet,37,ArmorHeavy; ArmorMaterialDaedric; ArmorBoots; VendorItemArmor; Survival_ArmorWarm,0x0006BBD2; 0x0006BBD4; 0x0006C0ED; 0x0008F959; 0x01002ED9,ArmorMaterialDaedric,ArmorBoots,VendorItemArmor,0x0405153C,0x0001396A,Armor\Daedric\DaedricBootsGO.nif,
DoD,D:\Wabbajack\modlists\DoD,Diaries of Dibella - Lord's Vision,Summermyst - Enchantments of Skyrim,2189,Summermyst - Enchantments of Skyrim.esp,D:\Wabbajack\modlists\DoD\mods\Summermyst - Enchantments of Skyrim\Summermyst - Enchantments of Skyrim.esp,0x0435B8CA,SUM_DaedricBootsUnbreakable04,Daedric Boots of Virtue,plugin,Heavy,Heavy,Heavy,0.0,625,10.0,Feet,37,ArmorHeavy; ArmorMaterialDaedric; ArmorBoots; VendorItemArmor; Survival_ArmorWarm,0x0006BBD2; 0x0006BBD4; 0x0006C0ED; 0x0008F959; 0x01002ED9,ArmorMaterialDaedric,ArmorBoots,VendorItemArmor,0x040513DB,0x0001396A,Armor\Daedric\DaedricBootsGO.nif,
DoD,D:\Wabbajack\modlists\DoD,Diaries of Dibella - Lord's Vision,Summermyst - Enchantments of Skyrim,2189,Summermyst - Enchantments of Skyrim.esp,D:\Wabbajack\modlists\DoD\mods\Summermyst - Enchantments of Skyrim\Summermyst - Enchantments of Skyrim.esp,0x0435B8CB,SUM_DaedricBootsUnbreakable05,Daedric Boots of Bravery,plugin,Heavy,Heavy,Heavy,0.0,625,10.0,Feet,37,ArmorHeavy; ArmorMaterialDaedric; ArmorBoots; VendorItemArmor; Survival_ArmorWarm,0x0006BBD2; 0x0006BBD4; 0x0006C0ED; 0x0008F959; 0x01002ED9,ArmorMaterialDaedric,ArmorBoots,VendorItemArmor,0x040513DD,0x0001396A,Armor\Daedric\DaedricBootsGO.nif,
DoD,D:\Wabbajack\modlists\DoD,Diaries of Dibella - Lord's Vision,Summermyst - Enchantments of Skyrim,2189,Summermyst - Enchantments of Skyrim.esp,D:\Wabbajack\modlists\DoD\mods\Summermyst - Enchantments of Skyrim\Summermyst - Enchantments of Skyrim.esp,0x0435B8CC,SUM_DaedricBootsUnbreakable06,Daedric Boots of Heroes,plugin,Heavy,Heavy,Heavy,0.0,625,10.0,Feet,37,ArmorHeavy; ArmorMaterialDaedric; ArmorBoots; VendorItemArmor; Survival_ArmorWarm,0x0006BBD2; 0x0006BBD4; 0x0006C0ED; 0x0008F959; 0x01002ED9,ArmorMaterialDaedric,ArmorBoots,VendorItemArmor,0x040513DA,0x0001396A,Armor\Daedric\DaedricBootsGO.nif,
DoD,D:\Wabbajack\modlists\DoD,Diaries of Dibella - Lord's Vision,Summermyst - Enchantments of Skyrim,2189,Summermyst - Enchantments of Skyrim.esp,D:\Wabbajack\modlists\DoD\mods\Summermyst - Enchantments of Skyrim\Summermyst - Enchantments of Skyrim.esp,0x0435B8CD,SUM_DaedricBootsWindfall04,Daedric Boots of Fate,plugin,Heavy,Heavy,Heavy,0.0,625,10.0,Feet,37,ArmorHeavy; ArmorMaterialDaedric; ArmorBoots; VendorItemArmor; Survival_ArmorWarm,0x0006BBD2; 0x0006BBD4; 0x0006C0ED; 0x0008F959; 0x01002ED9,ArmorMaterialDaedric,ArmorBoots,VendorItemArmor,0x0405152C,0x0001396A,Armor\Daedric\DaedricBootsGO.nif,
DoD,D:\Wabbajack\modlists\DoD,Diaries of Dibella - Lord's Vision,Summermyst - Enchantments of Skyrim,2189,Summermyst - Enchantments of Skyrim.esp,D:\Wabbajack\modlists\DoD\mods\Summermyst - Enchantments of Skyrim\Summermyst - Enchantments of Skyrim.esp,0x0435B8CE,SUM_DaedricBootsWindfall05,Daedric Boots of Destiny,plugin,Heavy,Heavy,Heavy,0.0,625,10.0,Feet,37,ArmorHeavy; ArmorMaterialDaedric; ArmorBoots; VendorItemArmor; Survival_ArmorWarm,0x0006BBD2; 0x0006BBD4; 0x0006C0ED; 0x0008F959; 0x01002ED9,ArmorMaterialDaedric,ArmorBoots,VendorItemArmor,0x0405152F,0x0001396A,Armor\Daedric\DaedricBootsGO.nif,
DoD,D:\Wabbajack\modlists\DoD,Diaries of Dibella - Lord's Vision,Summermyst - Enchantments of Skyrim,2189,Summermyst - Enchantments of Skyrim.esp,D:\Wabbajack\modlists\DoD\mods\Summermyst - Enchantments of Skyrim\Summermyst - Enchantments of Skyrim.esp,0x0435B8CF,SUM_DaedricBootsWindfall06,Daedric Boots of Hope,plugin,Heavy,Heavy,Heavy,0.0,625,10.0,Feet,37,ArmorHeavy; ArmorMaterialDaedric; ArmorBoots; VendorItemArmor; Survival_ArmorWarm,0x0006BBD2; 0x0006BBD4; 0x0006C0ED; 0x0008F959; 0x01002ED9,ArmorMaterialDaedric,ArmorBoots,VendorItemArmor,0x04051530,0x0001396A,Armor\Daedric\DaedricBootsGO.nif,
DoD,D:\Wabbajack\modlists\DoD,Diaries of Dibella - Lord's Vision,Summermyst - Enchantments of Skyrim,2189,Summermyst - Enchantments of Skyrim.esp,D:\Wabbajack\modlists\DoD\mods\Summermyst - Enchantments of Skyrim\Summermyst - Enchantments of Skyrim.esp,0x0435B8D0,SUM_DaedricGauntletsFortifyBashing04,Daedric Gauntlets of Battering,plugin,Heavy,Heavy,Heavy,0.0,625,6.0,Hands,33,ArmorHeavy; ArmorMaterialDaedric; ArmorGauntlets; VendorItemArmor; PerkFistsDaedric; Survival_ArmorWarm,0x0006BBD2; 0x0006BBD4; 0x0006C0EF; 0x0008F959; 0x0002C17B; 0x01002ED9,ArmorMaterialDaedric,ArmorGauntlets,VendorItemArmor,0x04051369,0x0001396C,Armor\Daedric\DaedricGauntletsGO.nif,
DoD,D:\Wabbajack\modlists\DoD,Diaries of Dibella - Lord's Vision,Summermyst - Enchantments of Skyrim,2189,Summermyst - Enchantments of Skyrim.esp,D:\Wabbajack\modlists\DoD\mods\Summermyst - Enchantments of Skyrim\Summermyst - Enchantments of Skyrim.esp,0x0435B8D1,SUM_DaedricGauntletsFortifyBashing05,Daedric Gauntlets of Shattering,plugin,Heavy,Heavy,Heavy,0.0,625,6.0,Hands,33,ArmorHeavy; ArmorMaterialDaedric; ArmorGauntlets; VendorItemArmor; PerkFistsDaedric; Survival_ArmorWarm,0x0006BBD2; 0x0006BBD4; 0x0006C0EF; 0x0008F959; 0x0002C17B; 0x01002ED9,ArmorMaterialDaedric,ArmorGauntlets,VendorItemArmor,0x0405136A,0x0001396C,Armor\Daedric\DaedricGauntletsGO.nif,
DoD,D:\Wabbajack\modlists\DoD,Diaries of Dibella - Lord's Vision,Summermyst - Enchantments of Skyrim,2189,Summermyst - Enchantments of Skyrim.esp,D:\Wabbajack\modlists\DoD\mods\Summermyst - Enchantments of Skyrim\Summermyst - Enchantments of Skyrim.esp,0x0435B8D2,SUM_DaedricGauntletsFortifyBashing06,Daedric Gauntlets of Breaching,plugin,Heavy,Heavy,Heavy,0.0,625,6.0,Hands,33,ArmorHeavy; ArmorMaterialDaedric; ArmorGauntlets; VendorItemArmor; PerkFistsDaedric; Survival_ArmorWarm,0x0006BBD2; 0x0006BBD4; 0x0006C0EF; 0x0008F959; 0x0002C17B; 0x01002ED9,ArmorMaterialDaedric,ArmorGauntlets,VendorItemArmor,0x0405136B,0x0001396C,Armor\Daedric\DaedricGauntletsGO.nif,
DoD,D:\Wabbajack\modlists\DoD,Diaries of Dibella - Lord's Vision,Summermyst - Enchantments of Skyrim,2189,Summermyst - Enchantments of Skyrim.esp,D:\Wabbajack\modlists\DoD\mods\Summermyst - Enchantments of Skyrim\Summermyst - Enchantments of Skyrim.esp,0x0435B8D3,SUM_DaedricGauntletsFortifyPowerAttacks04,Daedric Gauntlets of the Beast,plugin,Heavy,Heavy,Heavy,0.0,625,6.0,Hands,33,ArmorHeavy; ArmorMaterialDaedric; ArmorGauntlets; VendorItemArmor; PerkFistsDaedric; Survival_ArmorWarm,0x0006BBD2; 0x0006BBD4; 0x0006C0EF; 0x0008F959; 0x0002C17B; 0x01002ED9,ArmorMaterialDaedric,ArmorGauntlets,VendorItemArmor,0x0405136E,0x0001396C,Armor\Daedric\DaedricGauntletsGO.nif,
DoD,D:\Wabbajack\modlists\DoD,Diaries of Dibella - Lord's Vision,Summermyst - Enchantments of Skyrim,2189,Summermyst - Enchantments of Skyrim.esp,D:\Wabbajack\modlists\DoD\mods\Summermyst - Enchantments of Skyrim\Summermyst - Enchantments of Skyrim.esp,0x0435B8D4,SUM_DaedricGauntletsFortifyPowerAttacks05,Daedric Gauntlets of Ferocity,plugin,Heavy,Heavy,Heavy,0.0,625,6.0,Hands,33,ArmorHeavy; ArmorMaterialDaedric; ArmorGauntlets; VendorItemArmor; PerkFistsDaedric; Survival_ArmorWarm,0x0006BBD2; 0x0006BBD4; 0x0006C0EF; 0x0008F959; 0x0002C17B; 0x01002ED9,ArmorMaterialDaedric,ArmorGauntlets,VendorItemArmor,0x0405136F,0x0001396C,Armor\Daedric\DaedricGauntletsGO.nif,
DoD,D:\Wabbajack\modlists\DoD,Diaries of Dibella - Lord's Vision,Summermyst - Enchantments of Skyrim,2189,Summermyst - Enchantments of Skyrim.esp,D:\Wabbajack\modlists\DoD\mods\Summermyst - Enchantments of Skyrim\Summermyst - Enchantments of Skyrim.esp,0x0435B8D5,SUM_DaedricGauntletsFortifyPowerAttacks06,Daedric Gauntlets of Barbarity,plugin,Heavy,Heavy,Heavy,0.0,625,6.0,Hands,33,ArmorHeavy; ArmorMaterialDaedric; ArmorGauntlets; VendorItemArmor; PerkFistsDaedric; Survival_ArmorWarm,0x0006BBD2; 0x0006BBD4; 0x0006C0EF; 0x0008F959; 0x0002C17B; 0x01002ED9,ArmorMaterialDaedric,ArmorGauntlets,VendorItemArmor,0x04051370,0x0001396C,Armor\Daedric\DaedricGauntletsGO.nif,
DoD,D:\Wabbajack\modlists\DoD,Diaries of Dibella - Lord's Vision,Summermyst - Enchantments of Skyrim,2189,Summermyst - Enchantments of Skyrim.esp,D:\Wabbajack\modlists\DoD\mods\Summermyst - Enchantments of Skyrim\Summermyst - Enchantments of Skyrim.esp,0x0435B8D6,SUM_DaedricGauntletsIncreasedExperience04,Daedric Gauntlets of Knowledge,plugin,Heavy,Heavy,Heavy,0.0,625,6.0,Hands,33,ArmorHeavy; ArmorMaterialDaedric; ArmorGauntlets; VendorItemArmor; PerkFistsDaedric; Survival_ArmorWarm,0x0006BBD2; 0x0006BBD4; 0x0006C0EF; 0x0008F959; 0x0002C17B; 0x01002ED9,ArmorMaterialDaedric,ArmorGauntlets,VendorItemArmor,0x040513C8,0x0001396C,Armor\Daedric\DaedricGauntletsGO.nif,
DoD,D:\Wabbajack\modlists\DoD,Diaries of Dibella - Lord's Vision,Summermyst - Enchantments of Skyrim,2189,Summermyst - Enchantments of Skyrim.esp,D:\Wabbajack\modlists\DoD\mods\Summermyst - Enchantments of Skyrim\Summermyst - Enchantments of Skyrim.esp,0x0435B8D7,SUM_DaedricGauntletsIncreasedExperience05,Daedric Gauntlets of Understanding,plugin,Heavy,Heavy,Heavy,0.0,625,6.0,Hands,33,ArmorHeavy; ArmorMaterialDaedric; ArmorGauntlets; VendorItemArmor; PerkFistsDaedric; Survival_ArmorWarm,0x0006BBD2; 0x0006BBD4; 0x0006C0EF; 0x0008F959; 0x0002C17B; 0x01002ED9,ArmorMaterialDaedric,ArmorGauntlets,VendorItemArmor,0x040513C9,0x0001396C,Armor\Daedric\DaedricGauntletsGO.nif,
DoD,D:\Wabbajack\modlists\DoD,Diaries of Dibella - Lord's Vision,Summermyst - Enchantments of Skyrim,2189,Summermyst - Enchantments of Skyrim.esp,D:\Wabbajack\modlists\DoD\mods\Summermyst - Enchantments of Skyrim\Summermyst - Enchantments of Skyrim.esp,0x0435B8D8,SUM_DaedricGauntletsIncreasedExperience06,Daedric Gauntlets of Wisdom,plugin,Heavy,Heavy,Heavy,0.0,625,6.0,Hands,33,ArmorHeavy; ArmorMaterialDaedric; ArmorGauntlets; VendorItemArmor; PerkFistsDaedric; Survival_ArmorWarm,0x0006BBD2; 0x0006BBD4; 0x0006C0EF; 0x0008F959; 0x0002C17B; 0x01002ED9,ArmorMaterialDaedric,ArmorGauntlets,VendorItemArmor,0x040513CA,0x0001396C,Armor\Daedric\DaedricGauntletsGO.nif,
DoD,D:\Wabbajack\modlists\DoD,Diaries of Dibella - Lord's Vision,Summermyst - Enchantments of Skyrim,2189,Summermyst - Enchantments of Skyrim.esp,D:\Wabbajack\modlists\DoD\mods\Summermyst - Enchantments of Skyrim\Summermyst - Enchantments of Skyrim.esp,0x0435B8D9,SUM_DaedricGauntletsKingOfTheLostExt04,Daedric Gauntlets of the Tempest-King,plugin,Heavy,Heavy,Heavy,0.0,625,6.0,Hands,33,ArmorHeavy; ArmorMaterialDaedric; ArmorGauntlets; VendorItemArmor; PerkFistsDaedric; Survival_ArmorWarm,0x0006BBD2; 0x0006BBD4; 0x0006C0EF; 0x0008F959; 0x0002C17B; 0x01002ED9,ArmorMaterialDaedric,ArmorGauntlets,VendorItemArmor,0x04051315,0x0001396C,Armor\Daedric\DaedricGauntletsGO.nif,
DoD,D:\Wabbajack\modlists\DoD,Diaries of Dibella - Lord's Vision,Summermyst - Enchantments of Skyrim,2189,Summermyst - Enchantments of Skyrim.esp,D:\Wabbajack\modlists\DoD\mods\Summermyst - Enchantments of Skyrim\Summermyst - Enchantments of Skyrim.esp,0x0435B8DA,SUM_DaedricGauntletsKingOfTheLostExt05,Daedric Gauntlets of the Lost,plugin,Heavy,Heavy,Heavy,0.0,625,6.0,Hands,33,ArmorHeavy; ArmorMaterialDaedric; ArmorGauntlets; VendorItemArmor; PerkFistsDaedric; Survival_ArmorWarm,0x0006BBD2; 0x0006BBD4; 0x0006C0EF; 0x0008F959; 0x0002C17B; 0x01002ED9,ArmorMaterialDaedric,ArmorGauntlets,VendorItemArmor,0x04051316,0x0001396C,Armor\Daedric\DaedricGauntletsGO.nif,
DoD,D:\Wabbajack\modlists\DoD,Diaries of Dibella - Lord's Vision,Summermyst - Enchantments of Skyrim,2189,Summermyst - Enchantments of Skyrim.esp,D:\Wabbajack\modlists\DoD\mods\Summermyst - Enchantments of Skyrim\Summermyst - Enchantments of Skyrim.esp,0x0435B8DB,SUM_DaedricGauntletsKingOfTheLostExt06,Daedric Gauntlets of Three Stars,plugin,Heavy,Heavy,Heavy,0.0,625,6.0,Hands,33,ArmorHeavy; ArmorMaterialDaedric; ArmorGauntlets; VendorItemArmor; PerkFistsDaedric; Survival_ArmorWarm,0x0006BBD2; 0x0006BBD4; 0x0006C0EF; 0x0008F959; 0x0002C17B; 0x01002ED9,ArmorMaterialDaedric,ArmorGauntlets,VendorItemArmor,0x04051317,0x0001396C,Armor\Daedric\DaedricGauntletsGO.nif,
DoD,D:\Wabbajack\modlists\DoD,Diaries of Dibella - Lord's Vision,Summermyst - Enchantments of Skyrim,2189,Summermyst - Enchantments of Skyrim.esp,D:\Wabbajack\modlists\DoD\mods\Summermyst - Enchantments of Skyrim\Summermyst - Enchantments of Skyrim.esp,0x0435B8DC,SUM_DaedricGauntletsPhilosophersStoneExt04,Daedric Gauntlets of Riches,plugin,Heavy,Heavy,Heavy,0.0,625,6.0,Hands,33,ArmorHeavy; ArmorMaterialDaedric; ArmorGauntlets; VendorItemArmor; PerkFistsDaedric; Survival_ArmorWarm,0x0006BBD2; 0x0006BBD4; 0x0006C0EF; 0x0008F959; 0x0002C17B; 0x01002ED9,ArmorMaterialDaedric,ArmorGauntlets,VendorItemArmor,0x04051477,0x0001396C,Armor\Daedric\DaedricGauntletsGO.nif,
DoD,D:\Wabbajack\modlists\DoD,Diaries of Dibella - Lord's Vision,Summermyst - Enchantments of Skyrim,2189,Summermyst - Enchantments of Skyrim.esp,D:\Wabbajack\modlists\DoD\mods\Summermyst - Enchantments of Skyrim\Summermyst - Enchantments of Skyrim.esp,0x0435B8DD,SUM_DaedricGauntletsPhilosophersStoneExt05,Daedric Gauntlets of Opulence,plugin,Heavy,Heavy,Heavy,0.0,625,6.0,Hands,33,ArmorHeavy; ArmorMaterialDaedric; ArmorGauntlets; VendorItemArmor; PerkFistsDaedric; Survival_ArmorWarm,0x0006BBD2; 0x0006BBD4; 0x0006C0EF; 0x0008F959; 0x0002C17B; 0x01002ED9,ArmorMaterialDaedric,ArmorGauntlets,VendorItemArmor,0x04051478,0x0001396C,Armor\Daedric\DaedricGauntletsGO.nif,
DoD,D:\Wabbajack\modlists\DoD,Diaries of Dibella - Lord's Vision,Summermyst - Enchantments of Skyrim,2189,Summermyst - Enchantments of Skyrim.esp,D:\Wabbajack\modlists\DoD\mods\Summermyst - Enchantments of Skyrim\Summermyst - Enchantments of Skyrim.esp,0x0435B8DE,SUM_DaedricGauntletsPhilosophersStoneExt06,Daedric Gauntlets of Royalty,plugin,Heavy,Heavy,Heavy,0.0,625,6.0,Hands,33,ArmorHeavy; ArmorMaterialDaedric; ArmorGauntlets; VendorItemArmor; PerkFistsDaedric; Survival_ArmorWarm,0x0006BBD2; 0x0006BBD4; 0x0006C0EF; 0x0008F959; 0x0002C17B; 0x01002ED9,ArmorMaterialDaedric,ArmorGauntlets,VendorItemArmor,0x04051479,0x0001396C,Armor\Daedric\DaedricGauntletsGO.nif,
DoD,D:\Wabbajack\modlists\DoD,Diaries of Dibella - Lord's Vision,Summermyst - Enchantments of Skyrim,2189,Summermyst - Enchantments of Skyrim.esp,D:\Wabbajack\modlists\DoD\mods\Summermyst - Enchantments of Skyrim\Summermyst - Enchantments of Skyrim.esp,0x0435B8DF,SUM_DaedricGauntletsRechargeWeapons04,Daedric Gauntlets of Reformation,plugin,Heavy,Heavy,Heavy,0.0,625,6.0,Hands,33,ArmorHeavy; ArmorMaterialDaedric; ArmorGauntlets; VendorItemArmor; PerkFistsDaedric; Survival_ArmorWarm,0x0006BBD2; 0x0006BBD4; 0x0006C0EF; 0x0008F959; 0x0002C17B; 0x01002ED9,ArmorMaterialDaedric,ArmorGauntlets,VendorItemArmor,0x040513AB,0x0001396C,Armor\Daedric\DaedricGauntletsGO.nif,
DoD,D:\Wabbajack\modlists\DoD,Diaries of Dibella - Lord's Vision,Summermyst - Enchantments of Skyrim,2189,Summermyst - Enchantments of Skyrim.esp,D:\Wabbajack\modlists\DoD\mods\Summermyst - Enchantments of Skyrim\Summermyst - Enchantments of Skyrim.esp,0x043609E1,SUM_DaedricGauntletsRechargeWeapons05,Daedric Gauntlets of Reclamation,plugin,Heavy,Heavy,Heavy,0.0,625,6.0,Hands,33,ArmorHeavy; ArmorMaterialDaedric; ArmorGauntlets; VendorItemArmor; PerkFistsDaedric; Survival_ArmorWarm,0x0006BBD2; 0x0006BBD4; 0x0006C0EF; 0x0008F959; 0x0002C17B; 0x01002ED9,ArmorMaterialDaedric,ArmorGauntlets,VendorItemArmor,0x040513AC,0x0001396C,Armor\Daedric\DaedricGauntletsGO.nif,
DoD,D:\Wabbajack\modlists\DoD,Diaries of Dibella - Lord's Vision,Summermyst - Enchantments of Skyrim,2189,Summermyst - Enchantments of Skyrim.esp,D:\Wabbajack\modlists\DoD\mods\Summermyst - Enchantments of Skyrim\Summermyst - Enchantments of Skyrim.esp,0x043609E2,SUM_DaedricGauntletsRechargeWeapons06,Daedric Gauntlets of Reconstruction,plugin,Heavy,Heavy,Heavy,0.0,625,6.0,Hands,33,ArmorHeavy; ArmorMaterialDaedric; ArmorGauntlets; VendorItemArmor; PerkFistsDaedric; Survival_ArmorWarm,0x0006BBD2; 0x0006BBD4; 0x0006C0EF; 0x0008F959; 0x0002C17B; 0x01002ED9,ArmorMaterialDaedric,ArmorGauntlets,VendorItemArmor,0x040513AD,0x0001396C,Armor\Daedric\DaedricGauntletsGO.nif,
DoD,D:\Wabbajack\modlists\DoD,Diaries of Dibella - Lord's Vision,Summermyst - Enchantments of Skyrim,2189,Summermyst - Enchantments of Skyrim.esp,D:\Wabbajack\modlists\DoD\mods\Summermyst - Enchantments of Skyrim\Summermyst - Enchantments of Skyrim.esp,0x043609E3,SUM_DaedricHelmetCheatDeath04,Daedric Helmet of Immortality,plugin,Heavy,Heavy,Heavy,0.0,1600,15.0,Head; Hair; Circlet; Ears,30; 31; 42; 43,ArmorHeavy; ArmorMaterialDaedric; ArmorHelmet; VendorItemArmor; Survival_ArmorWarm,0x0006BBD2; 0x0006BBD4; 0x0006C0EE; 0x0008F959; 0x01002ED9,ArmorMaterialDaedric,ArmorHelmet,VendorItemArmor,0x04051499,0x0001396D,Armor\Daedric\DaedricHelmetGO.nif,
DoD,D:\Wabbajack\modlists\DoD,Diaries of Dibella - Lord's Vision,Summermyst - Enchantments of Skyrim,2189,Summermyst - Enchantments of Skyrim.esp,D:\Wabbajack\modlists\DoD\mods\Summermyst - Enchantments of Skyrim\Summermyst - Enchantments of Skyrim.esp,0x043609E4,SUM_DaedricHelmetCheatDeath05,Daedric Helmet of the Divines,plugin,Heavy,Heavy,Heavy,0.0,1600,15.0,Head; Hair; Circlet; Ears,30; 31; 42; 43,ArmorHeavy; ArmorMaterialDaedric; ArmorHelmet; VendorItemArmor; Survival_ArmorWarm,0x0006BBD2; 0x0006BBD4; 0x0006C0EE; 0x0008F959; 0x01002ED9,ArmorMaterialDaedric,ArmorHelmet,VendorItemArmor,0x04051498,0x0001396D,Armor\Daedric\DaedricHelmetGO.nif,
DoD,D:\Wabbajack\modlists\DoD,Diaries of Dibella - Lord's Vision,Summermyst - Enchantments of Skyrim,2189,Summermyst - Enchantments of Skyrim.esp,D:\Wabbajack\modlists\DoD\mods\Summermyst - Enchantments of Skyrim\Summermyst - Enchantments of Skyrim.esp,0x043609E5,SUM_DaedricHelmetCheatDeath06,Daedric Helmet of Athanasia,plugin,Heavy,Heavy,Heavy,0.0,1600,15.0,Head; Hair; Circlet; Ears,30; 31; 42; 43,ArmorHeavy; ArmorMaterialDaedric; ArmorHelmet; VendorItemArmor; Survival_ArmorWarm,0x0006BBD2; 0x0006BBD4; 0x0006C0EE; 0x0008F959; 0x01002ED9,ArmorMaterialDaedric,ArmorHelmet,VendorItemArmor,0x04051497,0x0001396D,Armor\Daedric\DaedricHelmetGO.nif,
DoD,D:\Wabbajack\modlists\DoD,Diaries of Dibella - Lord's Vision,Summermyst - Enchantments of Skyrim,2189,Summermyst - Enchantments of Skyrim.esp,D:\Wabbajack\modlists\DoD\mods\Summermyst - Enchantments of Skyrim\Summermyst - Enchantments of Skyrim.esp,0x043609E6,SUM_DaedricHelmetDeepBreath04,Daedric Helmet of the Tongue,plugin,Heavy,Heavy,Heavy,0.0,1600,15.0,Head; Hair; Circlet; Ears,30; 31; 42; 43,ArmorHeavy; ArmorMaterialDaedric; ArmorHelmet; VendorItemArmor; Survival_ArmorWarm,0x0006BBD2; 0x0006BBD4; 0x0006C0EE; 0x0008F959; 0x01002ED9,ArmorMaterialDaedric,ArmorHelmet,VendorItemArmor,0x04051463,0x0001396D,Armor\Daedric\DaedricHelmetGO.nif,
DoD,D:\Wabbajack\modlists\DoD,Diaries of Dibella - Lord's Vision,Summermyst - Enchantments of Skyrim,2189,Summermyst - Enchantments of Skyrim.esp,D:\Wabbajack\modlists\DoD\mods\Summermyst - Enchantments of Skyrim\Summermyst - Enchantments of Skyrim.esp,0x043609E7,SUM_DaedricHelmetDeepBreath05,Daedric Helmet of Shor,plugin,Heavy,Heavy,Heavy,0.0,1600,15.0,Head; Hair; Circlet; Ears,30; 31; 42; 43,ArmorHeavy; ArmorMaterialDaedric; ArmorHelmet; VendorItemArmor; Survival_ArmorWarm,0x0006BBD2; 0x0006BBD4; 0x0006C0EE; 0x0008F959; 0x01002ED9,ArmorMaterialDaedric,ArmorHelmet,VendorItemArmor,0x04051464,0x0001396D,Armor\Daedric\DaedricHelmetGO.nif,
DoD,D:\Wabbajack\modlists\DoD,Diaries of Dibella - Lord's Vision,Summermyst - Enchantments of Skyrim,2189,Summermyst - Enchantments of Skyrim.esp,D:\Wabbajack\modlists\DoD\mods\Summermyst - Enchantments of Skyrim\Summermyst - Enchantments of Skyrim.esp,0x043609E8,SUM_DaedricHelmetDeepBreath06,Daedric Helmet of Kyne,plugin,Heavy,Heavy,Heavy,0.0,1600,15.0,Head; Hair; Circlet; Ears,30; 31; 42; 43,ArmorHeavy; ArmorMaterialDaedric; ArmorHelmet; VendorItemArmor; Survival_ArmorWarm,0x0006BBD2; 0x0006BBD4; 0x0006C0EE; 0x0008F959; 0x01002ED9,ArmorMaterialDaedric,ArmorHelmet,VendorItemArmor,0x04051465,0x0001396D,Armor\Daedric\DaedricHelmetGO.nif,
DoD,D:\Wabbajack\modlists\DoD,Diaries of Dibella - Lord's Vision,Summermyst - Enchantments of Skyrim,2189,Summermyst - Enchantments of Skyrim.esp,D:\Wabbajack\modlists\DoD\mods\Summermyst - Enchantments of Skyrim\Summermyst - Enchantments of Skyrim.esp,0x043609E9,SUM_DaedricHelmetFortifyBashing04,Daedric Helmet of Battering,plugin,Heavy,Heavy,Heavy,0.0,1600,15.0,Head; Hair; Circlet; Ears,30; 31; 42; 43,ArmorHeavy; ArmorMaterialDaedric; ArmorHelmet; VendorItemArmor; Survival_ArmorWarm,0x0006BBD2; 0x0006BBD4; 0x0006C0EE; 0x0008F959; 0x01002ED9,ArmorMaterialDaedric,ArmorHelmet,VendorItemArmor,0x04051369,0x0001396D,Armor\Daedric\DaedricHelmetGO.nif,
DoD,D:\Wabbajack\modlists\DoD,Diaries of Dibella - Lord's Vision,Summermyst - Enchantments of Skyrim,2189,Summermyst - Enchantments of Skyrim.esp,D:\Wabbajack\modlists\DoD\mods\Summermyst - Enchantments of Skyrim\Summermyst - Enchantments of Skyrim.esp,0x043609EA,SUM_DaedricHelmetFortifyBashing05,Daedric Helmet of Shattering,plugin,Heavy,Heavy,Heavy,0.0,1600,15.0,Head; Hair; Circlet; Ears,30; 31; 42; 43,ArmorHeavy; ArmorMaterialDaedric; ArmorHelmet; VendorItemArmor; Survival_ArmorWarm,0x0006BBD2; 0x0006BBD4; 0x0006C0EE; 0x0008F959; 0x01002ED9,ArmorMaterialDaedric,ArmorHelmet,VendorItemArmor,0x0405136A,0x0001396D,Armor\Daedric\DaedricHelmetGO.nif,
DoD,D:\Wabbajack\modlists\DoD,Diaries of Dibella - Lord's Vision,Summermyst - Enchantments of Skyrim,2189,Summermyst - Enchantments of Skyrim.esp,D:\Wabbajack\modlists\DoD\mods\Summermyst - Enchantments of Skyrim\Summermyst - Enchantments of Skyrim.esp,0x043609EB,SUM_DaedricHelmetFortifyBashing06,Daedric Helmet of Breaching,plugin,Heavy,Heavy,Heavy,0.0,1600,15.0,Head; Hair; Circlet; Ears,30; 31; 42; 43,ArmorHeavy; ArmorMaterialDaedric; ArmorHelmet; VendorItemArmor; Survival_ArmorWarm,0x0006BBD2; 0x0006BBD4; 0x0006C0EE; 0x0008F959; 0x01002ED9,ArmorMaterialDaedric,ArmorHelmet,VendorItemArmor,0x0405136B,0x0001396D,Armor\Daedric\DaedricHelmetGO.nif,
DoD,D:\Wabbajack\modlists\DoD,Diaries of Dibella - Lord's Vision,Summermyst - Enchantments of Skyrim,2189,Summermyst - Enchantments of Skyrim.esp,D:\Wabbajack\modlists\DoD\mods\Summermyst - Enchantments of Skyrim\Summermyst - Enchantments of Skyrim.esp,0x043609EC,SUM_DaedricHelmetFortifyPotions04,Daedric Helmet of Sublimation,plugin,Heavy,Heavy,Heavy,0.0,1600,15.0,Head; Hair; Circlet; Ears,30; 31; 42; 43,ArmorHeavy; ArmorMaterialDaedric; ArmorHelmet; VendorItemArmor; Survival_ArmorWarm,0x0006BBD2; 0x0006BBD4; 0x0006C0EE; 0x0008F959; 0x01002ED9,ArmorMaterialDaedric,ArmorHelmet,VendorItemArmor,0x040513E1,0x0001396D,Armor\Daedric\DaedricHelmetGO.nif,
DoD,D:\Wabbajack\modlists\DoD,Diaries of Dibella - Lord's Vision,Summermyst - Enchantments of Skyrim,2189,Summermyst - Enchantments of Skyrim.esp,D:\Wabbajack\modlists\DoD\mods\Summermyst - Enchantments of Skyrim\Summermyst - Enchantments of Skyrim.esp,0x043609ED,SUM_DaedricHelmetFortifyPotions05,Daedric Helmet of Depuration,plugin,Heavy,Heavy,Heavy,0.0,1600,15.0,Head; Hair; Circlet; Ears,30; 31; 42; 43,ArmorHeavy; ArmorMaterialDaedric; ArmorHelmet; VendorItemArmor; Survival_ArmorWarm,0x0006BBD2; 0x0006BBD4; 0x0006C0EE; 0x0008F959; 0x01002ED9,ArmorMaterialDaedric,ArmorHelmet,VendorItemArmor,0x040513E2,0x0001396D,Armor\Daedric\DaedricHelmetGO.nif,
DoD,D:\Wabbajack\modlists\DoD,Diaries of Dibella - Lord's Vision,Summermyst - Enchantments of Skyrim,2189,Summermyst - Enchantments of Skyrim.esp,D:\Wabbajack\modlists\DoD\mods\Summermyst - Enchantments of Skyrim\Summermyst - Enchantments of Skyrim.esp,0x043609EE,SUM_DaedricHelmetFortifyPotions06,Daedric Helmet of Infusion,plugin,Heavy,Heavy,Heavy,0.0,1600,15.0,Head; Hair; Circlet; Ears,30; 31; 42; 43,ArmorHeavy; ArmorMaterialDaedric; ArmorHelmet; VendorItemArmor; Survival_ArmorWarm,0x0006BBD2; 0x0006BBD4; 0x0006C0EE; 0x0008F959; 0x01002ED9,ArmorMaterialDaedric,ArmorHelmet,VendorItemArmor,0x040513E3,0x0001396D,Armor\Daedric\DaedricHelmetGO.nif,
DoD,D:\Wabbajack\modlists\DoD,Diaries of Dibella - Lord's Vision,Summermyst - Enchantments of Skyrim,2189,Summermyst - Enchantments of Skyrim.esp,D:\Wabbajack\modlists\DoD\mods\Summermyst - Enchantments of Skyrim\Summermyst - Enchantments of Skyrim.esp,0x043609EF,SUM_DaedricHelmetImminentVictory04,Daedric Helmet of Laurels,plugin,Heavy,Heavy,Heavy,0.0,1600,15.0,Head; Hair; Circlet; Ears,30; 31; 42; 43,ArmorHeavy; ArmorMaterialDaedric; ArmorHelmet; VendorItemArmor; Survival_ArmorWarm,0x0006BBD2; 0x0006BBD4; 0x0006C0EE; 0x0008F959; 0x01002ED9,ArmorMaterialDaedric,ArmorHelmet,VendorItemArmor,0x0405134B,0x0001396D,Armor\Daedric\DaedricHelmetGO.nif,
DoD,D:\Wabbajack\modlists\DoD,Diaries of Dibella - Lord's Vision,Summermyst - Enchantments of Skyrim,2189,Summermyst - Enchantments of Skyrim.esp,D:\Wabbajack\modlists\DoD\mods\Summermyst - Enchantments of Skyrim\Summermyst - Enchantments of Skyrim.esp,0x043609F0,SUM_DaedricHelmetImminentVictory05,Daedric Helmet of Kings,plugin,Heavy,Heavy,Heavy,0.0,1600,15.0,Head; Hair; Circlet; Ears,30; 31; 42; 43,ArmorHeavy; ArmorMaterialDaedric; ArmorHelmet; VendorItemArmor; Survival_ArmorWarm,0x0006BBD2; 0x0006BBD4; 0x0006C0EE; 0x0008F959; 0x01002ED9,ArmorMaterialDaedric,ArmorHelmet,VendorItemArmor,0x0405134C,0x0001396D,Armor\Daedric\DaedricHelmetGO.nif,
DoD,D:\Wabbajack\modlists\DoD,Diaries of Dibella - Lord's Vision,Summermyst - Enchantments of Skyrim,2189,Summermyst - Enchantments of Skyrim.esp,D:\Wabbajack\modlists\DoD\mods\Summermyst - Enchantments of Skyrim\Summermyst - Enchantments of Skyrim.esp,0x043609F1,SUM_DaedricHelmetImminentVictory06,Daedric Helmet of Emperors,plugin,Heavy,Heavy,Heavy,0.0,1600,15.0,Head; Hair; Circlet; Ears,30; 31; 42; 43,ArmorHeavy; ArmorMaterialDaedric; ArmorHelmet; VendorItemArmor; Survival_ArmorWarm,0x0006BBD2; 0x0006BBD4; 0x0006C0EE; 0x0008F959; 0x01002ED9,ArmorMaterialDaedric,ArmorHelmet,VendorItemArmor,0x0405134D,0x0001396D,Armor\Daedric\DaedricHelmetGO.nif,
DoD,D:\Wabbajack\modlists\DoD,Diaries of Dibella - Lord's Vision,Summermyst - Enchantments of Skyrim,2189,Summermyst - Enchantments of Skyrim.esp,D:\Wabbajack\modlists\DoD\mods\Summermyst - Enchantments of Skyrim\Summermyst - Enchantments of Skyrim.esp,0x043609F2,SUM_DaedricHelmetIncreasedExperience04,Daedric Helmet of Knowledge,plugin,Heavy,Heavy,Heavy,0.0,1600,15.0,Head; Hair; Circlet; Ears,30; 31; 42; 43,ArmorHeavy; ArmorMaterialDaedric; ArmorHelmet; VendorItemArmor; Survival_ArmorWarm,0x0006BBD2; 0x0006BBD4; 0x0006C0EE; 0x0008F959; 0x01002ED9,ArmorMaterialDaedric,ArmorHelmet,VendorItemArmor,0x040513C8,0x0001396D,Armor\Daedric\DaedricHelmetGO.nif,
DoD,D:\Wabbajack\modlists\DoD,Diaries of Dibella - Lord's Vision,Summermyst - Enchantments of Skyrim,2189,Summermyst - Enchantments of Skyrim.esp,D:\Wabbajack\modlists\DoD\mods\Summermyst - Enchantments of Skyrim\Summermyst - Enchantments of Skyrim.esp,0x043609F3,SUM_DaedricHelmetIncreasedExperience05,Daedric Helmet of Understanding,plugin,Heavy,Heavy,Heavy,0.0,1600,15.0,Head; Hair; Circlet; Ears,30; 31; 42; 43,ArmorHeavy; ArmorMaterialDaedric; ArmorHelmet; VendorItemArmor; Survival_ArmorWarm,0x0006BBD2; 0x0006BBD4; 0x0006C0EE; 0x0008F959; 0x01002ED9,ArmorMaterialDaedric,ArmorHelmet,VendorItemArmor,0x040513C9,0x0001396D,Armor\Daedric\DaedricHelmetGO.nif,
DoD,D:\Wabbajack\modlists\DoD,Diaries of Dibella - Lord's Vision,Summermyst - Enchantments of Skyrim,2189,Summermyst - Enchantments of Skyrim.esp,D:\Wabbajack\modlists\DoD\mods\Summermyst - Enchantments of Skyrim\Summermyst - Enchantments of Skyrim.esp,0x043609F4,SUM_DaedricHelmetIncreasedExperience06,Daedric Helmet of Wisdom,plugin,Heavy,Heavy,Heavy,0.0,1600,15.0,Head; Hair; Circlet; Ears,30; 31; 42; 43,ArmorHeavy; ArmorMaterialDaedric; ArmorHelmet; VendorItemArmor; Survival_ArmorWarm,0x0006BBD2; 0x0006BBD4; 0x0006C0EE; 0x0008F959; 0x01002ED9,ArmorMaterialDaedric,ArmorHelmet,VendorItemArmor,0x040513CA,0x0001396D,Armor\Daedric\DaedricHelmetGO.nif,
DoD,D:\Wabbajack\modlists\DoD,Diaries of Dibella - Lord's Vision,Summermyst - Enchantments of Skyrim,2189,Summermyst - Enchantments of Skyrim.esp,D:\Wabbajack\modlists\DoD\mods\Summermyst - Enchantments of Skyrim\Summermyst - Enchantments of Skyrim.esp,0x043609F5,SUM_DaedricHelmetLight06,Daedric Helmet of Light,plugin,Heavy,Heavy,Heavy,0.0,1600,15.0,Head; Hair; Circlet; Ears,30; 31; 42; 43,ArmorHeavy; ArmorMaterialDaedric; ArmorHelmet; VendorItemArmor; Survival_ArmorWarm,0x0006BBD2; 0x0006BBD4; 0x0006C0EE; 0x0008F959; 0x01002ED9,ArmorMaterialDaedric,ArmorHelmet,VendorItemArmor,0x040512A6,0x0001396D,Armor\Daedric\DaedricHelmetGO.nif,
DoD,D:\Wabbajack\modlists\DoD,Diaries of Dibella - Lord's Vision,Summermyst - Enchantments of Skyrim,2189,Summermyst - Enchantments of Skyrim.esp,D:\Wabbajack\modlists\DoD\mods\Summermyst - Enchantments of Skyrim\Summermyst - Enchantments of Skyrim.esp,0x043609F6,SUM_DaedricHelmetNightEye04,Daedric Helmet of Night Eye,plugin,Heavy,Heavy,Heavy,0.0,1600,15.0,Head; Hair; Circlet; Ears,30; 31; 42; 43,ArmorHeavy; ArmorMaterialDaedric; ArmorHelmet; VendorItemArmor; Survival_ArmorWarm,0x0006BBD2; 0x0006BBD4; 0x0006C0EE; 0x0008F959; 0x01002ED9,ArmorMaterialDaedric,ArmorHelmet,VendorItemArmor,0x04051360,0x0001396D,Armor\Daedric\DaedricHelmetGO.nif,
DoD,D:\Wabbajack\modlists\DoD,Diaries of Dibella - Lord's Vision,Summermyst - Enchantments of Skyrim,2189,Summermyst - Enchantments of Skyrim.esp,D:\Wabbajack\modlists\DoD\mods\Summermyst - Enchantments of Skyrim\Summermyst - Enchantments of Skyrim.esp,0x043609F7,SUM_DaedricHelmetPerception05,Daedric Helmet of Perception,plugin,Heavy,Heavy,Heavy,0.0,1600,15.0,Head; Hair; Circlet; Ears,30; 31; 42; 43,ArmorHeavy; ArmorMaterialDaedric; ArmorHelmet; VendorItemArmor; Survival_ArmorWarm,0x0006BBD2; 0x0006BBD4; 0x0006C0EE; 0x0008F959; 0x01002ED9,ArmorMaterialDaedric,ArmorHelmet,VendorItemArmor,0x04051365,0x0001396D,Armor\Daedric\DaedricHelmetGO.nif,
DoD,D:\Wabbajack\modlists\DoD,Diaries of Dibella - Lord's Vision,Summermyst - Enchantments of Skyrim,2189,Summermyst - Enchantments of Skyrim.esp,D:\Wabbajack\modlists\DoD\mods\Summermyst - Enchantments of Skyrim\Summermyst - Enchantments of Skyrim.esp,0x043609F8,SUM_DaedricHelmetSiphonMagicka04,Daedric Helmet of Addiction,plugin,Heavy,Heavy,Heavy,0.0,1600,15.0,Head; Hair; Circlet; Ears,30; 31; 42; 43,ArmorHeavy; ArmorMaterialDaedric; ArmorHelmet; VendorItemArmor; Survival_ArmorWarm,0x0006BBD2; 0x0006BBD4; 0x0006C0EE; 0x0008F959; 0x01002ED9,ArmorMaterialDaedric,ArmorHelmet,VendorItemArmor,0x0405126E,0x0001396D,Armor\Daedric\DaedricHelmetGO.nif,
DoD,D:\Wabbajack\modlists\DoD,Diaries of Dibella - Lord's Vision,Summermyst - Enchantments of Skyrim,2189,Summermyst - Enchantments of Skyrim.esp,D:\Wabbajack\modlists\DoD\mods\Summermyst - Enchantments of Skyrim\Summermyst - Enchantments of Skyrim.esp,0x043609F9,SUM_DaedricHelmetSiphonMagicka05,Daedric Helmet of Obsession,plugin,Heavy,Heavy,Heavy,0.0,1600,15.0,Head; Hair; Circlet; Ears,30; 31; 42; 43,ArmorHeavy; ArmorMaterialDaedric; ArmorHelmet; VendorItemArmor; Survival_ArmorWarm,0x0006BBD2; 0x0006BBD4; 0x0006C0EE; 0x0008F959; 0x01002ED9,ArmorMaterialDaedric,ArmorHelmet,VendorItemArmor,0x0405126F,0x0001396D,Armor\Daedric\DaedricHelmetGO.nif,
DoD,D:\Wabbajack\modlists\DoD,Diaries of Dibella - Lord's Vision,Summermyst - Enchantments of Skyrim,2189,Summermyst - Enchantments of Skyrim.esp,D:\Wabbajack\modlists\DoD\mods\Summermyst - Enchantments of Skyrim\Summermyst - Enchantments of Skyrim.esp,0x043609FA,SUM_DaedricHelmetSiphonMagicka06,Daedric Helmet of Mania,plugin,Heavy,Heavy,Heavy,0.0,1600,15.0,Head; Hair; Circlet; Ears,30; 31; 42; 43,ArmorHeavy; ArmorMaterialDaedric; ArmorHelmet; VendorItemArmor; Survival_ArmorWarm,0x0006BBD2; 0x0006BBD4; 0x0006C0EE; 0x0008F959; 0x01002ED9,ArmorMaterialDaedric,ArmorHelmet,VendorItemArmor,0x04051270,0x0001396D,Armor\Daedric\DaedricHelmetGO.nif,
DoD,D:\Wabbajack\modlists\DoD,Diaries of Dibella - Lord's Vision,Summermyst - Enchantments of Skyrim,2189,Summermyst - Enchantments of Skyrim.esp,D:\Wabbajack\modlists\DoD\mods\Summermyst - Enchantments of Skyrim\Summermyst - Enchantments of Skyrim.esp,0x043609FB,SUM_DaedricHelmetSoulHarvest04,Daedric Helmet of the Grave,plugin,Heavy,Heavy,Heavy,0.0,1600,15.0,Head; Hair; Circlet; Ears,30; 31; 42; 43,ArmorHeavy; ArmorMaterialDaedric; ArmorHelmet; VendorItemArmor; Survival_ArmorWarm,0x0006BBD2; 0x0006BBD4; 0x0006C0EE; 0x0008F959; 0x01002ED9,ArmorMaterialDaedric,ArmorHelmet,VendorItemArmor,0x040514AC,0x0001396D,Armor\Daedric\DaedricHelmetGO.nif,
DoD,D:\Wabbajack\modlists\DoD,Diaries of Dibella - Lord's Vision,Summermyst - Enchantments of Skyrim,2189,Summermyst - Enchantments of Skyrim.esp,D:\Wabbajack\modlists\DoD\mods\Summermyst - Enchantments of Skyrim\Summermyst - Enchantments of Skyrim.esp,0x043609FC,SUM_DaedricHelmetSoulHarvest05,Daedric Helmet of the Veil,plugin,Heavy,Heavy,Heavy,0.0,1600,15.0,Head; Hair; Circlet; Ears,30; 31; 42; 43,ArmorHeavy; ArmorMaterialDaedric; ArmorHelmet; VendorItemArmor; Survival_ArmorWarm,0x0006BBD2; 0x0006BBD4; 0x0006C0EE; 0x0008F959; 0x01002ED9,ArmorMaterialDaedric,ArmorHelmet,VendorItemArmor,0x040514AD,0x0001396D,Armor\Daedric\DaedricHelmetGO.nif,
DoD,D:\Wabbajack\modlists\DoD,Diaries of Dibella - Lord's Vision,Summermyst - Enchantments of Skyrim,2189,Summermyst - Enchantments of Skyrim.esp,D:\Wabbajack\modlists\DoD\mods\Summermyst - Enchantments of Skyrim\Summermyst - Enchantments of Skyrim.esp,0x043609FD,SUM_DaedricHelmetSoulHarvest06,Daedric Helmet of the Furnace,plugin,Heavy,Heavy,Heavy,0.0,1600,15.0,Head; Hair; Circlet; Ears,30; 31; 42; 43,ArmorHeavy; ArmorMaterialDaedric; ArmorHelmet; VendorItemArmor; Survival_ArmorWarm,0x0006BBD2; 0x0006BBD4; 0x0006C0EE; 0x0008F959; 0x01002ED9,ArmorMaterialDaedric,ArmorHelmet,VendorItemArmor,0x040514AE,0x0001396D,Armor\Daedric\DaedricHelmetGO.nif,
DoD,D:\Wabbajack\modlists\DoD,Diaries of Dibella - Lord's Vision,Summermyst - Enchantments of Skyrim,2189,Summermyst - Enchantments of Skyrim.esp,D:\Wabbajack\modlists\DoD\mods\Summermyst - Enchantments of Skyrim\Summermyst - Enchantments of Skyrim.esp,0x043609FE,SUM_DaedricShieldSpikes04,Daedric Shield of Barbs,plugin,Heavy,Heavy,,0.0,1600,15.0,Shield,39,ArmorMaterialDaedric; VendorItemArmor; ArmorShield,0x0006BBD4; 0x0008F959; 0x000965B2,ArmorMaterialDaedric,ArmorShield,VendorItemArmor,0x04051308,0x0001396E,Armor\Daedric\DaedricShield.nif,
DoD,D:\Wabbajack\modlists\DoD,Diaries of Dibella - Lord's Vision,Summermyst - Enchantments of Skyrim,2189,Summermyst - Enchantments of Skyrim.esp,D:\Wabbajack\modlists\DoD\mods\Summermyst - Enchantments of Skyrim\Summermyst - Enchantments of Skyrim.esp,0x043609FF,SUM_DaedricShieldSpikes05,Daedric Shield of Razors,plugin,Heavy,Heavy,,0.0,1600,15.0,Shield,39,ArmorMaterialDaedric; VendorItemArmor; ArmorShield,0x0006BBD4; 0x0008F959; 0x000965B2,ArmorMaterialDaedric,ArmorShield,VendorItemArmor,0x04051309,0x0001396E,Armor\Daedric\DaedricShield.nif,
DoD,D:\Wabbajack\modlists\DoD,Diaries of Dibella - Lord's Vision,Summermyst - Enchantments of Skyrim,2189,Summermyst - Enchantments of Skyrim.esp,D:\Wabbajack\modlists\DoD\mods\Summermyst - Enchantments of Skyrim\Summermyst - Enchantments of Skyrim.esp,0x04360A00,SUM_DaedricShieldSpikes06,Daedric Shield of Stigmata,plugin,Heavy,Heavy,,0.0,1600,15.0,Shield,39,ArmorMaterialDaedric; VendorItemArmor; ArmorShield,0x0006BBD4; 0x0008F959; 0x000965B2,ArmorMaterialDaedric,ArmorShield,VendorItemArmor,0x0405130A,0x0001396E,Armor\Daedric\DaedricShield.nif,
DoD,D:\Wabbajack\modlists\DoD,Diaries of Dibella - Lord's Vision,Summermyst - Enchantments of Skyrim,2189,Summermyst - Enchantments of Skyrim.esp,D:\Wabbajack\modlists\DoD\mods\Summermyst - Enchantments of Skyrim\Summermyst - Enchantments of Skyrim.esp,0x04360A01,SUM_DaedricShieldQuake04,Daedric Shield of Admonition,plugin,Heavy,Heavy,,0.0,1600,15.0,Shield,39,ArmorMaterialDaedric; VendorItemArmor; ArmorShield,0x0006BBD4; 0x0008F959; 0x000965B2,ArmorMaterialDaedric,ArmorShield,VendorItemArmor,0x040514E5,0x0001396E,Armor\Daedric\DaedricShield.nif,
DoD,D:\Wabbajack\modlists\DoD,Diaries of Dibella - Lord's Vision,Summermyst - Enchantments of Skyrim,2189,Summermyst - Enchantments of Skyrim.esp,D:\Wabbajack\modlists\DoD\mods\Summermyst - Enchantments of Skyrim\Summermyst - Enchantments of Skyrim.esp,0x04360A02,SUM_DaedricShieldQuake05,Daedric Shield of Punishment,plugin,Heavy,Heavy,,0.0,1600,15.0,Shield,39,ArmorMaterialDaedric; VendorItemArmor; ArmorShield,0x0006BBD4; 0x0008F959; 0x000965B2,ArmorMaterialDaedric,ArmorShield,VendorItemArmor,0x040514E6,0x0001396E,Armor\Daedric\DaedricShield.nif,
DoD,D:\Wabbajack\modlists\DoD,Diaries of Dibella - Lord's Vision,Summermyst - Enchantments of Skyrim,2189,Summermyst - Enchantments of Skyrim.esp,D:\Wabbajack\modlists\DoD\mods\Summermyst - Enchantments of Skyrim\Summermyst - Enchantments of Skyrim.esp,0x04360A03,SUM_DaedricShieldQuake06,Daedric Shield of Seisms,plugin,Heavy,Heavy,,0.0,1600,15.0,Shield,39,ArmorMaterialDaedric; VendorItemArmor; ArmorShield,0x0006BBD4; 0x0008F959; 0x000965B2,ArmorMaterialDaedric,ArmorShield,VendorItemArmor,0x040514E7,0x0001396E,Armor\Daedric\DaedricShield.nif,
DoD,D:\Wabbajack\modlists\DoD,Diaries of Dibella - Lord's Vision,Summermyst - Enchantments of Skyrim,2189,Summermyst - Enchantments of Skyrim.esp,D:\Wabbajack\modlists\DoD\mods\Summermyst - Enchantments of Skyrim\Summermyst - Enchantments of Skyrim.esp,0x04360A04,SUM_DaedricShieldReactiveBarrier04,Spectral Daedric Shield,plugin,Heavy,Heavy,,0.0,1600,15.0,Shield,39,ArmorMaterialDaedric; VendorItemArmor; ArmorShield,0x0006BBD4; 0x0008F959; 0x000965B2,ArmorMaterialDaedric,ArmorShield,VendorItemArmor,0x0405151E,0x0001396E,Armor\Daedric\DaedricShield.nif,
DoD,D:\Wabbajack\modlists\DoD,Diaries of Dibella - Lord's Vision,Summermyst - Enchantments of Skyrim,2189,Summermyst - Enchantments of Skyrim.esp,D:\Wabbajack\modlists\DoD\mods\Summermyst - Enchantments of Skyrim\Summermyst - Enchantments of Skyrim.esp,0x04360A05,SUM_DaedricShieldReactiveBarrier05,Chromatic Daedric Shield,plugin,Heavy,Heavy,,0.0,1600,15.0,Shield,39,ArmorMaterialDaedric; VendorItemArmor; ArmorShield,0x0006BBD4; 0x0008F959; 0x000965B2,ArmorMaterialDaedric,ArmorShield,VendorItemArmor,0x0405151F,0x0001396E,Armor\Daedric\DaedricShield.nif,
DoD,D:\Wabbajack\modlists\DoD,Diaries of Dibella - Lord's Vision,Summermyst - Enchantments of Skyrim,2189,Summermyst - Enchantments of Skyrim.esp,D:\Wabbajack\modlists\DoD\mods\Summermyst - Enchantments of Skyrim\Summermyst - Enchantments of Skyrim.esp,0x04360A06,SUM_DaedricShieldReactiveBarrier06,Daedric Shield of the Triumvirate,plugin,Heavy,Heavy,,0.0,1600,15.0,Shield,39,ArmorMaterialDaedric; VendorItemArmor; ArmorShield,0x0006BBD4; 0x0008F959; 0x000965B2,ArmorMaterialDaedric,ArmorShield,VendorItemArmor,0x04051520,0x0001396E,Armor\Daedric\DaedricShield.nif,
DoD,D:\Wabbajack\modlists\DoD,Diaries of Dibella - Lord's Vision,Summermyst - Enchantments of Skyrim,2189,Summermyst - Enchantments of Skyrim.esp,D:\Wabbajack\modlists\DoD\mods\Summermyst - Enchantments of Skyrim\Summermyst - Enchantments of Skyrim.esp,0x04360A07,SUM_DaedricShieldStabilityExt04,Fortified Daedric Shield,plugin,Heavy,Heavy,,0.0,1600,15.0,Shield,39,ArmorMaterialDaedric; VendorItemArmor; ArmorShield,0x0006BBD4; 0x0008F959; 0x000965B2,ArmorMaterialDaedric,ArmorShield,VendorItemArmor,0x0405153A,0x0001396E,Armor\Daedric\DaedricShield.nif,
DoD,D:\Wabbajack\modlists\DoD,Diaries of Dibella - Lord's Vision,Summermyst - Enchantments of Skyrim,2189,Summermyst - Enchantments of Skyrim.esp,D:\Wabbajack\modlists\DoD\mods\Summermyst - Enchantments of Skyrim\Summermyst - Enchantments of Skyrim.esp,0x04360A08,SUM_DaedricShieldStabilityExt05,Obsidian Daedric Shield,plugin,Heavy,Heavy,,0.0,1600,15.0,Shield,39,ArmorMaterialDaedric; VendorItemArmor; ArmorShield,0x0006BBD4; 0x0008F959; 0x000965B2,ArmorMaterialDaedric,ArmorShield,VendorItemArmor,0x0405153B,0x0001396E,Armor\Daedric\DaedricShield.nif,
DoD,D:\Wabbajack\modlists\DoD,Diaries of Dibella - Lord's Vision,Summermyst - Enchantments of Skyrim,2189,Summermyst - Enchantments of Skyrim.esp,D:\Wabbajack\modlists\DoD\mods\Summermyst - Enchantments of Skyrim\Summermyst - Enchantments of Skyrim.esp,0x04360A09,SUM_DaedricShieldStabilityExt06,Diamond Daedric Shield,plugin,Heavy,Heavy,,0.0,1600,15.0,Shield,39,ArmorMaterialDaedric; VendorItemArmor; ArmorShield,0x0006BBD4; 0x0008F959; 0x000965B2,ArmorMaterialDaedric,ArmorShield,VendorItemArmor,0x0405153C,0x0001396E,Armor\Daedric\DaedricShield.nif,
DoD,D:\Wabbajack\modlists\DoD,Diaries of Dibella - Lord's Vision,Summermyst - Enchantments of Skyrim,2189,Summermyst - Enchantments of Skyrim.esp,D:\Wabbajack\modlists\DoD\mods\Summermyst - Enchantments of Skyrim\Summermyst - Enchantments of Skyrim.esp,0x04360A0A,SUM_DaedricShieldWindfall04,Daedric Shield of Fate,plugin,Heavy,Heavy,,0.0,1600,15.0,Shield,39,ArmorMaterialDaedric; VendorItemArmor; ArmorShield,0x0006BBD4; 0x0008F959; 0x000965B2,ArmorMaterialDaedric,ArmorShield,VendorItemArmor,0x0405152C,0x0001396E,Armor\Daedric\DaedricShield.nif,
DoD,D:\Wabbajack\modlists\DoD,Diaries of Dibella - Lord's Vision,Summermyst - Enchantments of Skyrim,2189,Summermyst - Enchantments of Skyrim.esp,D:\Wabbajack\modlists\DoD\mods\Summermyst - Enchantments of Skyrim\Summermyst - Enchantments of Skyrim.esp,0x04360A0B,SUM_DaedricShieldWindfall05,Daedric Shield of Destiny,plugin,Heavy,Heavy,,0.0,1600,15.0,Shield,39,ArmorMaterialDaedric; VendorItemArmor; ArmorShield,0x0006BBD4; 0x0008F959; 0x000965B2,ArmorMaterialDaedric,ArmorShield,VendorItemArmor,0x0405152F,0x0001396E,Armor\Daedric\DaedricShield.nif,
DoD,D:\Wabbajack\modlists\DoD,Diaries of Dibella - Lord's Vision,Summermyst - Enchantments of Skyrim,2189,Summermyst - Enchantments of Skyrim.esp,D:\Wabbajack\modlists\DoD\mods\Summermyst - Enchantments of Skyrim\Summermyst - Enchantments of Skyrim.esp,0x04360A0C,SUM_DaedricShieldWindfall06,Daedric Shield of Hope,plugin,Heavy,Heavy,,0.0,1600,15.0,Shield,39,ArmorMaterialDaedric; VendorItemArmor; ArmorShield,0x0006BBD4; 0x0008F959; 0x000965B2,ArmorMaterialDaedric,ArmorShield,VendorItemArmor,0x04051530,0x0001396E,Armor\Daedric\DaedricShield.nif,
DoD,D:\Wabbajack\modlists\DoD,Diaries of Dibella - Lord's Vision,Summermyst - Enchantments of Skyrim,2189,Summermyst - Enchantments of Skyrim.esp,D:\Wabbajack\modlists\DoD\mods\Summermyst - Enchantments of Skyrim\Summermyst - Enchantments of Skyrim.esp,0x0438E3EF,SUM_DaedricShieldDeathsShield06,Daedric Shield of Resurrection,plugin,Heavy,Heavy,,0.0,1600,15.0,Shield,39,ArmorMaterialDaedric; VendorItemArmor; ArmorShield,0x0006BBD4; 0x0008F959; 0x000965B2,ArmorMaterialDaedric,ArmorShield,VendorItemArmor,0x043892DF,0x0001396E,Armor\Daedric\DaedricShield.nif,
DoD,D:\Wabbajack\modlists\DoD,Diaries of Dibella - Lord's Vision,Summermyst - Enchantments of Skyrim,2189,Summermyst - Enchantments of Skyrim.esp,D:\Wabbajack\modlists\DoD\mods\Summermyst - Enchantments of Skyrim\Summermyst - Enchantments of Skyrim.esp,0x04430493,SUM_DaedricShieldVengeance06,Daedric Shield of Vengeance,plugin,Heavy,Heavy,,0.0,1600,15.0,Shield,39,ArmorMaterialDaedric; VendorItemArmor; ArmorShield,0x0006BBD4; 0x0008F959; 0x000965B2,ArmorMaterialDaedric,ArmorShield,VendorItemArmor,0x0443048F,0x0001396E,Armor\Daedric\DaedricShield.nif,
DoD,D:\Wabbajack\modlists\DoD,Diaries of Dibella - Lord's Vision,Simple Smithing Overhaul Simplified (No WACCF),2205,Simple Smithing Overhaul Simplified.esp,D:\Wabbajack\modlists\DoD\mods\Simple Smithing Overhaul Simplified (No WACCF)\Simple Smithing Overhaul Simplified.esp,0x06093F9B,DA05HircinesRingReplica,Ring of the Hunt,plugin,Clothing,Clothing,,0.0,120,0.25,Ring,36,ArmorJewelry; VendorItemDaedricArtifact; ClothingRing,0x0006BBE9; 0x000917E8; 0x0010CD09,,ClothingRing,VendorItemDaedricArtifact,,,Armor\AmuletsandRings\ringofhircineGO.nif,
DoD,D:\Wabbajack\modlists\DoD,Diaries of Dibella - Lord's Vision,Lost Grimoire SSE,2229,LostGrimoire.esp,D:\Wabbajack\modlists\DoD\mods\Lost Grimoire SSE\LostGrimoire.esp,0x050DB15B,GRIM_ARM_DremoraBerserkerCuirass,Dremora Berserker Armor,plugin,Heavy,Heavy,Heavy,0.0,0,0.0,Body; Custom Slot (48),32; 48,ArmorHeavy; ArmorMaterialDaedric; ArmorCuirass; VendorItemArmor; Survival_ArmorWarm,0x0006BBD2; 0x0006BBD4; 0x0006C0EC; 0x0008F959; 0x01002ED9,ArmorMaterialDaedric,ArmorCuirass,VendorItemArmor,,,Armor\Daedric\DaedricCuirassGO.nif,
DoD,D:\Wabbajack\modlists\DoD,Diaries of Dibella - Lord's Vision,Lost Grimoire SSE,2229,LostGrimoire.esp,D:\Wabbajack\modlists\DoD\mods\Lost Grimoire SSE\LostGrimoire.esp,0x050D603A,GRIM_ARM_DremoraSorceressCuirass,Dremora Sorceress Armor,plugin,Heavy,Heavy,Heavy,0.0,0,0.0,Body; Custom Slot (49),32; 49,ArmorHeavy; ArmorMaterialDaedric; ArmorCuirass; VendorItemArmor; Survival_ArmorWarm,0x0006BBD2; 0x0006BBD4; 0x0006C0EC; 0x0008F959; 0x01002ED9,ArmorMaterialDaedric,ArmorCuirass,VendorItemArmor,,,Armor\Daedric\DaedricCuirassGO.nif,
DoD,D:\Wabbajack\modlists\DoD,Diaries of Dibella - Lord's Vision,Apocalypse - Magic of Skyrim,2272,Apocalypse - Magic of Skyrim.esp,D:\Wabbajack\modlists\DoD\mods\Apocalypse - Magic of Skyrim\Apocalypse - Magic of Skyrim.esp,0x0300FD25,WB_ConjureDremoraHonorGuard_Gloves,Khash-Ti Dhrur's Gauntlets,plugin,Heavy,Heavy,Heavy,0.0,666,6.0,Hands,33,ArmorHeavy; ArmorMaterialDaedric; ArmorGauntlets; VendorItemArmor; PerkFistsDaedric,0x0006BBD2; 0x0006BBD4; 0x0006C0EF; 0x0008F959; 0x0002C17B,ArmorMaterialDaedric,ArmorGauntlets,VendorItemArmor,,,Armor\Daedric\DaedricGauntletsGO.nif,
DoD,D:\Wabbajack\modlists\DoD,Diaries of Dibella - Lord's Vision,Apocalypse - Magic of Skyrim,2272,Apocalypse - Magic of Skyrim.esp,D:\Wabbajack\modlists\DoD\mods\Apocalypse - Magic of Skyrim\Apocalypse - Magic of Skyrim.esp,0x0300FD26,WB_ConjureDremoraHonorGuard_Boots,Khash-Ti Dhrur's Boots,plugin,Heavy,Heavy,Heavy,0.0,666,10.0,Feet,37,ArmorHeavy; ArmorMaterialDaedric; ArmorBoots; VendorItemArmor,0x0006BBD2; 0x0006BBD4; 0x0006C0ED; 0x0008F959,ArmorMaterialDaedric,ArmorBoots,VendorItemArmor,,,Armor\Daedric\DaedricBootsGO.nif,
DoD,D:\Wabbajack\modlists\DoD,Diaries of Dibella - Lord's Vision,Apocalypse - Magic of Skyrim,2272,Apocalypse - Magic of Skyrim.esp,D:\Wabbajack\modlists\DoD\mods\Apocalypse - Magic of Skyrim\Apocalypse - Magic of Skyrim.esp,0x0301028F,WB_ConjureDremoraAssassin_Boots,Valkynaz Archer's Boots,plugin,Heavy,Heavy,Heavy,0.0,666,10.0,Feet,37,ArmorHeavy; ArmorMaterialDaedric; ArmorBoots; VendorItemArmor,0x0006BBD2; 0x0006BBD4; 0x0006C0ED; 0x0008F959,ArmorMaterialDaedric,ArmorBoots,VendorItemArmor,,,Armor\Daedric\DaedricBootsGO.nif,
DoD,D:\Wabbajack\modlists\DoD,Diaries of Dibella - Lord's Vision,Apocalypse - Magic of Skyrim,2272,Apocalypse - Magic of Skyrim.esp,D:\Wabbajack\modlists\DoD\mods\Apocalypse - Magic of Skyrim\Apocalypse - Magic of Skyrim.esp,0x0300FD23,WB_ConjureDremoraHonorGuard_Armor,Khash-Ti Dhrur's Armor,plugin,Heavy,Heavy,Heavy,0.0,666,0.0,Body; Forearms; Calves,32; 34; 38,VendorItemArmor; ArmorMaterialDaedric; ArmorCuirass; ArmorHeavy,0x0008F959; 0x0006BBD4; 0x0006C0EC; 0x0006BBD2,ArmorMaterialDaedric,ArmorCuirass,VendorItemArmor,,,Armor\Daedric\DaedricCuirassGO.nif,
DoD,D:\Wabbajack\modlists\DoD,Diaries of Dibella - Lord's Vision,Apocalypse - Magic of Skyrim,2272,Apocalypse - Magic of Skyrim.esp,D:\Wabbajack\modlists\DoD\mods\Apocalypse - Magic of Skyrim\Apocalypse - Magic of Skyrim.esp,0x030107FE,WB_ConjureDremoraChampion_Armor,Dregas Volar's Armor,plugin,Heavy,Heavy,Heavy,0.0,666,0.0,Amulet,35,VendorItemArmor; ArmorMaterialDaedric; ArmorCuirass; ArmorHeavy,0x0008F959; 0x0006BBD4; 0x0006C0EC; 0x0006BBD2,ArmorMaterialDaedric,ArmorCuirass,VendorItemArmor,,,Armor\Daedric\DaedricCuirassGO.nif,
DoD,D:\Wabbajack\modlists\DoD,Diaries of Dibella - Lord's Vision,Apocalypse - Magic of Skyrim,2272,Apocalypse - Magic of Skyrim.esp,D:\Wabbajack\modlists\DoD\mods\Apocalypse - Magic of Skyrim\Apocalypse - Magic of Skyrim.esp,0x030107FF,WB_ConjureDremoraChampion_Boots,Dregas Volar's Boots,plugin,Heavy,Heavy,Heavy,0.0,666,10.0,Feet,37,ArmorHeavy; ArmorMaterialDaedric; ArmorBoots; VendorItemArmor,0x0006BBD2; 0x0006BBD4; 0x0006C0ED; 0x0008F959,ArmorMaterialDaedric,ArmorBoots,VendorItemArmor,,,Armor\Daedric\DaedricBootsGO.nif,
DoD,D:\Wabbajack\modlists\DoD,Diaries of Dibella - Lord's Vision,Apocalypse - Magic of Skyrim,2272,Apocalypse - Magic of Skyrim.esp,D:\Wabbajack\modlists\DoD\mods\Apocalypse - Magic of Skyrim\Apocalypse - Magic of Skyrim.esp,0x03010800,WB_ConjureDremoraChampion_Gloves,Dregas Volar's Gauntlets,plugin,Heavy,Heavy,Heavy,0.0,666,6.0,Hands,33,ArmorHeavy; ArmorMaterialDaedric; ArmorGauntlets; VendorItemArmor; PerkFistsDaedric,0x0006BBD2; 0x0006BBD4; 0x0006C0EF; 0x0008F959; 0x0002C17B,ArmorMaterialDaedric,ArmorGauntlets,VendorItemArmor,,,Armor\Daedric\DaedricGauntletsGO.nif,
DoD,D:\Wabbajack\modlists\DoD,Diaries of Dibella - Lord's Vision,Apocalypse - Magic of Skyrim,2272,Apocalypse - Magic of Skyrim.esp,D:\Wabbajack\modlists\DoD\mods\Apocalypse - Magic of Skyrim\Apocalypse - Magic of Skyrim.esp,0x03010804,WB_ConjureDremoraChampion_Bones,Dregas Volar's Bones,plugin,Heavy,Heavy,Heavy,0.0,666,0.0,Ring,36,VendorItemArmor; ArmorMaterialDaedric; ArmorCuirass; ArmorHeavy,0x0008F959; 0x0006BBD4; 0x0006C0EC; 0x0006BBD2,ArmorMaterialDaedric,ArmorCuirass,VendorItemArmor,,,Armor\Daedric\DaedricCuirassGO.nif,
DoD,D:\Wabbajack\modlists\DoD,Diaries of Dibella - Lord's Vision,Apocalypse - Magic of Skyrim,2272,Apocalypse - Magic of Skyrim.esp,D:\Wabbajack\modlists\DoD\mods\Apocalypse - Magic of Skyrim\Apocalypse - Magic of Skyrim.esp,0x03010D68,WB_ConjureDremoraPitFighter_Bones,Lord Mhas' Pauldrons,plugin,Heavy,Heavy,Heavy,0.0,666,10.0,Ring,36,VendorItemArmor; ArmorMaterialDaedric; ArmorCuirass; ArmorHeavy,0x0008F959; 0x0006BBD4; 0x0006C0EC; 0x0006BBD2,ArmorMaterialDaedric,ArmorCuirass,VendorItemArmor,,,Armor\Daedric\DaedricCuirassGO.nif,
DoD,D:\Wabbajack\modlists\DoD,Diaries of Dibella - Lord's Vision,Apocalypse - Magic of Skyrim,2272,Apocalypse - Magic of Skyrim.esp,D:\Wabbajack\modlists\DoD\mods\Apocalypse - Magic of Skyrim\Apocalypse - Magic of Skyrim.esp,0x03010D6B,WB_ConjureXivilaiLord_Armor,Anaxes' Armor,plugin,Light,Light,Light,0.0,666,2.5,Amulet,35,VendorItemArmor; ArmorMaterialDaedric; ArmorCuirass; ArmorLight,0x0008F959; 0x0006BBD4; 0x0006C0EC; 0x0006BBD3,ArmorMaterialDaedric,ArmorCuirass,VendorItemArmor,,,Armor\Daedric\DaedricCuirassGO.nif,
DoD,D:\Wabbajack\modlists\DoD,Diaries of Dibella - Lord's Vision,Apocalypse - Magic of Skyrim,2272,Apocalypse - Magic of Skyrim.esp,D:\Wabbajack\modlists\DoD\mods\Apocalypse - Magic of Skyrim\Apocalypse - Magic of Skyrim.esp,0x03010D70,WB_ConjureXivilaiSorcerer_Bones,Moath's Bones,plugin,Light,Light,Light,0.0,666,2.0,Ring,36,VendorItemArmor; ArmorMaterialDaedric; ArmorCuirass; ArmorLight,0x0008F959; 0x0006BBD4; 0x0006C0EC; 0x0006BBD3,ArmorMaterialDaedric,ArmorCuirass,VendorItemArmor,,,Armor\Daedric\DaedricCuirassGO.nif,
DoD,D:\Wabbajack\modlists\DoD,Diaries of Dibella - Lord's Vision,Apocalypse - Magic of Skyrim,2272,Apocalypse - Magic of Skyrim.esp,D:\Wabbajack\modlists\DoD\mods\Apocalypse - Magic of Skyrim\Apocalypse - Magic of Skyrim.esp,0x03010D71,WB_ConjureXivilaiSorcerer_Tail,Moath's Collar,plugin,Light,Light,Light,0.0,666,1.0,Tail,40,VendorItemArmor; ArmorMaterialDaedric; ArmorCuirass; ArmorLight,0x0008F959; 0x0006BBD4; 0x0006C0EC; 0x0006BBD3,ArmorMaterialDaedric,ArmorCuirass,VendorItemArmor,,,Armor\Daedric\DaedricCuirassGO.nif,
DoD,D:\Wabbajack\modlists\DoD,Diaries of Dibella - Lord's Vision,Apocalypse - Magic of Skyrim,2272,Apocalypse - Magic of Skyrim.esp,D:\Wabbajack\modlists\DoD\mods\Apocalypse - Magic of Skyrim\Apocalypse - Magic of Skyrim.esp,0x030112EF,WB_ConjureGeneric_BodyFemale,Daedric Body,plugin,Clothing,Clothing,,0.0,0,0.0,Amulet,35,,,,,,,,Armor\Daedric\DaedricCuirassGO.nif,
DoD,D:\Wabbajack\modlists\DoD,Diaries of Dibella - Lord's Vision,Apocalypse - Magic of Skyrim,2272,Apocalypse - Magic of Skyrim.esp,D:\Wabbajack\modlists\DoD\mods\Apocalypse - Magic of Skyrim\Apocalypse - Magic of Skyrim.esp,0x030112F9,WB_ConjureDremoraChurl_Bones,Churl's Torc,plugin,Light,Light,Light,0.0,0,1.0,Ring,36,VendorItemArmor; ArmorMaterialDaedric; ArmorCuirass; ArmorLight,0x0008F959; 0x0006BBD4; 0x0006C0EC; 0x0006BBD3,ArmorMaterialDaedric,ArmorCuirass,VendorItemArmor,,,Armor\Daedric\DaedricCuirassGO.nif,
DoD,D:\Wabbajack\modlists\DoD,Diaries of Dibella - Lord's Vision,Apocalypse - Magic of Skyrim,2272,Apocalypse - Magic of Skyrim.esp,D:\Wabbajack\modlists\DoD\mods\Apocalypse - Magic of Skyrim\Apocalypse - Magic of Skyrim.esp,0x030112FF,WB_ConjureLich_Actor,Lich's Armor,plugin,Heavy,Heavy,Heavy,0.0,200,0.0,Body,32,VendorItemArmor; ArmorMaterialDaedric; ArmorCuirass; ArmorHeavy,0x0008F959; 0x0006BBD4; 0x0006C0EC; 0x0006BBD2,ArmorMaterialDaedric,ArmorCuirass,VendorItemArmor,,,Armor\Daedric\DaedricCuirassGO.nif,
DoD,D:\Wabbajack\modlists\DoD,Diaries of Dibella - Lord's Vision,Apocalypse - Magic of Skyrim,2272,Apocalypse - Magic of Skyrim.esp,D:\Wabbajack\modlists\DoD\mods\Apocalypse - Magic of Skyrim\Apocalypse - Magic of Skyrim.esp,0x0301186A,WB_ConjureNetherLich_Actor,Nether Lich's Armor,plugin,Heavy,Clothing,Heavy,0.0,200,0.0,Body,32,VendorItemArmor; ArmorMaterialDaedric; ArmorCuirass; ArmorHeavy,0x0008F959; 0x0006BBD4; 0x0006C0EC; 0x0006BBD2,ArmorMaterialDaedric,ArmorCuirass,VendorItemArmor,,,Armor\Daedric\DaedricCuirassGO.nif,
DoD,D:\Wabbajack\modlists\DoD,Diaries of Dibella - Lord's Vision,Apocalypse - Magic of Skyrim,2272,Apocalypse - Magic of Skyrim.esp,D:\Wabbajack\modlists\DoD\mods\Apocalypse - Magic of Skyrim\Apocalypse - Magic of Skyrim.esp,0x03011871,WB_ConjureHerne_Bones,Herne's Bones,plugin,Heavy,Heavy,Heavy,0.0,666,0.0,Amulet,35,VendorItemArmor; ArmorMaterialDaedric; ArmorCuirass; ArmorHeavy,0x0008F959; 0x0006BBD4; 0x0006C0EC; 0x0006BBD2,ArmorMaterialDaedric,ArmorCuirass,VendorItemArmor,,,Armor\Daedric\DaedricCuirassGO.nif,
DoD,D:\Wabbajack\modlists\DoD,Diaries of Dibella - Lord's Vision,Apocalypse - Magic of Skyrim,2272,Apocalypse - Magic of Skyrim.esp,D:\Wabbajack\modlists\DoD\mods\Apocalypse - Magic of Skyrim\Apocalypse - Magic of Skyrim.esp,0x0300F7AF,WB_ConjureDremoraPitFighter_Boots,Lord Mhas' Boots,plugin,Heavy,Heavy,Heavy,0.0,666,10.0,Feet,37,ArmorHeavy; ArmorMaterialDaedric; ArmorBoots; VendorItemArmor,0x0006BBD2; 0x0006BBD4; 0x0006C0ED; 0x0008F959,ArmorMaterialDaedric,ArmorBoots,VendorItemArmor,,,Armor\Daedric\DaedricBootsGO.nif,
DoD,D:\Wabbajack\modlists\DoD,Diaries of Dibella - Lord's Vision,Apocalypse - Magic of Skyrim,2272,Apocalypse - Magic of Skyrim.esp,D:\Wabbajack\modlists\DoD\mods\Apocalypse - Magic of Skyrim\Apocalypse - Magic of Skyrim.esp,0x0314000A,WB_ConjureDremoraAssassin_Armor,Valkynaz' Armor,plugin,Heavy,Heavy,Heavy,0.0,666,15.0,Amulet,35,ArmorHeavy; ArmorMaterialDaedric; ArmorCuirass; VendorItemArmor,0x0006BBD2; 0x0006BBD4; 0x0006C0EC; 0x0008F959,ArmorMaterialDaedric,ArmorCuirass,VendorItemArmor,,,Armor\Daedric\DaedricCuirassGO.nif,
DoD,D:\Wabbajack\modlists\DoD,Diaries of Dibella - Lord's Vision,Apocalypse - Magic of Skyrim,2272,Apocalypse - Magic of Skyrim.esp,D:\Wabbajack\modlists\DoD\mods\Apocalypse - Magic of Skyrim\Apocalypse - Magic of Skyrim.esp,0x03140014,WB_ConjureXivilaiSorcerer_Armor,Moath's Armor,plugin,Light,Light,Light,0.0,666,5.0,Amulet,35,VendorItemArmor; ArmorMaterialDaedric; ArmorCuirass; ArmorLight,0x0008F959; 0x0006BBD4; 0x0006C0EC; 0x0006BBD3,ArmorMaterialDaedric,ArmorCuirass,VendorItemArmor,,,Armor\Daedric\DaedricCuirassGO.nif,
DoD,D:\Wabbajack\modlists\DoD,Diaries of Dibella - Lord's Vision,Apocalypse - Magic of Skyrim,2272,Apocalypse - Magic of Skyrim.esp,D:\Wabbajack\modlists\DoD\mods\Apocalypse - Magic of Skyrim\Apocalypse - Magic of Skyrim.esp,0x0300F7AC,WB_ConjureGeneric_Body,Daedric Body,plugin,Clothing,Clothing,,0.0,0,0.0,Body; Forearms; Calves,32; 34; 38,,,,,,,,Armor\Daedric\DaedricCuirassGO.nif,
DoD,D:\Wabbajack\modlists\DoD,Diaries of Dibella - Lord's Vision,Apocalypse - Magic of Skyrim,2272,Apocalypse - Magic of Skyrim.esp,D:\Wabbajack\modlists\DoD\mods\Apocalypse - Magic of Skyrim\Apocalypse - Magic of Skyrim.esp,0x0300F236,WB_ConjureDremoraPitFighter_Armor,Lord Mhas' Armor,plugin,Heavy,Heavy,Heavy,0.0,666,10.0,Amulet,35,VendorItemArmor; ArmorMaterialDaedric; ArmorCuirass; ArmorHeavy,0x0008F959; 0x0006BBD4; 0x0006C0EC; 0x0006BBD2,ArmorMaterialDaedric,ArmorCuirass,VendorItemArmor,,,Armor\Daedric\DaedricCuirassGO.nif,
DoD,D:\Wabbajack\modlists\DoD,Diaries of Dibella - Lord's Vision,Apocalypse - Magic of Skyrim,2272,Apocalypse - Magic of Skyrim.esp,D:\Wabbajack\modlists\DoD\mods\Apocalypse - Magic of Skyrim\Apocalypse - Magic of Skyrim.esp,0x0314000C,WB_ConjureDremoraAssassin_Gloves,Valkynaz' Gloves,plugin,Heavy,Heavy,Heavy,0.0,666,5.0,Hands,33,ArmorHeavy; ArmorMaterialDaedric; ArmorGauntlets; VendorItemArmor; PerkFistsDaedric,0x0006BBD2; 0x0006BBD4; 0x0006C0EF; 0x0008F959; 0x0002C17B,ArmorMaterialDaedric,ArmorGauntlets,VendorItemArmor,,,Armor\Daedric\DaedricGauntletsGO.nif,
DoD,D:\Wabbajack\modlists\DoD,Diaries of Dibella - Lord's Vision,Apocalypse - Magic of Skyrim,2272,Apocalypse - Magic of Skyrim.esp,D:\Wabbajack\modlists\DoD\mods\Apocalypse - Magic of Skyrim\Apocalypse - Magic of Skyrim.esp,0x0300F7AE,WB_ConjureDremoraPitFighter_Gloves,Lord Mhas' Gauntlets,plugin,Heavy,Heavy,Heavy,0.0,666,10.0,Hands,33,ArmorHeavy; ArmorMaterialDaedric; ArmorGauntlets; VendorItemArmor; PerkFistsDaedric,0x0006BBD2; 0x0006BBD4; 0x0006C0EF; 0x0008F959; 0x0002C17B,ArmorMaterialDaedric,ArmorGauntlets,VendorItemArmor,,,Armor\Daedric\DaedricGauntletsGO.nif,
DoD,D:\Wabbajack\modlists\DoD,Diaries of Dibella - Lord's Vision,SALSa - Skill-Access Locking by Synergy,2294,SALSa.esp,D:\Wabbajack\modlists\DoD\mods\SALSa - Skill-Access Locking by Synergy\SALSa.esp,0x0001396E,ArmorDaedricShield,Daedric Shield,plugin,Heavy,Heavy,,0.0,1600,15.0,Shield,39,VendorItemArmor; ArmorShield; ArmorMaterialDaedric,0x0008F959; 0x000965B2; 0x0006BBD4,ArmorMaterialDaedric,ArmorShield,VendorItemArmor,,,Armor\Daedric\DaedricShield.nif,
DoD,D:\Wabbajack\modlists\DoD,Diaries of Dibella - Lord's Vision,SALSa - Skill-Access Locking by Synergy,2294,SALSa.esp,D:\Wabbajack\modlists\DoD\mods\SALSa - Skill-Access Locking by Synergy\SALSa.esp,0x000F1ABD,DremoraDaedricBoots,Daedric Boots,plugin,Heavy,Heavy,Heavy,0.0,125,9.0,Feet,37,ArmorHeavy; ArmorMaterialDaedric; ArmorBoots; VendorItemArmor; MagicDisallowEnchanting; VendorNoSale,0x0006BBD2; 0x0006BBD4; 0x0006C0ED; 0x0008F959; 0x000C27BD; 0x000FF9FB,ArmorMaterialDaedric,ArmorBoots,VendorItemArmor,,,Armor\Daedric\DaedricBootsGO.nif,
DoD,D:\Wabbajack\modlists\DoD,Diaries of Dibella - Lord's Vision,SALSa - Skill-Access Locking by Synergy,2294,SALSa.esp,D:\Wabbajack\modlists\DoD\mods\SALSa - Skill-Access Locking by Synergy\SALSa.esp,0x000F1ABE,DremoraDaedricCuirass,Daedric Armor,plugin,Heavy,Heavy,Heavy,0.0,640,38.0,Body,32,ArmorHeavy; ArmorMaterialDaedric; ArmorCuirass; VendorItemArmor; MagicDisallowEnchanting; VendorNoSale,0x0006BBD2; 0x0006BBD4; 0x0006C0EC; 0x0008F959; 0x000C27BD; 0x000FF9FB,ArmorMaterialDaedric,ArmorCuirass,VendorItemArmor,,,Armor\Daedric\DaedricCuirassGO.nif,
DoD,D:\Wabbajack\modlists\DoD,Diaries of Dibella - Lord's Vision,SALSa - Skill-Access Locking by Synergy,2294,SALSa.esp,D:\Wabbajack\modlists\DoD\mods\SALSa - Skill-Access Locking by Synergy\SALSa.esp,0x000F1AC0,DremoraDaedricGauntlets,Daedric Gauntlets,plugin,Heavy,Heavy,Heavy,0.0,125,9.0,Hands,33,PerkFistsDaedric; ArmorHeavy; ArmorMaterialDaedric; ArmorGauntlets; VendorItemArmor; MagicDisallowEnchanting; VendorNoSale,0x0002C17B; 0x0006BBD2; 0x0006BBD4; 0x0006C0EF; 0x0008F959; 0x000C27BD; 0x000FF9FB,ArmorMaterialDaedric,ArmorGauntlets,VendorItemArmor,,,Armor\Daedric\DaedricGauntletsGO.nif,
DoD,D:\Wabbajack\modlists\DoD,Diaries of Dibella - Lord's Vision,SALSa - Skill-Access Locking by Synergy,2294,SALSa.esp,D:\Wabbajack\modlists\DoD\mods\SALSa - Skill-Access Locking by Synergy\SALSa.esp,0x0010F75F,DremoraDaedricHelmet,Daedric Helmet,plugin,Heavy,Heavy,Heavy,0.0,1600,15.0,Head; Hair; Circlet; Ears,30; 31; 42; 43,ArmorHeavy; ArmorMaterialDaedric; ArmorHelmet; VendorItemArmor; MagicDisallowEnchanting; VendorNoSale,0x0006BBD2; 0x0006BBD4; 0x0006C0EE; 0x0008F959; 0x000C27BD; 0x000FF9FB,ArmorMaterialDaedric,ArmorHelmet,VendorItemArmor,,,Armor\Daedric\DaedricHelmetGO.nif,
DoD,D:\Wabbajack\modlists\DoD,Diaries of Dibella - Lord's Vision,SALSa - Skill-Access Locking by Synergy,2294,SALSa.esp,D:\Wabbajack\modlists\DoD\mods\SALSa - Skill-Access Locking by Synergy\SALSa.esp,0x0200284D,DLC1ArmorAurielsShield,Auriel's Shield,plugin,Heavy,Heavy,,0.0,750,14.0,Shield,39,DaedricArtifact; MagicDisallowEnchanting; VendorItemDaedricArtifact; ArmorShield; ArmorMaterialMoonstone,0x000A8668; 0x000C27BD; 0x000917E8; 0x000965B2; 0x0006BBD9,ArmorMaterialMoonstone,ArmorShield,VendorItemDaedricArtifact,0x0200488B,,DLC01\Armor\Auriel\aurielsshield.nif,
DoD,D:\Wabbajack\modlists\DoD,Diaries of Dibella - Lord's Vision,Synergy - Skills and Perks Reimagined,2296,Synergy.esp,D:\Wabbajack\modlists\DoD\mods\Synergy - Skills and Perks Reimagined\Synergy.esp,0x0200284D,DLC1ArmorAurielsShield,Auriel's Shield,plugin,Heavy,Heavy,,0.0,750,14.0,Shield,39,DaedricArtifact; MagicDisallowEnchanting; VendorItemDaedricArtifact; ArmorShield; ShieldMaterialMoonstone,0x000A8668; 0x000C27BD; 0x000917E8; 0x000965B2; 0x050B1BC6,ShieldMaterialMoonstone,ArmorShield,VendorItemDaedricArtifact,0x0200488B,,DLC01\Armor\Auriel\aurielsshield.nif,
DoD,D:\Wabbajack\modlists\DoD,Diaries of Dibella - Lord's Vision,Synergy - Skills and Perks Reimagined,2296,Synergy.esp,D:\Wabbajack\modlists\DoD\mods\Synergy - Skills and Perks Reimagined\Synergy.esp,0x000F1ABD,DremoraDaedricBoots,Cursed Daedric Boots,plugin,Heavy,Heavy,Heavy,0.0,125,9.0,Feet,37,ArmorHeavy; ArmorMaterialDaedric; ArmorBoots; MagicDisallowEnchanting; VendorNoSale,0x0006BBD2; 0x0006BBD4; 0x0006C0ED; 0x000C27BD; 0x000FF9FB,ArmorMaterialDaedric,ArmorBoots,,0x0545AA17,,Armor\Daedric\DaedricBootsGO.nif,
DoD,D:\Wabbajack\modlists\DoD,Diaries of Dibella - Lord's Vision,Synergy - Skills and Perks Reimagined,2296,Synergy.esp,D:\Wabbajack\modlists\DoD\mods\Synergy - Skills and Perks Reimagined\Synergy.esp,0x000F1ABE,DremoraDaedricCuirass,Cursed Daedric Armor,plugin,Heavy,Heavy,Heavy,0.0,640,38.0,Body,32,ArmorHeavy; ArmorMaterialDaedric; ArmorCuirass; MagicDisallowEnchanting; VendorNoSale,0x0006BBD2; 0x0006BBD4; 0x0006C0EC; 0x000C27BD; 0x000FF9FB,ArmorMaterialDaedric,ArmorCuirass,,0x0545AA17,,Armor\Daedric\DaedricCuirassGO.nif,
DoD,D:\Wabbajack\modlists\DoD,Diaries of Dibella - Lord's Vision,Synergy - Skills and Perks Reimagined,2296,Synergy.esp,D:\Wabbajack\modlists\DoD\mods\Synergy - Skills and Perks Reimagined\Synergy.esp,0x000F1AC0,DremoraDaedricGauntlets,Cursed Daedric Gauntlets,plugin,Heavy,Heavy,Heavy,0.0,125,9.0,Hands,33,ArmorHeavy; ArmorMaterialDaedric; ArmorGauntlets; PerkFistsDaedric; VendorNoSale; MagicDisallowEnchanting,0x0006BBD2; 0x0006BBD4; 0x0006C0EF; 0x0002C17B; 0x000FF9FB; 0x000C27BD,ArmorMaterialDaedric,ArmorGauntlets,,0x0545AA17,,Armor\Daedric\DaedricGauntletsGO.nif,
DoD,D:\Wabbajack\modlists\DoD,Diaries of Dibella - Lord's Vision,Synergy - Skills and Perks Reimagined,2296,Synergy.esp,D:\Wabbajack\modlists\DoD\mods\Synergy - Skills and Perks Reimagined\Synergy.esp,0x0010F75F,DremoraDaedricHelmet,Cursed Daedric Helmet,plugin,Heavy,Heavy,Heavy,0.0,1600,15.0,Head; Hair; Circlet; Ears,30; 31; 42; 43,ArmorHeavy; ArmorMaterialDaedric; ArmorHelmet; VendorNoSale; MagicDisallowEnchanting,0x0006BBD2; 0x0006BBD4; 0x0006C0EE; 0x000FF9FB; 0x000C27BD,ArmorMaterialDaedric,ArmorHelmet,,0x0545AA17,,Armor\Daedric\DaedricHelmetGO.nif,
DoD,D:\Wabbajack\modlists\DoD,Diaries of Dibella - Lord's Vision,Synergy - Skills and Perks Reimagined,2296,Synergy.esp,D:\Wabbajack\modlists\DoD\mods\Synergy - Skills and Perks Reimagined\Synergy.esp,0x0001396E,ArmorDaedricShield,Daedric Shield,plugin,Heavy,Heavy,,0.0,1600,15.0,Shield,39,ShieldMaterialDaedric; VendorItemArmor; ArmorShield,0x050B1BC1; 0x0008F959; 0x000965B2,ShieldMaterialDaedric,ArmorShield,VendorItemArmor,,,Armor\Daedric\DaedricShield.nif,
DoD,D:\Wabbajack\modlists\DoD,Diaries of Dibella - Lord's Vision,Interesting NPCs - 4.5 to 4.54 Update,2303,3DNPC.esp,D:\Wabbajack\modlists\DoD\mods\Interesting NPCs - 4.5 to 4.54 Update\3DNPC.esp,0x0516A25B,ArmorDaedricGauntletsGriffith,Griffith's Daedric Gauntlets,plugin,Heavy,Heavy,Heavy,0.0,625,6.0,Hands,33,ArmorHeavy; ArmorMaterialDaedric; ArmorGauntlets; VendorItemArmor; PerkFistsDaedric,0x0006BBD2; 0x0006BBD4; 0x0006C0EF; 0x0008F959; 0x0002C17B,ArmorMaterialDaedric,ArmorGauntlets,VendorItemArmor,,,Armor\Daedric\DaedricGauntletsGO.nif,
DoD,D:\Wabbajack\modlists\DoD,Diaries of Dibella - Lord's Vision,Interesting NPCs SE (3DNPC),2304,3DNPC.esp,D:\Wabbajack\modlists\DoD\mods\Interesting NPCs SE (3DNPC)\3DNPC.esp,0x0516A25B,ArmorDaedricGauntletsGriffith,Griffith's Daedric Gauntlets,plugin,Heavy,Heavy,Heavy,0.0,625,6.0,Hands,33,ArmorHeavy; ArmorMaterialDaedric; ArmorGauntlets; VendorItemArmor; PerkFistsDaedric,0x0006BBD2; 0x0006BBD4; 0x0006C0EF; 0x0008F959; 0x0002C17B,ArmorMaterialDaedric,ArmorGauntlets,VendorItemArmor,,,Armor\Daedric\DaedricGauntletsGO.nif,
DoD,D:\Wabbajack\modlists\DoD,Diaries of Dibella - Lord's Vision,Legacy of the Dragonborn - Creation Club Patch Hub,3022,DBM_CC_AADaedricMailHOWPatch.esp,D:\Wabbajack\modlists\DoD\mods\Legacy of the Dragonborn - Creation Club Patch Hub\DBM_CC_AADaedricMailHOWPatch.esp,0x05000823,ccBGSSSE051_Ring,Ring of Masser,plugin,Clothing,Clothing,,0.0,3000,0.25,Ring,36,ArmorJewelry; VendorItemJewelry; JewelryExpensive; MagicDisallowEnchanting; ClothingRing,0x0006BBE9; 0x0008F95A; 0x000A8664; 0x000C27BD; 0x0010CD09,,ClothingRing,VendorItemJewelry,0x05000848,,dbm_cc\armor\DaedricMail\RingOfMasserGO.nif,
DoD,D:\Wabbajack\modlists\DoD,Diaries of Dibella - Lord's Vision,Legacy of the Dragonborn - Creation Club Patch Hub,3022,DBM_CC_AADaedricMailHOWPatch.esp,D:\Wabbajack\modlists\DoD\mods\Legacy of the Dragonborn - Creation Club Patch Hub\DBM_CC_AADaedricMailHOWPatch.esp,0x08000805,ccBGSSSE051_RingREPLICA,Ring of Masser (Replica),plugin,Clothing,Clothing,,0.0,300,0.25,Ring,36,ArmorJewelry; VendorItemJewelry; JewelryExpensive; ClothingRing,0x0006BBE9; 0x0008F95A; 0x000A8664; 0x0010CD09,,ClothingRing,VendorItemJewelry,,,dbm_cc\armor\DaedricMail\RingOfMasserGO.nif,
DoD,D:\Wabbajack\modlists\DoD,Diaries of Dibella - Lord's Vision,Legacy of the Dragonborn - Creation Club Patch Hub,3022,DBM_CC_FishingHOWPatch.esp,D:\Wabbajack\modlists\DoD\mods\Legacy of the Dragonborn - Creation Club Patch Hub\DBM_CC_FishingHOWPatch.esp,0x07125B0F,DBM_PrvtIRingKhajit,Ring of Khajiit (CC Replaced),plugin,Clothing,Clothing,,0.0,900,0.25,Ring,36,ArmorJewelry; VendorItemDaedricArtifact; MagicDisallowEnchanting; ClothingRing,0x0006BBE9; 0x000917E8; 0x000C27BD; 0x0010CD09,,ClothingRing,VendorItemDaedricArtifact,0x07125B14,,Armor\amuletsandrings\ringofkhajitgo.nif,
DoD,D:\Wabbajack\modlists\DoD,Diaries of Dibella - Lord's Vision,Legacy of the Dragonborn - Creation Club Patch Hub,3022,DBM_CC_GallowsHallPatch.esp,D:\Wabbajack\modlists\DoD\mods\Legacy of the Dragonborn - Creation Club Patch Hub\DBM_CC_GallowsHallPatch.esp,0x07126585,DBM_PrvtIBearclawHelmet,Helm of Oreyn Bearclaw (CC Replaced),plugin,Heavy,Heavy,Heavy,0.0,2500,15.0,Hair; Circlet,31; 42,ArmorHeavy; ArmorMaterialDaedric; ArmorHelmet; VendorItemArmor; MagicDisallowEnchanting,0x0006BBD2; 0x0006BBD4; 0x0006C0EE; 0x0008F959; 0x000C27BD,ArmorMaterialDaedric,ArmorHelmet,VendorItemArmor,0x07126594,,PrvtI\Bearclaw\BearclawHelmetGo.nif,
DoD,D:\Wabbajack\modlists\DoD,Diaries of Dibella - Lord's Vision,Legacy of the Dragonborn - Creation Club Patch Hub,3022,DBM_CC_GrayCowlReturnsPatchMGTGCoNPatch.esp,D:\Wabbajack\modlists\DoD\mods\Legacy of the Dragonborn - Creation Club Patch Hub\DBM_CC_GrayCowlReturnsPatchMGTGCoNPatch.esp,0x06017AE5,manny_GF_Armor_GrayCowl,Gray Cowl of Nocturnal (CC Replaced),plugin,Light,Light,Light,0.0,0,0.5,Hair; Circlet; Ears,31; 42; 43,ArmorLight; ArmorMaterialHide; ArmorHelmet; VendorItemDaedricArtifact; DaedricArtifact; MagicDisallowEnchanting,0x0006BBD3; 0x0006BBDD; 0x0006C0EE; 0x000917E8; 0x000A8668; 0x000C27BD,ArmorMaterialHide,ArmorHelmet,VendorItemDaedricArtifact,0x06020119,,CreationClub\BGSSSE020\Armor\GrayCowl\GreyCowl_GND.nif,
DoD,D:\Wabbajack\modlists\DoD,Diaries of Dibella - Lord's Vision,Legacy of the Dragonborn - Creation Club Patch Hub,3022,DBM_CC_TheContestPatch.esp,D:\Wabbajack\modlists\DoD\mods\Legacy of the Dragonborn - Creation Club Patch Hub\DBM_CC_TheContestPatch.esp,0x071253BC,DBM_FistsofRandagulf,Fists of Randagulf (CC Replaced),plugin,Heavy,Heavy,Heavy,0.0,6250,6.0,Hands,33,PerkFistsDaedric; ArmorHeavy; ArmorMaterialDaedric; ArmorGauntlets; VendorItemArmor; MagicDisallowEnchanting,0x0002C17B; 0x0006BBD2; 0x0006BBD4; 0x0006C0EF; 0x0008F959; 0x000C27BD,ArmorMaterialDaedric,ArmorGauntlets,VendorItemArmor,0x071253B6,,CreationClub\BGSSSE069\Armor\FistsOfRandagulf\FistsOfRandagulfGO.nif,
DoD,D:\Wabbajack\modlists\DoD,Diaries of Dibella - Lord's Vision,Legacy of the Dragonborn SSE,3024,LegacyoftheDragonborn.esm,D:\Wabbajack\modlists\DoD\mods\Legacy of the Dragonborn SSE\LegacyoftheDragonborn.esm,0x000D2846,ClavicusVileMask,Masque of Clavicus Vile,plugin,Heavy,Heavy,Heavy,0.0,150,7.0,Head; Hair; Circlet; Ears,30; 31; 42; 43,ArmorHeavy; MagicDisallowEnchanting; ArmorHelmet; VendorItemArmor; DaedricArtifact; VendorItemDaedricArtifact; ArmorMaterialDaedric,0x0006BBD2; 0x000C27BD; 0x0006C0EE; 0x0008F959; 0x000A8668; 0x000917E8; 0x0006BBD4,ArmorMaterialDaedric,ArmorHelmet,VendorItemArmor; VendorItemDaedricArtifact,0x0010660A,,Clothes\ClavicusVileMask\ClavicusVileMaskGND.nif,Clothes\ClavicusVileMask\ClavicusVileMaskGND.nif
DoD,D:\Wabbajack\modlists\DoD,Diaries of Dibella - Lord's Vision,Legacy of the Dragonborn SSE,3024,LegacyoftheDragonborn.esm,D:\Wabbajack\modlists\DoD\mods\Legacy of the Dragonborn SSE\LegacyoftheDragonborn.esm,0x0602BECF,DBMlegionshieldnonplay2knightMIHAIL,Wraith Knight Shield,plugin,Heavy,Heavy,,0.0,1600,53.0,Shield,39,ArmorMaterialDaedric; VendorItemArmor; ArmorShield,0x0006BBD4; 0x0008F959; 0x000965B2,ArmorMaterialDaedric,ArmorShield,VendorItemArmor,,,Armor\Daedric\DaedricShield.nif,
DoD,D:\Wabbajack\modlists\DoD,Diaries of Dibella - Lord's Vision,Legacy of the Dragonborn SSE,3024,LegacyoftheDragonborn.esm,D:\Wabbajack\modlists\DoD\mods\Legacy of the Dragonborn SSE\LegacyoftheDragonborn.esm,0x0606015E,DBM_AncientDaedrichelm3,Ancient Daedric Face of God,plugin,Heavy,Heavy,Heavy,0.0,1600,15.0,Head; Hair; Circlet; Ears,30; 31; 42; 43,ArmorHeavy; ArmorMaterialDaedric; ArmorHelmet; VendorItemArmor; Survival_ArmorWarm,0x0006BBD2; 0x0006BBD4; 0x0006C0EE; 0x0008F959; 0x01002ED9,ArmorMaterialDaedric,ArmorHelmet,VendorItemArmor,,,kanjs\daedricgodmask\daedrichelmet_go.nif,
DoD,D:\Wabbajack\modlists\DoD,Diaries of Dibella - Lord's Vision,Legacy of the Dragonborn SSE,3024,LegacyoftheDragonborn.esm,D:\Wabbajack\modlists\DoD\mods\Legacy of the Dragonborn SSE\LegacyoftheDragonborn.esm,0x06060161,DBM_AncientDaedrichelm3REPLICA,Ancient Daedric Face of God (replica),plugin,Heavy,Heavy,Heavy,0.0,1600,15.0,Head; Hair; Circlet; Ears,30; 31; 42; 43,ArmorHeavy; ArmorMaterialDaedric; ArmorHelmet; VendorItemArmor; Survival_ArmorWarm,0x0006BBD2; 0x0006BBD4; 0x0006C0EE; 0x0008F959; 0x01002ED9,ArmorMaterialDaedric,ArmorHelmet,VendorItemArmor,,,kanjs\daedricgodmask\daedrichelmet_go.nif,
DoD,D:\Wabbajack\modlists\DoD,Diaries of Dibella - Lord's Vision,Legacy of the Dragonborn SSE,3024,LegacyoftheDragonborn.esm,D:\Wabbajack\modlists\DoD\mods\Legacy of the Dragonborn SSE\LegacyoftheDragonborn.esm,0x060628CE,DBM_VisageTiberHelmLight,Helm of Tiber Septim,plugin,Light,Light,Light,0.0,850,3.0,Head; Hair; Circlet; Ears,30; 31; 42; 43,ArmorLight; ArmorMaterialDaedric; ArmorHelmet; VendorItemArmor; Survival_ArmorWarm,0x0006BBD3; 0x0006BBD4; 0x0006C0EE; 0x0008F959; 0x01002ED9,ArmorMaterialDaedric,ArmorHelmet,VendorItemArmor,,,armor\DBM_Armor\Lighthelmet_go.nif,armor\DBM_Armor\Lighthelmet_go.nif
DoD,D:\Wabbajack\modlists\DoD,Diaries of Dibella - Lord's Vision,Legacy of the Dragonborn SSE,3024,LegacyoftheDragonborn.esm,D:\Wabbajack\modlists\DoD\mods\Legacy of the Dragonborn SSE\LegacyoftheDragonborn.esm,0x06080102,DBM_HelmBarhnul,Barhnul,plugin,Heavy,Heavy,Heavy,0.0,320,4.0,Hair; Circlet,31; 42,ArmorHeavy; ArmorMaterialDaedric; ArmorHelmet; VendorItemArmor; MagicDisallowEnchanting,0x0006BBD2; 0x0006BBD4; 0x0006C0EE; 0x0008F959; 0x000C27BD,ArmorMaterialDaedric,ArmorHelmet,VendorItemArmor,0x000FC05D,,armor\Ghosu - Skull\SkeletonGND.nif,armor\Ghosu - Skull\SkeletonGND.nif
DoD,D:\Wabbajack\modlists\DoD,Diaries of Dibella - Lord's Vision,Legacy of the Dragonborn SSE,3024,LegacyoftheDragonborn.esm,D:\Wabbajack\modlists\DoD\mods\Legacy of the Dragonborn SSE\LegacyoftheDragonborn.esm,0x06080103,DBM_ArmorRunningMansFolly,Running Man's Folly,plugin,Heavy,Heavy,Heavy,0.0,25,5.0,Feet,37,ArmorHeavy; ArmorMaterialDaedric; ArmorBoots; VendorItemArmor,0x0006BBD2; 0x0006BBD4; 0x0006C0ED; 0x0008F959,ArmorMaterialDaedric,ArmorBoots,VendorItemArmor,0x000AD44C,,armor\RunningMansFolly\RunningManGND.nif,
DoD,D:\Wabbajack\modlists\DoD,Diaries of Dibella - Lord's Vision,Legacy of the Dragonborn SSE,3024,LegacyoftheDragonborn.esm,D:\Wabbajack\modlists\DoD\mods\Legacy of the Dragonborn SSE\LegacyoftheDragonborn.esm,0x061236C7,DA02ArmorWWW2,ghostly form,plugin,Heavy,Heavy,Heavy,0.0,0,28.0,Body,32,ArmorHeavy; ArmorMaterialEbony; ArmorCuirass; VendorItemDaedricArtifact; DaedricArtifact; MagicDisallowEnchanting,0x0006BBD2; 0x0006BBD8; 0x0006C0EC; 0x000917E8; 0x000A8668; 0x000C27BD,ArmorMaterialEbony,ArmorCuirass,VendorItemDaedricArtifact,0x061236C5,,Armor\EbonyMail\CuirassGND.nif,
DoD,D:\Wabbajack\modlists\DoD,Diaries of Dibella - Lord's Vision,Legacy of the Dragonborn SSE,3024,LegacyoftheDragonborn.esm,D:\Wabbajack\modlists\DoD\mods\Legacy of the Dragonborn SSE\LegacyoftheDragonborn.esm,0x061253BC,DBM_FistsofRandagulf,Fists of Randagulf,plugin,Heavy,Heavy,Heavy,0.0,6250,6.0,Hands,33,PerkFistsDaedric; ArmorHeavy; ArmorMaterialDaedric; ArmorGauntlets; VendorItemArmor; MagicDisallowEnchanting,0x0002C17B; 0x0006BBD2; 0x0006BBD4; 0x0006C0EF; 0x0008F959; 0x000C27BD,ArmorMaterialDaedric,ArmorGauntlets,VendorItemArmor,0x061253B6,,Armor\joo\medieval\paladin\paladingauntlets_go.nif,
DoD,D:\Wabbajack\modlists\DoD,Diaries of Dibella - Lord's Vision,Legacy of the Dragonborn SSE,3024,LegacyoftheDragonborn.esm,D:\Wabbajack\modlists\DoD\mods\Legacy of the Dragonborn SSE\LegacyoftheDragonborn.esm,0x06125B0F,DBM_PrvtIRingKhajit,Ring of Khajiit,plugin,Clothing,Clothing,,0.0,900,0.25,Ring,36,ArmorJewelry; VendorItemDaedricArtifact; MagicDisallowEnchanting; ClothingRing; DaedricArtifact,0x0006BBE9; 0x000917E8; 0x000C27BD; 0x0010CD09; 0x000A8668,,ClothingRing,VendorItemDaedricArtifact,0x06125B14,,armor\amuletsandrings\ringofkhajitgo.nif,
DoD,D:\Wabbajack\modlists\DoD,Diaries of Dibella - Lord's Vision,Legacy of the Dragonborn SSE,3024,LegacyoftheDragonborn.esm,D:\Wabbajack\modlists\DoD\mods\Legacy of the Dragonborn SSE\LegacyoftheDragonborn.esm,0x06126585,DBM_PrvtIBearclawHelmet,Helm of Oreyn Bearclaw,plugin,Heavy,Heavy,Heavy,0.0,2500,15.0,Hair; Circlet,31; 42,ArmorHeavy; ArmorMaterialDaedric; ArmorHelmet; VendorItemArmor; MagicDisallowEnchanting,0x0006BBD2; 0x0006BBD4; 0x0006C0EE; 0x0008F959; 0x000C27BD,ArmorMaterialDaedric,ArmorHelmet,VendorItemArmor,0x06126594,,PrvtI\Bearclaw\BearclawHelmetGo.nif,
DoD,D:\Wabbajack\modlists\DoD,Diaries of Dibella - Lord's Vision,Legacy of the Dragonborn SSE,3024,LegacyoftheDragonborn.esm,D:\Wabbajack\modlists\DoD\mods\Legacy of the Dragonborn SSE\LegacyoftheDragonborn.esm,0x0613D8C3,DBM_HaldrinMask,Haldriin,plugin,Heavy,Heavy,Heavy,0.0,500,9.0,Head; Circlet,30; 42,ArmorHeavy; ArmorMaterialDaedric; ArmorHelmet; VendorItemArmor; MagicDisallowEnchanting,0x0006BBD2; 0x0006BBD4; 0x0006C0EE; 0x0008F959; 0x000C27BD,ArmorMaterialDaedric,ArmorHelmet,VendorItemArmor,0x0613D8D8,,dlc02\armor\acolytemasks\haldriinGND.nif,dlc02\armor\acolytemasks\haldriinGND.nif
DoD,D:\Wabbajack\modlists\DoD,Diaries of Dibella - Lord's Vision,Legacy of the Dragonborn SSE,3024,LegacyoftheDragonborn.esm,D:\Wabbajack\modlists\DoD\mods\Legacy of the Dragonborn SSE\LegacyoftheDragonborn.esm,0x061972C2,DLC2MKMiraakMaskREPLICA,Miraak (replica),plugin,Light,Light,Light,0.0,100,9.0,Head; Circlet,30; 42,ArmorLight; ArmorMaterialDaedric; ArmorHelmet; VendorItemArmor; MagicDisallowEnchanting,0x0006BBD3; 0x0006BBD4; 0x0006C0EE; 0x0008F959; 0x000C27BD,ArmorMaterialDaedric,ArmorHelmet,VendorItemArmor,,,DLC02\Clothes\MiraakRobes\MiraakHelm_GND.nif,DLC02\Clothes\MiraakRobes\MiraakHelm_GND.nif
DoD,D:\Wabbajack\modlists\DoD,Diaries of Dibella - Lord's Vision,Legacy of the Dragonborn SSE,3024,LegacyoftheDragonborn.esm,D:\Wabbajack\modlists\DoD\mods\Legacy of the Dragonborn SSE\LegacyoftheDragonborn.esm,0x061A18EE,DBM_ehKAKynreeveBootsArmor,Kynreeve Boots,plugin,Heavy,Heavy,Heavy,0.0,600,10.0,Feet,37,ArmorHeavy; ArmorMaterialDaedric; ArmorBoots; VendorItemArmor; Survival_ArmorWarm,0x0006BBD2; 0x0006BBD4; 0x0006C0ED; 0x0008F959; 0x01002ED9,ArmorMaterialDaedric,ArmorBoots,VendorItemArmor,,,elleh\kynreeve armor\kalbootsgo.nif,
DoD,D:\Wabbajack\modlists\DoD,Diaries of Dibella - Lord's Vision,Legacy of the Dragonborn SSE,3024,LegacyoftheDragonborn.esm,D:\Wabbajack\modlists\DoD\mods\Legacy of the Dragonborn SSE\LegacyoftheDragonborn.esm,0x061A18EF,DBM_ehKAKynreeveTorsoArmor,Kynreeve Armor,plugin,Heavy,Heavy,Heavy,0.0,3100,50.0,Body,32,ArmorHeavy; ArmorMaterialDaedric; ArmorCuirass; VendorItemArmor; Survival_ArmorWarm,0x0006BBD2; 0x0006BBD4; 0x0006C0EC; 0x0008F959; 0x01002ED9,ArmorMaterialDaedric,ArmorCuirass,VendorItemArmor,,,elleh\kynreeve armor\kaltorsogo.nif,
DoD,D:\Wabbajack\modlists\DoD,Diaries of Dibella - Lord's Vision,Legacy of the Dragonborn SSE,3024,LegacyoftheDragonborn.esm,D:\Wabbajack\modlists\DoD\mods\Legacy of the Dragonborn SSE\LegacyoftheDragonborn.esm,0x061A18F0,DBM_ehKAKynreeveGlovesArmor,Kynreeve Gauntlets,plugin,Heavy,Heavy,Heavy,0.0,600,6.0,Hands,33,PerkFistsDaedric; ArmorHeavy; ArmorMaterialDaedric; ArmorGauntlets; VendorItemArmor; Survival_ArmorWarm,0x0002C17B; 0x0006BBD2; 0x0006BBD4; 0x0006C0EF; 0x0008F959; 0x01002ED9,ArmorMaterialDaedric,ArmorGauntlets,VendorItemArmor,,,elleh\kynreeve armor\kalglovesgo.nif,
DoD,D:\Wabbajack\modlists\DoD,Diaries of Dibella - Lord's Vision,Legacy of the Dragonborn SSE,3024,LegacyoftheDragonborn.esm,D:\Wabbajack\modlists\DoD\mods\Legacy of the Dragonborn SSE\LegacyoftheDragonborn.esm,0x061A18F1,DBM_ehKAKynreeveHelmetArmor,Kynreeve Helmet,plugin,Heavy,Heavy,Heavy,0.0,1200,15.0,Head; Hair; Circlet; Ears,30; 31; 42; 43,ArmorHeavy; ArmorMaterialDaedric; ArmorHelmet; VendorItemArmor; Survival_ArmorWarm,0x0006BBD2; 0x0006BBD4; 0x0006C0EE; 0x0008F959; 0x01002ED9,ArmorMaterialDaedric,ArmorHelmet,VendorItemArmor,,,elleh\kynreeve armor\kalhelmetgo.nif,
DoD,D:\Wabbajack\modlists\DoD,Diaries of Dibella - Lord's Vision,Legacy of the Dragonborn SSE,3024,LegacyoftheDragonborn.esm,D:\Wabbajack\modlists\DoD\mods\Legacy of the Dragonborn SSE\LegacyoftheDragonborn.esm,0x061A18F2,DBM_ehKAKynreeveHoodedHelmetArmor,Kynreeve Hooded Helmet,plugin,Heavy,Heavy,Heavy,0.0,1500,15.0,Head; Hair; Circlet; Ears,30; 31; 42; 43,ArmorHeavy; ArmorMaterialDaedric; ArmorHelmet; VendorItemArmor; Survival_ArmorWarm,0x0006BBD2; 0x0006BBD4; 0x0006C0EE; 0x0008F959; 0x01002ED9,ArmorMaterialDaedric,ArmorHelmet,VendorItemArmor,,,elleh\kynreeve armor\kalhoodedhelmetgo.nif,
DoD,D:\Wabbajack\modlists\DoD,Diaries of Dibella - Lord's Vision,Legacy of the Dragonborn SSE,3024,LegacyoftheDragonborn.esm,D:\Wabbajack\modlists\DoD\mods\Legacy of the Dragonborn SSE\LegacyoftheDragonborn.esm,0x061A18F3,DBM_ehKAKynreeveHoodArmor,Kynreeve Hood,plugin,Light,Light,Light,0.0,300,2.0,Hair; Long Hair; Circlet; Ears,31; 41; 42; 43,ArmorLight; ArmorMaterialDaedric; ArmorHelmet; VendorItemArmor; Survival_ArmorWarm,0x0006BBD3; 0x0006BBD4; 0x0006C0EE; 0x0008F959; 0x01002ED9,ArmorMaterialDaedric,ArmorHelmet,VendorItemArmor,,,elleh\kynreeve armor\kalhoodgo.nif,
DoD,D:\Wabbajack\modlists\DoD,Diaries of Dibella - Lord's Vision,Legacy of the Dragonborn SSE,3024,LegacyoftheDragonborn.esm,D:\Wabbajack\modlists\DoD\mods\Legacy of the Dragonborn SSE\LegacyoftheDragonborn.esm,0x061A18F4,DBM_ehKAKynreeveBootsLightArmor,Kynreeve Light Boots,plugin,Light,Light,Light,0.0,600,3.0,Feet,37,ArmorLight; ArmorMaterialDaedric; ArmorBoots; VendorItemArmor; Survival_ArmorWarm,0x0006BBD3; 0x0006BBD4; 0x0006C0ED; 0x0008F959; 0x01002ED9,ArmorMaterialDaedric,ArmorBoots,VendorItemArmor,,,elleh\kynreeve armor\kalbootsgo.nif,
DoD,D:\Wabbajack\modlists\DoD,Diaries of Dibella - Lord's Vision,Legacy of the Dragonborn SSE,3024,LegacyoftheDragonborn.esm,D:\Wabbajack\modlists\DoD\mods\Legacy of the Dragonborn SSE\LegacyoftheDragonborn.esm,0x061A18F5,DBM_ehKAKynreeveGlovesLightArmor,Kynreeve Light Gauntlets,plugin,Light,Light,Light,0.0,600,3.0,Hands,33,PerkFistsDaedric; ArmorLight; ArmorMaterialDaedric; ArmorGauntlets; VendorItemArmor; Survival_ArmorWarm,0x0002C17B; 0x0006BBD3; 0x0006BBD4; 0x0006C0EF; 0x0008F959; 0x01002ED9,ArmorMaterialDaedric,ArmorGauntlets,VendorItemArmor,,,elleh\kynreeve armor\kalglovesgo.nif,
DoD,D:\Wabbajack\modlists\DoD,Diaries of Dibella - Lord's Vision,Legacy of the Dragonborn SSE,3024,LegacyoftheDragonborn.esm,D:\Wabbajack\modlists\DoD\mods\Legacy of the Dragonborn SSE\LegacyoftheDragonborn.esm,0x061A18F6,DBM_ehKAKynreeveHelmetLightArmor,Kynreeve Light Helmet,plugin,Light,Light,Light,0.0,1200,4.0,Head; Hair; Circlet; Ears,30; 31; 42; 43,ArmorLight; ArmorMaterialDaedric; ArmorHelmet; VendorItemArmor; Survival_ArmorWarm,0x0006BBD3; 0x0006BBD4; 0x0006C0EE; 0x0008F959; 0x01002ED9,ArmorMaterialDaedric,ArmorHelmet,VendorItemArmor,,,elleh\kynreeve armor\kalhelmetgo.nif,
DoD,D:\Wabbajack\modlists\DoD,Diaries of Dibella - Lord's Vision,Legacy of the Dragonborn SSE,3024,LegacyoftheDragonborn.esm,D:\Wabbajack\modlists\DoD\mods\Legacy of the Dragonborn SSE\LegacyoftheDragonborn.esm,0x061A18F7,DBM_ehKAKynreeveHoodedHelmetLightArmor,Kynreeve Light Hooded Helmet,plugin,Light,Light,Light,0.0,1500,4.0,Head; Hair; Circlet; Ears,30; 31; 42; 43,ArmorLight; ArmorMaterialDaedric; ArmorHelmet; VendorItemArmor; Survival_ArmorWarm,0x0006BBD3; 0x0006BBD4; 0x0006C0EE; 0x0008F959; 0x01002ED9,ArmorMaterialDaedric,ArmorHelmet,VendorItemArmor,,,elleh\kynreeve armor\kalhoodedhelmetgo.nif,
DoD,D:\Wabbajack\modlists\DoD,Diaries of Dibella - Lord's Vision,Legacy of the Dragonborn SSE,3024,LegacyoftheDragonborn.esm,D:\Wabbajack\modlists\DoD\mods\Legacy of the Dragonborn SSE\LegacyoftheDragonborn.esm,0x061A18F8,DBM_ehKAKynreeveTorsoLightArmor,Kynreeve Light Armor,plugin,Light,Light,Light,0.0,3100,10.0,Body,32,ArmorLight; ArmorMaterialDaedric; ArmorCuirass; VendorItemArmor; Survival_ArmorWarm,0x0006BBD3; 0x0006BBD4; 0x0006C0EC; 0x0008F959; 0x01002ED9,ArmorMaterialDaedric,ArmorCuirass,VendorItemArmor,,,elleh\kynreeve armor\kaltorsogo.nif,
DoD,D:\Wabbajack\modlists\DoD,Diaries of Dibella - Lord's Vision,Legacy of the Dragonborn SSE,3024,LegacyoftheDragonborn.esm,D:\Wabbajack\modlists\DoD\mods\Legacy of the Dragonborn SSE\LegacyoftheDragonborn.esm,0x0639FCD4,DBM_AncientDaedricBoots,Ancient Daedric Lord Boots,plugin,Heavy,Heavy,Heavy,0.0,1245,12.0,Feet,37,ArmorHeavy; ArmorMaterialDaedric; ArmorBoots; VendorItemArmor; Survival_ArmorWarm,0x0006BBD2; 0x0006BBD4; 0x0006C0ED; 0x0008F959; 0x01002ED9,ArmorMaterialDaedric,ArmorBoots,VendorItemArmor,,,daedric lord armor\DaedricLordArmorBoots_gnd.nif,
DoD,D:\Wabbajack\modlists\DoD,Diaries of Dibella - Lord's Vision,Legacy of the Dragonborn SSE,3024,LegacyoftheDragonborn.esm,D:\Wabbajack\modlists\DoD\mods\Legacy of the Dragonborn SSE\LegacyoftheDragonborn.esm,0x0639FCD5,DBM_AncientDaedricCuirass,Ancient Daedric Lord Cuirass,plugin,Heavy,Heavy,Heavy,0.0,4500,55.0,Body,32,ArmorHeavy; ArmorMaterialDaedric; ArmorCuirass; VendorItemArmor; Survival_ArmorWarm,0x0006BBD2; 0x0006BBD4; 0x0006C0EC; 0x0008F959; 0x01002ED9,ArmorMaterialDaedric,ArmorCuirass,VendorItemArmor,,,daedric lord armor\DaedricLordArmorCuirass_gnd.nif,
DoD,D:\Wabbajack\modlists\DoD,Diaries of Dibella - Lord's Vision,Legacy of the Dragonborn SSE,3024,LegacyoftheDragonborn.esm,D:\Wabbajack\modlists\DoD\mods\Legacy of the Dragonborn SSE\LegacyoftheDragonborn.esm,0x0639FCD6,DBM_AncientDaedricGauntlets,Ancient Daedric Lord Gauntlets,plugin,Heavy,Heavy,Heavy,0.0,1225,8.0,Hands,33,PerkFistsDaedric; ArmorHeavy; ArmorMaterialDaedric; ArmorGauntlets; VendorItemArmor; Survival_ArmorWarm,0x0002C17B; 0x0006BBD2; 0x0006BBD4; 0x0006C0EF; 0x0008F959; 0x01002ED9,ArmorMaterialDaedric,ArmorGauntlets,VendorItemArmor,,,daedric lord armor\DaedricLordArmorGauntlets_gnd.nif,
DoD,D:\Wabbajack\modlists\DoD,Diaries of Dibella - Lord's Vision,Legacy of the Dragonborn SSE,3024,LegacyoftheDragonborn.esm,D:\Wabbajack\modlists\DoD\mods\Legacy of the Dragonborn SSE\LegacyoftheDragonborn.esm,0x0639FCD7,DBM_AncientDaedrichelm1,Ancient Daedric Face of Inspiration,plugin,Heavy,Heavy,Heavy,0.0,1600,15.0,Head; Hair; Circlet; Ears,30; 31; 42; 43,ArmorHeavy; ArmorMaterialDaedric; ArmorHelmet; VendorItemArmor; Survival_ArmorWarm,0x0006BBD2; 0x0006BBD4; 0x0006C0EE; 0x0008F959; 0x01002ED9,ArmorMaterialDaedric,ArmorHelmet,VendorItemArmor,,,daedric lord armor\DaedricLordArmorMask01_gnd.nif,
DoD,D:\Wabbajack\modlists\DoD,Diaries of Dibella - Lord's Vision,Legacy of the Dragonborn SSE,3024,LegacyoftheDragonborn.esm,D:\Wabbajack\modlists\DoD\mods\Legacy of the Dragonborn SSE\LegacyoftheDragonborn.esm,0x0639FCD8,DBM_AncientDaedrichelm2,Ancient Daedric Face of Terror,plugin,Heavy,Heavy,Heavy,0.0,1800,16.0,Head; Hair; Circlet; Ears,30; 31; 42; 43,ArmorHeavy; ArmorMaterialDaedric; ArmorHelmet; VendorItemArmor; Survival_ArmorWarm,0x0006BBD2; 0x0006BBD4; 0x0006C0EE; 0x0008F959; 0x01002ED9,ArmorMaterialDaedric,ArmorHelmet,VendorItemArmor,,,daedric lord armor\DaedricLordArmorMask02_gnd.nif,
DoD,D:\Wabbajack\modlists\DoD,Diaries of Dibella - Lord's Vision,Legacy of the Dragonborn SSE,3024,LegacyoftheDragonborn.esm,D:\Wabbajack\modlists\DoD\mods\Legacy of the Dragonborn SSE\LegacyoftheDragonborn.esm,0x064009A4,DBM_NordRelic03,Ashking Crown,plugin,Heavy,Heavy,Heavy,0.0,1200,9.0,Hair,31,ArmorHeavy; ArmorMaterialDaedric; ArmorHelmet; VendorItemArmor,0x0006BBD2; 0x0006BBD4; 0x0006C0EE; 0x0008F959,ArmorMaterialDaedric,ArmorHelmet,VendorItemArmor,,,Armor\BoneCrown\BoneCrownGO.nif,
DoD,D:\Wabbajack\modlists\DoD,Diaries of Dibella - Lord's Vision,Legacy of the Dragonborn SSE,3024,LegacyoftheDragonborn.esm,D:\Wabbajack\modlists\DoD\mods\Legacy of the Dragonborn SSE\LegacyoftheDragonborn.esm,0x0673C70D,EnchArmorDraugrHelmetResistFire03REPLICA,Ancient Helmet of the Unburned,plugin,Heavy,Heavy,Heavy,0.0,320,4.0,Hair; Circlet,31; 42,ArmorHeavy; ArmorMaterialDaedric; ArmorHelmet; VendorItemArmor,0x0006BBD2; 0x0006BBD4; 0x0006C0EE; 0x0008F959,ArmorMaterialDaedric,ArmorHelmet,VendorItemArmor,,0x00056A9E,Armor\Draugr\DraugrHelmetMale_GO.nif,Armor\Draugr\DraugrHelmetFemale_GO.nif
DoD,D:\Wabbajack\modlists\DoD,Diaries of Dibella - Lord's Vision,Legacy of the Dragonborn SSE,3024,LegacyoftheDragonborn.esm,D:\Wabbajack\modlists\DoD\mods\Legacy of the Dragonborn SSE\LegacyoftheDragonborn.esm,0x0677AE45,DBM_AncientDaedricBootsREPLICA,Ancient Daedric Lord Boots (replica),plugin,Heavy,Heavy,Heavy,0.0,250,12.0,Feet,37,ArmorHeavy; ArmorMaterialEbony; ArmorBoots; VendorItemArmor; Survival_ArmorCold,0x0006BBD2; 0x0006BBD8; 0x0006C0ED; 0x0008F959; 0x01002ED8,ArmorMaterialEbony,ArmorBoots,VendorItemArmor,,,daedric lord armor\DaedricLordArmorBoots_gnd.nif,
DoD,D:\Wabbajack\modlists\DoD,Diaries of Dibella - Lord's Vision,Legacy of the Dragonborn SSE,3024,LegacyoftheDragonborn.esm,D:\Wabbajack\modlists\DoD\mods\Legacy of the Dragonborn SSE\LegacyoftheDragonborn.esm,0x0677AE46,DBM_AncientDaedricCuirassREPLICA,Ancient Daedric Lord Cuirass (replica),plugin,Heavy,Heavy,Heavy,0.0,250,55.0,Body,32,ArmorHeavy; ArmorMaterialEbony; ArmorCuirass; VendorItemArmor; Survival_ArmorCold,0x0006BBD2; 0x0006BBD8; 0x0006C0EC; 0x0008F959; 0x01002ED8,ArmorMaterialEbony,ArmorCuirass,VendorItemArmor,,,daedric lord armor\DaedricLordArmorCuirass_gnd.nif,
DoD,D:\Wabbajack\modlists\DoD,Diaries of Dibella - Lord's Vision,Legacy of the Dragonborn SSE,3024,LegacyoftheDragonborn.esm,D:\Wabbajack\modlists\DoD\mods\Legacy of the Dragonborn SSE\LegacyoftheDragonborn.esm,0x0677AE47,DBM_AncientDaedricGauntletsREPLICA,Ancient Daedric Lord Gauntlets (replica),plugin,Heavy,Heavy,Heavy,0.0,250,8.0,Hands,33,PerkFistsDaedric; ArmorHeavy; ArmorMaterialEbony; ArmorGauntlets; VendorItemArmor; Survival_ArmorCold,0x0002C17B; 0x0006BBD2; 0x0006BBD8; 0x0006C0EF; 0x0008F959; 0x01002ED8,ArmorMaterialEbony,ArmorGauntlets,VendorItemArmor,,,daedric lord armor\DaedricLordArmorGauntlets_gnd.nif,
DoD,D:\Wabbajack\modlists\DoD,Diaries of Dibella - Lord's Vision,Legacy of the Dragonborn SSE,3024,LegacyoftheDragonborn.esm,D:\Wabbajack\modlists\DoD\mods\Legacy of the Dragonborn SSE\LegacyoftheDragonborn.esm,0x0677AE48,DBM_AncientDaedrichelm1REPLICA,Ancient Daedric Face of Inspiration (replica),plugin,Heavy,Heavy,Heavy,0.0,250,15.0,Head; Hair; Circlet; Ears,30; 31; 42; 43,ArmorHeavy; ArmorMaterialEbony; ArmorHelmet; VendorItemArmor; Survival_ArmorCold,0x0006BBD2; 0x0006BBD8; 0x0006C0EE; 0x0008F959; 0x01002ED8,ArmorMaterialEbony,ArmorHelmet,VendorItemArmor,,,daedric lord armor\DaedricLordArmorMask01_gnd.nif,
DoD,D:\Wabbajack\modlists\DoD,Diaries of Dibella - Lord's Vision,Legacy of the Dragonborn SSE,3024,LegacyoftheDragonborn.esm,D:\Wabbajack\modlists\DoD\mods\Legacy of the Dragonborn SSE\LegacyoftheDragonborn.esm,0x0677AE49,DBM_AncientDaedrichelm2REPLICA,Ancient Daedric Face of Terror (replica),plugin,Heavy,Heavy,Heavy,0.0,250,16.0,Head; Hair; Circlet; Ears,30; 31; 42; 43,ArmorHeavy; ArmorMaterialEbony; ArmorHelmet; VendorItemArmor; Survival_ArmorCold,0x0006BBD2; 0x0006BBD8; 0x0006C0EE; 0x0008F959; 0x01002ED8,ArmorMaterialEbony,ArmorHelmet,VendorItemArmor,,,daedric lord armor\DaedricLordArmorMask02_gnd.nif,
DoD,D:\Wabbajack\modlists\DoD,Diaries of Dibella - Lord's Vision,Unofficial Skyrim Special Edition Patch,3520,unofficial skyrim special edition patch.esp,D:\Wabbajack\modlists\DoD\mods\Unofficial Skyrim Special Edition Patch\unofficial skyrim special edition patch.esp,0x0002AC60,DA05HircinesRing,Ring of Hircine,plugin,Clothing,Clothing,,0.0,400,0.25,Ring,36,ArmorJewelry; VendorItemDaedricArtifact; DaedricArtifact; MagicDisallowEnchanting; ClothingRing,0x0006BBE9; 0x000917E8; 0x000A8668; 0x000C27BD; 0x0010CD09,,ClothingRing,VendorItemDaedricArtifact,0x000F8301,,Armor\AmuletsandRings\ringofhircineGO.nif,
DoD,D:\Wabbajack\modlists\DoD,Diaries of Dibella - Lord's Vision,Unofficial Skyrim Special Edition Patch,3520,unofficial skyrim special edition patch.esp,D:\Wabbajack\modlists\DoD\mods\Unofficial Skyrim Special Edition Patch\unofficial skyrim special edition patch.esp,0x0002AC61,DA05SaviorsHide,Savior's Hide,plugin,Light,Light,Light,0.0,2000,6.0,Body,32,ArmorLight; MagicDisallowEnchanting; ArmorCuirass; VendorItemDaedricArtifact; DaedricArtifact; ArmorMaterialScaled,0x0006BBD3; 0x000C27BD; 0x0006C0EC; 0x000917E8; 0x000A8668; 0x0006BBDE,ArmorMaterialScaled,ArmorCuirass,VendorItemDaedricArtifact,0x001097B7,,Armor\Savior'sHide\GO.nif,
DoD,D:\Wabbajack\modlists\DoD,Diaries of Dibella - Lord's Vision,Unofficial Skyrim Special Edition Patch,3520,unofficial skyrim special edition patch.esp,D:\Wabbajack\modlists\DoD\mods\Unofficial Skyrim Special Edition Patch\unofficial skyrim special edition patch.esp,0x0002C37B,DA11RingofNamira,Ring of Namira,plugin,Clothing,Clothing,,0.0,500,0.25,Ring,36,ArmorJewelry; VendorItemDaedricArtifact; DaedricArtifact; MagicDisallowEnchanting; ClothingRing,0x0006BBE9; 0x000917E8; 0x000A8668; 0x000C27BD; 0x0010CD09,,ClothingRing,VendorItemDaedricArtifact,0x00091AE8,,Armor\AmuletsandRings\ringofnamiraGO.nif,
DoD,D:\Wabbajack\modlists\DoD,Diaries of Dibella - Lord's Vision,Unofficial Skyrim Special Edition Patch,3520,unofficial skyrim special edition patch.esp,D:\Wabbajack\modlists\DoD\mods\Unofficial Skyrim Special Edition Patch\unofficial skyrim special edition patch.esp,0x00045F96,DA13Spellbreaker,Spellbreaker,plugin,Heavy,Heavy,,0.0,225,12.0,Shield,39,ArmorMaterialDwarven; VendorItemDaedricArtifact; ArmorShield; DaedricArtifact; MagicDisallowEnchanting,0x0006BBD7; 0x000917E8; 0x000965B2; 0x000A8668; 0x000C27BD,ArmorMaterialDwarven,ArmorShield,VendorItemDaedricArtifact,0x000C51F7,,Armor\Spellbreaker\Spellbreaker.nif,
DoD,D:\Wabbajack\modlists\DoD,Diaries of Dibella - Lord's Vision,Unofficial Skyrim Special Edition Patch,3520,unofficial skyrim special edition patch.esp,D:\Wabbajack\modlists\DoD\mods\Unofficial Skyrim Special Edition Patch\unofficial skyrim special edition patch.esp,0x00061C8B,ArmorDragonPriestMaskMoonstoneHelmet,Morokei,plugin,Light,Light,Light,0.0,320,4.0,Head; Circlet,30; 42,MagicDisallowEnchanting; ArmorMaterialDaedric; ArmorHelmet; VendorItemArmor; ArmorLight,0x000C27BD; 0x0006BBD4; 0x0006C0EE; 0x0008F959; 0x0006BBD3,ArmorMaterialDaedric,ArmorHelmet,VendorItemArmor,0x0001729E,,Armor\DragonPriestHelms\Dragonhelm_Moonstone_GO.nif,
DoD,D:\Wabbajack\modlists\DoD,Diaries of Dibella - Lord's Vision,Unofficial Skyrim Special Edition Patch,3520,unofficial skyrim special edition patch.esp,D:\Wabbajack\modlists\DoD\mods\Unofficial Skyrim Special Edition Patch\unofficial skyrim special edition patch.esp,0x00061CA5,ArmorDragonPriestMaskEbonyHelmet,Nahkriin,plugin,Heavy,Heavy,Heavy,0.0,320,9.0,Head; Circlet,30; 42,ArmorHeavy; ArmorMaterialDaedric; ArmorHelmet; VendorItemArmor; MagicDisallowEnchanting,0x0006BBD2; 0x0006BBD4; 0x0006C0EE; 0x0008F959; 0x000C27BD,ArmorMaterialDaedric,ArmorHelmet,VendorItemArmor,0x000F8460,,Armor\DragonPriestHelms\Dragonhelm_Ebony_GO.nif,
DoD,D:\Wabbajack\modlists\DoD,Diaries of Dibella - Lord's Vision,Unofficial Skyrim Special Edition Patch,3520,unofficial skyrim special edition patch.esp,D:\Wabbajack\modlists\DoD\mods\Unofficial Skyrim Special Edition Patch\unofficial skyrim special edition patch.esp,0x00061CAB,ArmorDragonPriestMaskCorondrumHelmet,Volsung,plugin,Light,Light,Light,0.0,320,5.0,Head; Circlet,30; 42,ArmorLight; ArmorMaterialDaedric; ArmorHelmet; VendorItemArmor; MagicDisallowEnchanting,0x0006BBD3; 0x0006BBD4; 0x0006C0EE; 0x0008F959; 0x000C27BD,ArmorMaterialDaedric,ArmorHelmet,VendorItemArmor,0x000F8464,,Armor\DragonPriestHelms\Dragonhelm_Corondrum_GO.nif,
DoD,D:\Wabbajack\modlists\DoD,Diaries of Dibella - Lord's Vision,Unofficial Skyrim Special Edition Patch,3520,unofficial skyrim special edition patch.esp,D:\Wabbajack\modlists\DoD\mods\Unofficial Skyrim Special Edition Patch\unofficial skyrim special edition patch.esp,0x00061CC1,ArmorDragonPriestMaskIronHelmet,Hevnoraak,plugin,Heavy,Heavy,Heavy,0.0,320,9.0,Head; Circlet,30; 42,ArmorHeavy; ArmorMaterialDaedric; ArmorHelmet; VendorItemArmor; MagicDisallowEnchanting,0x0006BBD2; 0x0006BBD4; 0x0006C0EE; 0x0008F959; 0x000C27BD,ArmorMaterialDaedric,ArmorHelmet,VendorItemArmor,0x0001729C,,Armor\DragonPriestHelms\Dragonhelm_Iron_GO.nif,
DoD,D:\Wabbajack\modlists\DoD,Diaries of Dibella - Lord's Vision,Unofficial Skyrim Special Edition Patch,3520,unofficial skyrim special edition patch.esp,D:\Wabbajack\modlists\DoD\mods\Unofficial Skyrim Special Edition Patch\unofficial skyrim special edition patch.esp,0x00061CC2,ArmorDragonPriestMaskMarbleHelmet,Otar,plugin,Heavy,Heavy,Heavy,0.0,320,9.0,Head; Circlet,30; 42,ArmorHeavy; ArmorMaterialDaedric; ArmorHelmet; VendorItemArmor; MagicDisallowEnchanting,0x0006BBD2; 0x0006BBD4; 0x0006C0EE; 0x0008F959; 0x000C27BD,ArmorMaterialDaedric,ArmorHelmet,VendorItemArmor,0x000F8462,,Armor\DragonPriestHelms\Dragonhelm_Marble_GO.nif,
DoD,D:\Wabbajack\modlists\DoD,Diaries of Dibella - Lord's Vision,Unofficial Skyrim Special Edition Patch,3520,unofficial skyrim special edition patch.esp,D:\Wabbajack\modlists\DoD\mods\Unofficial Skyrim Special Edition Patch\unofficial skyrim special edition patch.esp,0x00061CC9,ArmorDragonPriestMaskSteelHelmet,Vokun,plugin,Heavy,Heavy,Heavy,0.0,320,9.0,Head; Circlet,30; 42,ArmorHeavy; ArmorMaterialDaedric; ArmorHelmet; VendorItemArmor; MagicDisallowEnchanting,0x0006BBD2; 0x0006BBD4; 0x0006C0EE; 0x0008F959; 0x000C27BD,ArmorMaterialDaedric,ArmorHelmet,VendorItemArmor,0x000F8463,,Armor\DragonPriestHelms\Dragonhelm_Steel_GO.nif,
DoD,D:\Wabbajack\modlists\DoD,Diaries of Dibella - Lord's Vision,Unofficial Skyrim Special Edition Patch,3520,unofficial skyrim special edition patch.esp,D:\Wabbajack\modlists\DoD\mods\Unofficial Skyrim Special Edition Patch\unofficial skyrim special edition patch.esp,0x00061CD6,ArmorDragonPriestMaskUltraHelmet,Konahrik,plugin,Heavy,Heavy,Heavy,0.0,3200,7.0,Head; Circlet,30; 42,ArmorHeavy; ArmorMaterialDaedric; ArmorHelmet; VendorItemArmor; MagicDisallowEnchanting,0x0006BBD2; 0x0006BBD4; 0x0006C0EE; 0x0008F959; 0x000C27BD,ArmorMaterialDaedric,ArmorHelmet,VendorItemArmor,0x000F8461,,Armor\DragonPriestHelms\Dragonhelm_Ultra_GO.nif,
DoD,D:\Wabbajack\modlists\DoD,Diaries of Dibella - Lord's Vision,Unofficial Skyrim Special Edition Patch,3520,unofficial skyrim special edition patch.esp,D:\Wabbajack\modlists\DoD\mods\Unofficial Skyrim Special Edition Patch\unofficial skyrim special edition patch.esp,0x000D2846,ClavicusVileMask,Masque of Clavicus Vile,plugin,Heavy,Heavy,Heavy,0.0,150,7.0,Head; Hair; Circlet; Ears,30; 31; 42; 43,ArmorHeavy; MagicDisallowEnchanting; ArmorHelmet; VendorItemArmor; ArmorMaterialDaedric; VendorItemDaedricArtifact; DaedricArtifact,0x0006BBD2; 0x000C27BD; 0x0006C0EE; 0x0008F959; 0x0006BBD4; 0x000917E8; 0x000A8668,ArmorMaterialDaedric,ArmorHelmet,VendorItemArmor; VendorItemDaedricArtifact,0x0010660A,,Clothes\ClavicusVileMask\ClavicusVileMaskGND.nif,Clothes\ClavicusVileMask\ClavicusVileMaskGND.nif
DoD,D:\Wabbajack\modlists\DoD,Diaries of Dibella - Lord's Vision,Unofficial Skyrim Special Edition Patch,3520,unofficial skyrim special edition patch.esp,D:\Wabbajack\modlists\DoD\mods\Unofficial Skyrim Special Edition Patch\unofficial skyrim special edition patch.esp,0x000D7AE6,EnchArmorDaedricHelmetMagicka06,Daedric Helmet of Peerless Magicka,plugin,Heavy,Heavy,Heavy,0.0,1600,15.0,Head; Hair; Circlet; Ears,30; 31; 42; 43,ArmorHeavy; ArmorMaterialDaedric; ArmorHelmet; VendorItemArmor; Survival_ArmorWarm,0x0006BBD2; 0x0006BBD4; 0x0006C0EE; 0x0008F959; 0x01002ED9,ArmorMaterialDaedric,ArmorHelmet,VendorItemArmor,0x000B7A33,0x0001396D,Armor\Daedric\DaedricHelmetGO.nif,
DoD,D:\Wabbajack\modlists\DoD,Diaries of Dibella - Lord's Vision,Unofficial Skyrim Special Edition Patch,3520,unofficial skyrim special edition patch.esp,D:\Wabbajack\modlists\DoD\mods\Unofficial Skyrim Special Edition Patch\unofficial skyrim special edition patch.esp,0x000F82FE,DA05HircinesRingCursed,Cursed Ring of Hircine,plugin,Clothing,Clothing,,0.0,50,0.25,Ring,36,ArmorJewelry; VendorItemDaedricArtifact; DaedricArtifact; MagicDisallowEnchanting; ClothingRing,0x0006BBE9; 0x000917E8; 0x000A8668; 0x000C27BD; 0x0010CD09,,ClothingRing,VendorItemDaedricArtifact,,,Armor\AmuletsandRings\ringofhircineGO.nif,
DoD,D:\Wabbajack\modlists\DoD,Diaries of Dibella - Lord's Vision,Unofficial Skyrim Special Edition Patch,3520,unofficial skyrim special edition patch.esp,D:\Wabbajack\modlists\DoD\mods\Unofficial Skyrim Special Edition Patch\unofficial skyrim special edition patch.esp,0x0010DFA3,EnchArmorDaedricShieldResistMagic06,Daedric Shield of Nullification,plugin,Heavy,Heavy,,0.0,1600,15.0,Shield,39,ArmorMaterialDaedric; VendorItemArmor; ArmorShield,0x0006BBD4; 0x0008F959; 0x000965B2,ArmorMaterialDaedric,ArmorShield,VendorItemArmor,0x000FC060,0x0001396E,Armor\Daedric\DaedricShield.nif,
DoD,D:\Wabbajack\modlists\DoD,Diaries of Dibella - Lord's Vision,Unofficial Skyrim Special Edition Patch,3520,unofficial skyrim special edition patch.esp,D:\Wabbajack\modlists\DoD\mods\Unofficial Skyrim Special Edition Patch\unofficial skyrim special edition patch.esp,0x0200284D,DLC1ArmorAurielsShield,Auriel's Shield,plugin,Heavy,Heavy,,0.0,750,14.0,Shield,39,ArmorMaterialMoonstone; VendorItemDaedricArtifact; ArmorShield; DaedricArtifact; MagicDisallowEnchanting,0x0006BBD9; 0x000917E8; 0x000965B2; 0x000A8668; 0x000C27BD,ArmorMaterialMoonstone,ArmorShield,VendorItemDaedricArtifact,0x0200488B,,DLC01\Armor\Auriel\aurielsshield.nif,
DoD,D:\Wabbajack\modlists\DoD,Diaries of Dibella - Lord's Vision,Unofficial Skyrim Special Edition Patch,3520,unofficial skyrim special edition patch.esp,D:\Wabbajack\modlists\DoD\mods\Unofficial Skyrim Special Edition Patch\unofficial skyrim special edition patch.esp,0x04039FA1,DLC2MKMiraakMask1H,Miraak,plugin,Heavy,Heavy,Heavy,0.0,100,9.0,Head; Circlet,30; 42,ArmorHeavy; ArmorMaterialDaedric; ArmorHelmet; VendorItemArmor; MagicDisallowEnchanting,0x0006BBD2; 0x0006BBD4; 0x0006C0EE; 0x0008F959; 0x000C27BD,ArmorMaterialDaedric,ArmorHelmet,VendorItemArmor,0x000B7A31,,DLC02\Clothes\MiraakRobes\MiraakHelm_GND.nif,DLC02\Clothes\MiraakRobes\MiraakHelm_GND.nif
DoD,D:\Wabbajack\modlists\DoD,Diaries of Dibella - Lord's Vision,Unofficial Skyrim Special Edition Patch,3520,unofficial skyrim special edition patch.esp,D:\Wabbajack\modlists\DoD\mods\Unofficial Skyrim Special Edition Patch\unofficial skyrim special edition patch.esp,0x05000B94,ccBGSSSE001_ArtifactRingKhajiit,Ring of Khajiit,plugin,Clothing,Clothing,,0.0,650,0.25,Ring,36,ArmorJewelry; VendorItemJewelry; VendorItemDaedricArtifact; DaedricArtifact; MagicDisallowEnchanting; ClothingRing,0x0006BBE9; 0x0008F95A; 0x000917E8; 0x000A8668; 0x000C27BD; 0x0010CD09,,ClothingRing,VendorItemJewelry; VendorItemDaedricArtifact,0x05000BFF,,Armor\amuletsandrings\ringofkhajitgo.nif,
